MCD12Q2.A2001001.h09v04.061.2022073200752.Dormancy.Num_Modes_01,MCD12Q2,A2001001,Lat46.4089Lon-119.275Samp1Line1,2022073200752,Dormancy.Num_Modes_01,32767
MCD12Q2.A2001001.h09v04.061.2022073200752.Dormancy.Num_Modes_02,MCD12Q2,A2001001,Lat46.4089Lon-119.275Samp1Line1,2022073200752,Dormancy.Num_Modes_02,32767
MCD12Q2.A2001001.h09v04.061.2022073200752.Greenup.Num_Modes_01,MCD12Q2,A2001001,Lat46.4089Lon-119.275Samp1Line1,2022073200752,Greenup.Num_Modes_01,32767
MCD12Q2.A2001001.h09v04.061.2022073200752.Greenup.Num_Modes_02,MCD12Q2,A2001001,Lat46.4089Lon-119.275Samp1Line1,2022073200752,Greenup.Num_Modes_02,32767
MCD12Q2.A2001001.h09v04.061.2022073200752.Maturity.Num_Modes_01,MCD12Q2,A2001001,Lat46.4089Lon-119.275Samp1Line1,2022073200752,Maturity.Num_Modes_01,32767
MCD12Q2.A2001001.h09v04.061.2022073200752.Maturity.Num_Modes_02,MCD12Q2,A2001001,Lat46.4089Lon-119.275Samp1Line1,2022073200752,Maturity.Num_Modes_02,32767
MCD12Q2.A2001001.h09v04.061.2022073200752.MidGreendown.Num_Modes_01,MCD12Q2,A2001001,Lat46.4089Lon-119.275Samp1Line1,2022073200752,MidGreendown.Num_Modes_01,32767
MCD12Q2.A2001001.h09v04.061.2022073200752.MidGreendown.Num_Modes_02,MCD12Q2,A2001001,Lat46.4089Lon-119.275Samp1Line1,2022073200752,MidGreendown.Num_Modes_02,32767
MCD12Q2.A2001001.h09v04.061.2022073200752.MidGreenup.Num_Modes_01,MCD12Q2,A2001001,Lat46.4089Lon-119.275Samp1Line1,2022073200752,MidGreenup.Num_Modes_01,32767
MCD12Q2.A2001001.h09v04.061.2022073200752.MidGreenup.Num_Modes_02,MCD12Q2,A2001001,Lat46.4089Lon-119.275Samp1Line1,2022073200752,MidGreenup.Num_Modes_02,32767
MCD12Q2.A2001001.h09v04.061.2022073200752.Peak.Num_Modes_01,MCD12Q2,A2001001,Lat46.4089Lon-119.275Samp1Line1,2022073200752,Peak.Num_Modes_01,32767
MCD12Q2.A2001001.h09v04.061.2022073200752.Peak.Num_Modes_02,MCD12Q2,A2001001,Lat46.4089Lon-119.275Samp1Line1,2022073200752,Peak.Num_Modes_02,32767
MCD12Q2.A2001001.h09v04.061.2022073200752.Senescence.Num_Modes_01,MCD12Q2,A2001001,Lat46.4089Lon-119.275Samp1Line1,2022073200752,Senescence.Num_Modes_01,32767
MCD12Q2.A2001001.h09v04.061.2022073200752.Senescence.Num_Modes_02,MCD12Q2,A2001001,Lat46.4089Lon-119.275Samp1Line1,2022073200752,Senescence.Num_Modes_02,32767
MCD12Q2.A2001001.h09v04.061.2022073200752.EVI_Amplitude.Num_Modes_01,MCD12Q2,A2001001,Lat46.4089Lon-119.275Samp1Line1,2022073200752,EVI_Amplitude.Num_Modes_01,32767
MCD12Q2.A2001001.h09v04.061.2022073200752.EVI_Amplitude.Num_Modes_02,MCD12Q2,A2001001,Lat46.4089Lon-119.275Samp1Line1,2022073200752,EVI_Amplitude.Num_Modes_02,32767
MCD12Q2.A2001001.h09v04.061.2022073200752.EVI_Area.Num_Modes_01,MCD12Q2,A2001001,Lat46.4089Lon-119.275Samp1Line1,2022073200752,EVI_Area.Num_Modes_01,32767
MCD12Q2.A2001001.h09v04.061.2022073200752.EVI_Area.Num_Modes_02,MCD12Q2,A2001001,Lat46.4089Lon-119.275Samp1Line1,2022073200752,EVI_Area.Num_Modes_02,32767
MCD12Q2.A2001001.h09v04.061.2022073200752.EVI_Minimum.Num_Modes_01,MCD12Q2,A2001001,Lat46.4089Lon-119.275Samp1Line1,2022073200752,EVI_Minimum.Num_Modes_01,32767
MCD12Q2.A2001001.h09v04.061.2022073200752.EVI_Minimum.Num_Modes_02,MCD12Q2,A2001001,Lat46.4089Lon-119.275Samp1Line1,2022073200752,EVI_Minimum.Num_Modes_02,32767
MCD12Q2.A2001001.h09v04.061.2022073200752.QA_Detailed.Num_Modes_01,MCD12Q2,A2001001,Lat46.4089Lon-119.275Samp1Line1,2022073200752,QA_Detailed.Num_Modes_01,32767
MCD12Q2.A2001001.h09v04.061.2022073200752.QA_Detailed.Num_Modes_02,MCD12Q2,A2001001,Lat46.4089Lon-119.275Samp1Line1,2022073200752,QA_Detailed.Num_Modes_02,32767
MCD12Q2.A2001001.h09v04.061.2022073200752.QA_Overall.Num_Modes_01,MCD12Q2,A2001001,Lat46.4089Lon-119.275Samp1Line1,2022073200752,QA_Overall.Num_Modes_01,32767
MCD12Q2.A2001001.h09v04.061.2022073200752.QA_Overall.Num_Modes_02,MCD12Q2,A2001001,Lat46.4089Lon-119.275Samp1Line1,2022073200752,QA_Overall.Num_Modes_02,32767
MCD12Q2.A2001001.h09v04.061.2022073200752.NumCycles,MCD12Q2,A2001001,Lat46.4089Lon-119.275Samp1Line1,2022073200752,NumCycles,32767
MCD12Q2.A2002001.h09v04.061.2022075064937.Dormancy.Num_Modes_01,MCD12Q2,A2002001,Lat46.4089Lon-119.275Samp1Line1,2022075064937,Dormancy.Num_Modes_01,32767
MCD12Q2.A2002001.h09v04.061.2022075064937.Dormancy.Num_Modes_02,MCD12Q2,A2002001,Lat46.4089Lon-119.275Samp1Line1,2022075064937,Dormancy.Num_Modes_02,32767
MCD12Q2.A2002001.h09v04.061.2022075064937.Greenup.Num_Modes_01,MCD12Q2,A2002001,Lat46.4089Lon-119.275Samp1Line1,2022075064937,Greenup.Num_Modes_01,32767
MCD12Q2.A2002001.h09v04.061.2022075064937.Greenup.Num_Modes_02,MCD12Q2,A2002001,Lat46.4089Lon-119.275Samp1Line1,2022075064937,Greenup.Num_Modes_02,32767
MCD12Q2.A2002001.h09v04.061.2022075064937.Maturity.Num_Modes_01,MCD12Q2,A2002001,Lat46.4089Lon-119.275Samp1Line1,2022075064937,Maturity.Num_Modes_01,32767
MCD12Q2.A2002001.h09v04.061.2022075064937.Maturity.Num_Modes_02,MCD12Q2,A2002001,Lat46.4089Lon-119.275Samp1Line1,2022075064937,Maturity.Num_Modes_02,32767
MCD12Q2.A2002001.h09v04.061.2022075064937.MidGreendown.Num_Modes_01,MCD12Q2,A2002001,Lat46.4089Lon-119.275Samp1Line1,2022075064937,MidGreendown.Num_Modes_01,32767
MCD12Q2.A2002001.h09v04.061.2022075064937.MidGreendown.Num_Modes_02,MCD12Q2,A2002001,Lat46.4089Lon-119.275Samp1Line1,2022075064937,MidGreendown.Num_Modes_02,32767
MCD12Q2.A2002001.h09v04.061.2022075064937.MidGreenup.Num_Modes_01,MCD12Q2,A2002001,Lat46.4089Lon-119.275Samp1Line1,2022075064937,MidGreenup.Num_Modes_01,32767
MCD12Q2.A2002001.h09v04.061.2022075064937.MidGreenup.Num_Modes_02,MCD12Q2,A2002001,Lat46.4089Lon-119.275Samp1Line1,2022075064937,MidGreenup.Num_Modes_02,32767
MCD12Q2.A2002001.h09v04.061.2022075064937.Peak.Num_Modes_01,MCD12Q2,A2002001,Lat46.4089Lon-119.275Samp1Line1,2022075064937,Peak.Num_Modes_01,32767
MCD12Q2.A2002001.h09v04.061.2022075064937.Peak.Num_Modes_02,MCD12Q2,A2002001,Lat46.4089Lon-119.275Samp1Line1,2022075064937,Peak.Num_Modes_02,32767
MCD12Q2.A2002001.h09v04.061.2022075064937.Senescence.Num_Modes_01,MCD12Q2,A2002001,Lat46.4089Lon-119.275Samp1Line1,2022075064937,Senescence.Num_Modes_01,32767
MCD12Q2.A2002001.h09v04.061.2022075064937.Senescence.Num_Modes_02,MCD12Q2,A2002001,Lat46.4089Lon-119.275Samp1Line1,2022075064937,Senescence.Num_Modes_02,32767
MCD12Q2.A2002001.h09v04.061.2022075064937.EVI_Amplitude.Num_Modes_01,MCD12Q2,A2002001,Lat46.4089Lon-119.275Samp1Line1,2022075064937,EVI_Amplitude.Num_Modes_01,32767
MCD12Q2.A2002001.h09v04.061.2022075064937.EVI_Amplitude.Num_Modes_02,MCD12Q2,A2002001,Lat46.4089Lon-119.275Samp1Line1,2022075064937,EVI_Amplitude.Num_Modes_02,32767
MCD12Q2.A2002001.h09v04.061.2022075064937.EVI_Area.Num_Modes_01,MCD12Q2,A2002001,Lat46.4089Lon-119.275Samp1Line1,2022075064937,EVI_Area.Num_Modes_01,32767
MCD12Q2.A2002001.h09v04.061.2022075064937.EVI_Area.Num_Modes_02,MCD12Q2,A2002001,Lat46.4089Lon-119.275Samp1Line1,2022075064937,EVI_Area.Num_Modes_02,32767
MCD12Q2.A2002001.h09v04.061.2022075064937.EVI_Minimum.Num_Modes_01,MCD12Q2,A2002001,Lat46.4089Lon-119.275Samp1Line1,2022075064937,EVI_Minimum.Num_Modes_01,32767
MCD12Q2.A2002001.h09v04.061.2022075064937.EVI_Minimum.Num_Modes_02,MCD12Q2,A2002001,Lat46.4089Lon-119.275Samp1Line1,2022075064937,EVI_Minimum.Num_Modes_02,32767
MCD12Q2.A2002001.h09v04.061.2022075064937.QA_Detailed.Num_Modes_01,MCD12Q2,A2002001,Lat46.4089Lon-119.275Samp1Line1,2022075064937,QA_Detailed.Num_Modes_01,32767
MCD12Q2.A2002001.h09v04.061.2022075064937.QA_Detailed.Num_Modes_02,MCD12Q2,A2002001,Lat46.4089Lon-119.275Samp1Line1,2022075064937,QA_Detailed.Num_Modes_02,32767
MCD12Q2.A2002001.h09v04.061.2022075064937.QA_Overall.Num_Modes_01,MCD12Q2,A2002001,Lat46.4089Lon-119.275Samp1Line1,2022075064937,QA_Overall.Num_Modes_01,32767
MCD12Q2.A2002001.h09v04.061.2022075064937.QA_Overall.Num_Modes_02,MCD12Q2,A2002001,Lat46.4089Lon-119.275Samp1Line1,2022075064937,QA_Overall.Num_Modes_02,32767
MCD12Q2.A2002001.h09v04.061.2022075064937.NumCycles,MCD12Q2,A2002001,Lat46.4089Lon-119.275Samp1Line1,2022075064937,NumCycles,32767
MCD12Q2.A2003001.h09v04.061.2022078095443.Dormancy.Num_Modes_01,MCD12Q2,A2003001,Lat46.4089Lon-119.275Samp1Line1,2022078095443,Dormancy.Num_Modes_01,32767
MCD12Q2.A2003001.h09v04.061.2022078095443.Dormancy.Num_Modes_02,MCD12Q2,A2003001,Lat46.4089Lon-119.275Samp1Line1,2022078095443,Dormancy.Num_Modes_02,32767
MCD12Q2.A2003001.h09v04.061.2022078095443.Greenup.Num_Modes_01,MCD12Q2,A2003001,Lat46.4089Lon-119.275Samp1Line1,2022078095443,Greenup.Num_Modes_01,32767
MCD12Q2.A2003001.h09v04.061.2022078095443.Greenup.Num_Modes_02,MCD12Q2,A2003001,Lat46.4089Lon-119.275Samp1Line1,2022078095443,Greenup.Num_Modes_02,32767
MCD12Q2.A2003001.h09v04.061.2022078095443.Maturity.Num_Modes_01,MCD12Q2,A2003001,Lat46.4089Lon-119.275Samp1Line1,2022078095443,Maturity.Num_Modes_01,32767
MCD12Q2.A2003001.h09v04.061.2022078095443.Maturity.Num_Modes_02,MCD12Q2,A2003001,Lat46.4089Lon-119.275Samp1Line1,2022078095443,Maturity.Num_Modes_02,32767
MCD12Q2.A2003001.h09v04.061.2022078095443.MidGreendown.Num_Modes_01,MCD12Q2,A2003001,Lat46.4089Lon-119.275Samp1Line1,2022078095443,MidGreendown.Num_Modes_01,32767
MCD12Q2.A2003001.h09v04.061.2022078095443.MidGreendown.Num_Modes_02,MCD12Q2,A2003001,Lat46.4089Lon-119.275Samp1Line1,2022078095443,MidGreendown.Num_Modes_02,32767
MCD12Q2.A2003001.h09v04.061.2022078095443.MidGreenup.Num_Modes_01,MCD12Q2,A2003001,Lat46.4089Lon-119.275Samp1Line1,2022078095443,MidGreenup.Num_Modes_01,32767
MCD12Q2.A2003001.h09v04.061.2022078095443.MidGreenup.Num_Modes_02,MCD12Q2,A2003001,Lat46.4089Lon-119.275Samp1Line1,2022078095443,MidGreenup.Num_Modes_02,32767
MCD12Q2.A2003001.h09v04.061.2022078095443.Peak.Num_Modes_01,MCD12Q2,A2003001,Lat46.4089Lon-119.275Samp1Line1,2022078095443,Peak.Num_Modes_01,32767
MCD12Q2.A2003001.h09v04.061.2022078095443.Peak.Num_Modes_02,MCD12Q2,A2003001,Lat46.4089Lon-119.275Samp1Line1,2022078095443,Peak.Num_Modes_02,32767
MCD12Q2.A2003001.h09v04.061.2022078095443.Senescence.Num_Modes_01,MCD12Q2,A2003001,Lat46.4089Lon-119.275Samp1Line1,2022078095443,Senescence.Num_Modes_01,32767
MCD12Q2.A2003001.h09v04.061.2022078095443.Senescence.Num_Modes_02,MCD12Q2,A2003001,Lat46.4089Lon-119.275Samp1Line1,2022078095443,Senescence.Num_Modes_02,32767
MCD12Q2.A2003001.h09v04.061.2022078095443.EVI_Amplitude.Num_Modes_01,MCD12Q2,A2003001,Lat46.4089Lon-119.275Samp1Line1,2022078095443,EVI_Amplitude.Num_Modes_01,32767
MCD12Q2.A2003001.h09v04.061.2022078095443.EVI_Amplitude.Num_Modes_02,MCD12Q2,A2003001,Lat46.4089Lon-119.275Samp1Line1,2022078095443,EVI_Amplitude.Num_Modes_02,32767
MCD12Q2.A2003001.h09v04.061.2022078095443.EVI_Area.Num_Modes_01,MCD12Q2,A2003001,Lat46.4089Lon-119.275Samp1Line1,2022078095443,EVI_Area.Num_Modes_01,32767
MCD12Q2.A2003001.h09v04.061.2022078095443.EVI_Area.Num_Modes_02,MCD12Q2,A2003001,Lat46.4089Lon-119.275Samp1Line1,2022078095443,EVI_Area.Num_Modes_02,32767
MCD12Q2.A2003001.h09v04.061.2022078095443.EVI_Minimum.Num_Modes_01,MCD12Q2,A2003001,Lat46.4089Lon-119.275Samp1Line1,2022078095443,EVI_Minimum.Num_Modes_01,32767
MCD12Q2.A2003001.h09v04.061.2022078095443.EVI_Minimum.Num_Modes_02,MCD12Q2,A2003001,Lat46.4089Lon-119.275Samp1Line1,2022078095443,EVI_Minimum.Num_Modes_02,32767
MCD12Q2.A2003001.h09v04.061.2022078095443.QA_Detailed.Num_Modes_01,MCD12Q2,A2003001,Lat46.4089Lon-119.275Samp1Line1,2022078095443,QA_Detailed.Num_Modes_01,32767
MCD12Q2.A2003001.h09v04.061.2022078095443.QA_Detailed.Num_Modes_02,MCD12Q2,A2003001,Lat46.4089Lon-119.275Samp1Line1,2022078095443,QA_Detailed.Num_Modes_02,32767
MCD12Q2.A2003001.h09v04.061.2022078095443.QA_Overall.Num_Modes_01,MCD12Q2,A2003001,Lat46.4089Lon-119.275Samp1Line1,2022078095443,QA_Overall.Num_Modes_01,32767
MCD12Q2.A2003001.h09v04.061.2022078095443.QA_Overall.Num_Modes_02,MCD12Q2,A2003001,Lat46.4089Lon-119.275Samp1Line1,2022078095443,QA_Overall.Num_Modes_02,32767
MCD12Q2.A2003001.h09v04.061.2022078095443.NumCycles,MCD12Q2,A2003001,Lat46.4089Lon-119.275Samp1Line1,2022078095443,NumCycles,32767
MCD12Q2.A2004001.h09v04.061.2022081131423.Dormancy.Num_Modes_01,MCD12Q2,A2004001,Lat46.4089Lon-119.275Samp1Line1,2022081131423,Dormancy.Num_Modes_01,32767
MCD12Q2.A2004001.h09v04.061.2022081131423.Dormancy.Num_Modes_02,MCD12Q2,A2004001,Lat46.4089Lon-119.275Samp1Line1,2022081131423,Dormancy.Num_Modes_02,32767
MCD12Q2.A2004001.h09v04.061.2022081131423.Greenup.Num_Modes_01,MCD12Q2,A2004001,Lat46.4089Lon-119.275Samp1Line1,2022081131423,Greenup.Num_Modes_01,32767
MCD12Q2.A2004001.h09v04.061.2022081131423.Greenup.Num_Modes_02,MCD12Q2,A2004001,Lat46.4089Lon-119.275Samp1Line1,2022081131423,Greenup.Num_Modes_02,32767
MCD12Q2.A2004001.h09v04.061.2022081131423.Maturity.Num_Modes_01,MCD12Q2,A2004001,Lat46.4089Lon-119.275Samp1Line1,2022081131423,Maturity.Num_Modes_01,32767
MCD12Q2.A2004001.h09v04.061.2022081131423.Maturity.Num_Modes_02,MCD12Q2,A2004001,Lat46.4089Lon-119.275Samp1Line1,2022081131423,Maturity.Num_Modes_02,32767
MCD12Q2.A2004001.h09v04.061.2022081131423.MidGreendown.Num_Modes_01,MCD12Q2,A2004001,Lat46.4089Lon-119.275Samp1Line1,2022081131423,MidGreendown.Num_Modes_01,32767
MCD12Q2.A2004001.h09v04.061.2022081131423.MidGreendown.Num_Modes_02,MCD12Q2,A2004001,Lat46.4089Lon-119.275Samp1Line1,2022081131423,MidGreendown.Num_Modes_02,32767
MCD12Q2.A2004001.h09v04.061.2022081131423.MidGreenup.Num_Modes_01,MCD12Q2,A2004001,Lat46.4089Lon-119.275Samp1Line1,2022081131423,MidGreenup.Num_Modes_01,32767
MCD12Q2.A2004001.h09v04.061.2022081131423.MidGreenup.Num_Modes_02,MCD12Q2,A2004001,Lat46.4089Lon-119.275Samp1Line1,2022081131423,MidGreenup.Num_Modes_02,32767
MCD12Q2.A2004001.h09v04.061.2022081131423.Peak.Num_Modes_01,MCD12Q2,A2004001,Lat46.4089Lon-119.275Samp1Line1,2022081131423,Peak.Num_Modes_01,32767
MCD12Q2.A2004001.h09v04.061.2022081131423.Peak.Num_Modes_02,MCD12Q2,A2004001,Lat46.4089Lon-119.275Samp1Line1,2022081131423,Peak.Num_Modes_02,32767
MCD12Q2.A2004001.h09v04.061.2022081131423.Senescence.Num_Modes_01,MCD12Q2,A2004001,Lat46.4089Lon-119.275Samp1Line1,2022081131423,Senescence.Num_Modes_01,32767
MCD12Q2.A2004001.h09v04.061.2022081131423.Senescence.Num_Modes_02,MCD12Q2,A2004001,Lat46.4089Lon-119.275Samp1Line1,2022081131423,Senescence.Num_Modes_02,32767
MCD12Q2.A2004001.h09v04.061.2022081131423.EVI_Amplitude.Num_Modes_01,MCD12Q2,A2004001,Lat46.4089Lon-119.275Samp1Line1,2022081131423,EVI_Amplitude.Num_Modes_01,32767
MCD12Q2.A2004001.h09v04.061.2022081131423.EVI_Amplitude.Num_Modes_02,MCD12Q2,A2004001,Lat46.4089Lon-119.275Samp1Line1,2022081131423,EVI_Amplitude.Num_Modes_02,32767
MCD12Q2.A2004001.h09v04.061.2022081131423.EVI_Area.Num_Modes_01,MCD12Q2,A2004001,Lat46.4089Lon-119.275Samp1Line1,2022081131423,EVI_Area.Num_Modes_01,32767
MCD12Q2.A2004001.h09v04.061.2022081131423.EVI_Area.Num_Modes_02,MCD12Q2,A2004001,Lat46.4089Lon-119.275Samp1Line1,2022081131423,EVI_Area.Num_Modes_02,32767
MCD12Q2.A2004001.h09v04.061.2022081131423.EVI_Minimum.Num_Modes_01,MCD12Q2,A2004001,Lat46.4089Lon-119.275Samp1Line1,2022081131423,EVI_Minimum.Num_Modes_01,32767
MCD12Q2.A2004001.h09v04.061.2022081131423.EVI_Minimum.Num_Modes_02,MCD12Q2,A2004001,Lat46.4089Lon-119.275Samp1Line1,2022081131423,EVI_Minimum.Num_Modes_02,32767
MCD12Q2.A2004001.h09v04.061.2022081131423.QA_Detailed.Num_Modes_01,MCD12Q2,A2004001,Lat46.4089Lon-119.275Samp1Line1,2022081131423,QA_Detailed.Num_Modes_01,32767
MCD12Q2.A2004001.h09v04.061.2022081131423.QA_Detailed.Num_Modes_02,MCD12Q2,A2004001,Lat46.4089Lon-119.275Samp1Line1,2022081131423,QA_Detailed.Num_Modes_02,32767
MCD12Q2.A2004001.h09v04.061.2022081131423.QA_Overall.Num_Modes_01,MCD12Q2,A2004001,Lat46.4089Lon-119.275Samp1Line1,2022081131423,QA_Overall.Num_Modes_01,32767
MCD12Q2.A2004001.h09v04.061.2022081131423.QA_Overall.Num_Modes_02,MCD12Q2,A2004001,Lat46.4089Lon-119.275Samp1Line1,2022081131423,QA_Overall.Num_Modes_02,32767
MCD12Q2.A2004001.h09v04.061.2022081131423.NumCycles,MCD12Q2,A2004001,Lat46.4089Lon-119.275Samp1Line1,2022081131423,NumCycles,32767
MCD12Q2.A2005001.h09v04.061.2022083100733.Dormancy.Num_Modes_01,MCD12Q2,A2005001,Lat46.4089Lon-119.275Samp1Line1,2022083100733,Dormancy.Num_Modes_01,32767
MCD12Q2.A2005001.h09v04.061.2022083100733.Dormancy.Num_Modes_02,MCD12Q2,A2005001,Lat46.4089Lon-119.275Samp1Line1,2022083100733,Dormancy.Num_Modes_02,32767
MCD12Q2.A2005001.h09v04.061.2022083100733.Greenup.Num_Modes_01,MCD12Q2,A2005001,Lat46.4089Lon-119.275Samp1Line1,2022083100733,Greenup.Num_Modes_01,32767
MCD12Q2.A2005001.h09v04.061.2022083100733.Greenup.Num_Modes_02,MCD12Q2,A2005001,Lat46.4089Lon-119.275Samp1Line1,2022083100733,Greenup.Num_Modes_02,32767
MCD12Q2.A2005001.h09v04.061.2022083100733.Maturity.Num_Modes_01,MCD12Q2,A2005001,Lat46.4089Lon-119.275Samp1Line1,2022083100733,Maturity.Num_Modes_01,32767
MCD12Q2.A2005001.h09v04.061.2022083100733.Maturity.Num_Modes_02,MCD12Q2,A2005001,Lat46.4089Lon-119.275Samp1Line1,2022083100733,Maturity.Num_Modes_02,32767
MCD12Q2.A2005001.h09v04.061.2022083100733.MidGreendown.Num_Modes_01,MCD12Q2,A2005001,Lat46.4089Lon-119.275Samp1Line1,2022083100733,MidGreendown.Num_Modes_01,32767
MCD12Q2.A2005001.h09v04.061.2022083100733.MidGreendown.Num_Modes_02,MCD12Q2,A2005001,Lat46.4089Lon-119.275Samp1Line1,2022083100733,MidGreendown.Num_Modes_02,32767
MCD12Q2.A2005001.h09v04.061.2022083100733.MidGreenup.Num_Modes_01,MCD12Q2,A2005001,Lat46.4089Lon-119.275Samp1Line1,2022083100733,MidGreenup.Num_Modes_01,32767
MCD12Q2.A2005001.h09v04.061.2022083100733.MidGreenup.Num_Modes_02,MCD12Q2,A2005001,Lat46.4089Lon-119.275Samp1Line1,2022083100733,MidGreenup.Num_Modes_02,32767
MCD12Q2.A2005001.h09v04.061.2022083100733.Peak.Num_Modes_01,MCD12Q2,A2005001,Lat46.4089Lon-119.275Samp1Line1,2022083100733,Peak.Num_Modes_01,32767
MCD12Q2.A2005001.h09v04.061.2022083100733.Peak.Num_Modes_02,MCD12Q2,A2005001,Lat46.4089Lon-119.275Samp1Line1,2022083100733,Peak.Num_Modes_02,32767
MCD12Q2.A2005001.h09v04.061.2022083100733.Senescence.Num_Modes_01,MCD12Q2,A2005001,Lat46.4089Lon-119.275Samp1Line1,2022083100733,Senescence.Num_Modes_01,32767
MCD12Q2.A2005001.h09v04.061.2022083100733.Senescence.Num_Modes_02,MCD12Q2,A2005001,Lat46.4089Lon-119.275Samp1Line1,2022083100733,Senescence.Num_Modes_02,32767
MCD12Q2.A2005001.h09v04.061.2022083100733.EVI_Amplitude.Num_Modes_01,MCD12Q2,A2005001,Lat46.4089Lon-119.275Samp1Line1,2022083100733,EVI_Amplitude.Num_Modes_01,32767
MCD12Q2.A2005001.h09v04.061.2022083100733.EVI_Amplitude.Num_Modes_02,MCD12Q2,A2005001,Lat46.4089Lon-119.275Samp1Line1,2022083100733,EVI_Amplitude.Num_Modes_02,32767
MCD12Q2.A2005001.h09v04.061.2022083100733.EVI_Area.Num_Modes_01,MCD12Q2,A2005001,Lat46.4089Lon-119.275Samp1Line1,2022083100733,EVI_Area.Num_Modes_01,32767
MCD12Q2.A2005001.h09v04.061.2022083100733.EVI_Area.Num_Modes_02,MCD12Q2,A2005001,Lat46.4089Lon-119.275Samp1Line1,2022083100733,EVI_Area.Num_Modes_02,32767
MCD12Q2.A2005001.h09v04.061.2022083100733.EVI_Minimum.Num_Modes_01,MCD12Q2,A2005001,Lat46.4089Lon-119.275Samp1Line1,2022083100733,EVI_Minimum.Num_Modes_01,32767
MCD12Q2.A2005001.h09v04.061.2022083100733.EVI_Minimum.Num_Modes_02,MCD12Q2,A2005001,Lat46.4089Lon-119.275Samp1Line1,2022083100733,EVI_Minimum.Num_Modes_02,32767
MCD12Q2.A2005001.h09v04.061.2022083100733.QA_Detailed.Num_Modes_01,MCD12Q2,A2005001,Lat46.4089Lon-119.275Samp1Line1,2022083100733,QA_Detailed.Num_Modes_01,32767
MCD12Q2.A2005001.h09v04.061.2022083100733.QA_Detailed.Num_Modes_02,MCD12Q2,A2005001,Lat46.4089Lon-119.275Samp1Line1,2022083100733,QA_Detailed.Num_Modes_02,32767
MCD12Q2.A2005001.h09v04.061.2022083100733.QA_Overall.Num_Modes_01,MCD12Q2,A2005001,Lat46.4089Lon-119.275Samp1Line1,2022083100733,QA_Overall.Num_Modes_01,32767
MCD12Q2.A2005001.h09v04.061.2022083100733.QA_Overall.Num_Modes_02,MCD12Q2,A2005001,Lat46.4089Lon-119.275Samp1Line1,2022083100733,QA_Overall.Num_Modes_02,32767
MCD12Q2.A2005001.h09v04.061.2022083100733.NumCycles,MCD12Q2,A2005001,Lat46.4089Lon-119.275Samp1Line1,2022083100733,NumCycles,32767
MCD12Q2.A2006001.h09v04.061.2022084101534.Dormancy.Num_Modes_01,MCD12Q2,A2006001,Lat46.4089Lon-119.275Samp1Line1,2022084101534,Dormancy.Num_Modes_01,13302
MCD12Q2.A2006001.h09v04.061.2022084101534.Dormancy.Num_Modes_02,MCD12Q2,A2006001,Lat46.4089Lon-119.275Samp1Line1,2022084101534,Dormancy.Num_Modes_02,32767
MCD12Q2.A2006001.h09v04.061.2022084101534.Greenup.Num_Modes_01,MCD12Q2,A2006001,Lat46.4089Lon-119.275Samp1Line1,2022084101534,Greenup.Num_Modes_01,13082
MCD12Q2.A2006001.h09v04.061.2022084101534.Greenup.Num_Modes_02,MCD12Q2,A2006001,Lat46.4089Lon-119.275Samp1Line1,2022084101534,Greenup.Num_Modes_02,32767
MCD12Q2.A2006001.h09v04.061.2022084101534.Maturity.Num_Modes_01,MCD12Q2,A2006001,Lat46.4089Lon-119.275Samp1Line1,2022084101534,Maturity.Num_Modes_01,13237
MCD12Q2.A2006001.h09v04.061.2022084101534.Maturity.Num_Modes_02,MCD12Q2,A2006001,Lat46.4089Lon-119.275Samp1Line1,2022084101534,Maturity.Num_Modes_02,32767
MCD12Q2.A2006001.h09v04.061.2022084101534.MidGreendown.Num_Modes_01,MCD12Q2,A2006001,Lat46.4089Lon-119.275Samp1Line1,2022084101534,MidGreendown.Num_Modes_01,13287
MCD12Q2.A2006001.h09v04.061.2022084101534.MidGreendown.Num_Modes_02,MCD12Q2,A2006001,Lat46.4089Lon-119.275Samp1Line1,2022084101534,MidGreendown.Num_Modes_02,32767
MCD12Q2.A2006001.h09v04.061.2022084101534.MidGreenup.Num_Modes_01,MCD12Q2,A2006001,Lat46.4089Lon-119.275Samp1Line1,2022084101534,MidGreenup.Num_Modes_01,13109
MCD12Q2.A2006001.h09v04.061.2022084101534.MidGreenup.Num_Modes_02,MCD12Q2,A2006001,Lat46.4089Lon-119.275Samp1Line1,2022084101534,MidGreenup.Num_Modes_02,32767
MCD12Q2.A2006001.h09v04.061.2022084101534.Peak.Num_Modes_01,MCD12Q2,A2006001,Lat46.4089Lon-119.275Samp1Line1,2022084101534,Peak.Num_Modes_01,13254
MCD12Q2.A2006001.h09v04.061.2022084101534.Peak.Num_Modes_02,MCD12Q2,A2006001,Lat46.4089Lon-119.275Samp1Line1,2022084101534,Peak.Num_Modes_02,32767
MCD12Q2.A2006001.h09v04.061.2022084101534.Senescence.Num_Modes_01,MCD12Q2,A2006001,Lat46.4089Lon-119.275Samp1Line1,2022084101534,Senescence.Num_Modes_01,13269
MCD12Q2.A2006001.h09v04.061.2022084101534.Senescence.Num_Modes_02,MCD12Q2,A2006001,Lat46.4089Lon-119.275Samp1Line1,2022084101534,Senescence.Num_Modes_02,32767
MCD12Q2.A2006001.h09v04.061.2022084101534.EVI_Amplitude.Num_Modes_01,MCD12Q2,A2006001,Lat46.4089Lon-119.275Samp1Line1,2022084101534,EVI_Amplitude.Num_Modes_01,1092
MCD12Q2.A2006001.h09v04.061.2022084101534.EVI_Amplitude.Num_Modes_02,MCD12Q2,A2006001,Lat46.4089Lon-119.275Samp1Line1,2022084101534,EVI_Amplitude.Num_Modes_02,32767
MCD12Q2.A2006001.h09v04.061.2022084101534.EVI_Area.Num_Modes_01,MCD12Q2,A2006001,Lat46.4089Lon-119.275Samp1Line1,2022084101534,EVI_Area.Num_Modes_01,117
MCD12Q2.A2006001.h09v04.061.2022084101534.EVI_Area.Num_Modes_02,MCD12Q2,A2006001,Lat46.4089Lon-119.275Samp1Line1,2022084101534,EVI_Area.Num_Modes_02,32767
MCD12Q2.A2006001.h09v04.061.2022084101534.EVI_Minimum.Num_Modes_01,MCD12Q2,A2006001,Lat46.4089Lon-119.275Samp1Line1,2022084101534,EVI_Minimum.Num_Modes_01,1200
MCD12Q2.A2006001.h09v04.061.2022084101534.EVI_Minimum.Num_Modes_02,MCD12Q2,A2006001,Lat46.4089Lon-119.275Samp1Line1,2022084101534,EVI_Minimum.Num_Modes_02,32767
MCD12Q2.A2006001.h09v04.061.2022084101534.QA_Detailed.Num_Modes_01,MCD12Q2,A2006001,Lat46.4089Lon-119.275Samp1Line1,2022084101534,QA_Detailed.Num_Modes_01,0
MCD12Q2.A2006001.h09v04.061.2022084101534.QA_Detailed.Num_Modes_02,MCD12Q2,A2006001,Lat46.4089Lon-119.275Samp1Line1,2022084101534,QA_Detailed.Num_Modes_02,32767
MCD12Q2.A2006001.h09v04.061.2022084101534.QA_Overall.Num_Modes_01,MCD12Q2,A2006001,Lat46.4089Lon-119.275Samp1Line1,2022084101534,QA_Overall.Num_Modes_01,0
MCD12Q2.A2006001.h09v04.061.2022084101534.QA_Overall.Num_Modes_02,MCD12Q2,A2006001,Lat46.4089Lon-119.275Samp1Line1,2022084101534,QA_Overall.Num_Modes_02,32767
MCD12Q2.A2006001.h09v04.061.2022084101534.NumCycles,MCD12Q2,A2006001,Lat46.4089Lon-119.275Samp1Line1,2022084101534,NumCycles,1
MCD12Q2.A2007001.h09v04.061.2022085201954.Dormancy.Num_Modes_01,MCD12Q2,A2007001,Lat46.4089Lon-119.275Samp1Line1,2022085201954,Dormancy.Num_Modes_01,32767
MCD12Q2.A2007001.h09v04.061.2022085201954.Dormancy.Num_Modes_02,MCD12Q2,A2007001,Lat46.4089Lon-119.275Samp1Line1,2022085201954,Dormancy.Num_Modes_02,32767
MCD12Q2.A2007001.h09v04.061.2022085201954.Greenup.Num_Modes_01,MCD12Q2,A2007001,Lat46.4089Lon-119.275Samp1Line1,2022085201954,Greenup.Num_Modes_01,32767
MCD12Q2.A2007001.h09v04.061.2022085201954.Greenup.Num_Modes_02,MCD12Q2,A2007001,Lat46.4089Lon-119.275Samp1Line1,2022085201954,Greenup.Num_Modes_02,32767
MCD12Q2.A2007001.h09v04.061.2022085201954.Maturity.Num_Modes_01,MCD12Q2,A2007001,Lat46.4089Lon-119.275Samp1Line1,2022085201954,Maturity.Num_Modes_01,32767
MCD12Q2.A2007001.h09v04.061.2022085201954.Maturity.Num_Modes_02,MCD12Q2,A2007001,Lat46.4089Lon-119.275Samp1Line1,2022085201954,Maturity.Num_Modes_02,32767
MCD12Q2.A2007001.h09v04.061.2022085201954.MidGreendown.Num_Modes_01,MCD12Q2,A2007001,Lat46.4089Lon-119.275Samp1Line1,2022085201954,MidGreendown.Num_Modes_01,32767
MCD12Q2.A2007001.h09v04.061.2022085201954.MidGreendown.Num_Modes_02,MCD12Q2,A2007001,Lat46.4089Lon-119.275Samp1Line1,2022085201954,MidGreendown.Num_Modes_02,32767
MCD12Q2.A2007001.h09v04.061.2022085201954.MidGreenup.Num_Modes_01,MCD12Q2,A2007001,Lat46.4089Lon-119.275Samp1Line1,2022085201954,MidGreenup.Num_Modes_01,32767
MCD12Q2.A2007001.h09v04.061.2022085201954.MidGreenup.Num_Modes_02,MCD12Q2,A2007001,Lat46.4089Lon-119.275Samp1Line1,2022085201954,MidGreenup.Num_Modes_02,32767
MCD12Q2.A2007001.h09v04.061.2022085201954.Peak.Num_Modes_01,MCD12Q2,A2007001,Lat46.4089Lon-119.275Samp1Line1,2022085201954,Peak.Num_Modes_01,32767
MCD12Q2.A2007001.h09v04.061.2022085201954.Peak.Num_Modes_02,MCD12Q2,A2007001,Lat46.4089Lon-119.275Samp1Line1,2022085201954,Peak.Num_Modes_02,32767
MCD12Q2.A2007001.h09v04.061.2022085201954.Senescence.Num_Modes_01,MCD12Q2,A2007001,Lat46.4089Lon-119.275Samp1Line1,2022085201954,Senescence.Num_Modes_01,32767
MCD12Q2.A2007001.h09v04.061.2022085201954.Senescence.Num_Modes_02,MCD12Q2,A2007001,Lat46.4089Lon-119.275Samp1Line1,2022085201954,Senescence.Num_Modes_02,32767
MCD12Q2.A2007001.h09v04.061.2022085201954.EVI_Amplitude.Num_Modes_01,MCD12Q2,A2007001,Lat46.4089Lon-119.275Samp1Line1,2022085201954,EVI_Amplitude.Num_Modes_01,32767
MCD12Q2.A2007001.h09v04.061.2022085201954.EVI_Amplitude.Num_Modes_02,MCD12Q2,A2007001,Lat46.4089Lon-119.275Samp1Line1,2022085201954,EVI_Amplitude.Num_Modes_02,32767
MCD12Q2.A2007001.h09v04.061.2022085201954.EVI_Area.Num_Modes_01,MCD12Q2,A2007001,Lat46.4089Lon-119.275Samp1Line1,2022085201954,EVI_Area.Num_Modes_01,32767
MCD12Q2.A2007001.h09v04.061.2022085201954.EVI_Area.Num_Modes_02,MCD12Q2,A2007001,Lat46.4089Lon-119.275Samp1Line1,2022085201954,EVI_Area.Num_Modes_02,32767
MCD12Q2.A2007001.h09v04.061.2022085201954.EVI_Minimum.Num_Modes_01,MCD12Q2,A2007001,Lat46.4089Lon-119.275Samp1Line1,2022085201954,EVI_Minimum.Num_Modes_01,32767
MCD12Q2.A2007001.h09v04.061.2022085201954.EVI_Minimum.Num_Modes_02,MCD12Q2,A2007001,Lat46.4089Lon-119.275Samp1Line1,2022085201954,EVI_Minimum.Num_Modes_02,32767
MCD12Q2.A2007001.h09v04.061.2022085201954.QA_Detailed.Num_Modes_01,MCD12Q2,A2007001,Lat46.4089Lon-119.275Samp1Line1,2022085201954,QA_Detailed.Num_Modes_01,32767
MCD12Q2.A2007001.h09v04.061.2022085201954.QA_Detailed.Num_Modes_02,MCD12Q2,A2007001,Lat46.4089Lon-119.275Samp1Line1,2022085201954,QA_Detailed.Num_Modes_02,32767
MCD12Q2.A2007001.h09v04.061.2022085201954.QA_Overall.Num_Modes_01,MCD12Q2,A2007001,Lat46.4089Lon-119.275Samp1Line1,2022085201954,QA_Overall.Num_Modes_01,32767
MCD12Q2.A2007001.h09v04.061.2022085201954.QA_Overall.Num_Modes_02,MCD12Q2,A2007001,Lat46.4089Lon-119.275Samp1Line1,2022085201954,QA_Overall.Num_Modes_02,32767
MCD12Q2.A2007001.h09v04.061.2022085201954.NumCycles,MCD12Q2,A2007001,Lat46.4089Lon-119.275Samp1Line1,2022085201954,NumCycles,32767
MCD12Q2.A2008001.h09v04.061.2022094194958.Dormancy.Num_Modes_01,MCD12Q2,A2008001,Lat46.4089Lon-119.275Samp1Line1,2022094194958,Dormancy.Num_Modes_01,32767
MCD12Q2.A2008001.h09v04.061.2022094194958.Dormancy.Num_Modes_02,MCD12Q2,A2008001,Lat46.4089Lon-119.275Samp1Line1,2022094194958,Dormancy.Num_Modes_02,32767
MCD12Q2.A2008001.h09v04.061.2022094194958.Greenup.Num_Modes_01,MCD12Q2,A2008001,Lat46.4089Lon-119.275Samp1Line1,2022094194958,Greenup.Num_Modes_01,32767
MCD12Q2.A2008001.h09v04.061.2022094194958.Greenup.Num_Modes_02,MCD12Q2,A2008001,Lat46.4089Lon-119.275Samp1Line1,2022094194958,Greenup.Num_Modes_02,32767
MCD12Q2.A2008001.h09v04.061.2022094194958.Maturity.Num_Modes_01,MCD12Q2,A2008001,Lat46.4089Lon-119.275Samp1Line1,2022094194958,Maturity.Num_Modes_01,32767
MCD12Q2.A2008001.h09v04.061.2022094194958.Maturity.Num_Modes_02,MCD12Q2,A2008001,Lat46.4089Lon-119.275Samp1Line1,2022094194958,Maturity.Num_Modes_02,32767
MCD12Q2.A2008001.h09v04.061.2022094194958.MidGreendown.Num_Modes_01,MCD12Q2,A2008001,Lat46.4089Lon-119.275Samp1Line1,2022094194958,MidGreendown.Num_Modes_01,32767
MCD12Q2.A2008001.h09v04.061.2022094194958.MidGreendown.Num_Modes_02,MCD12Q2,A2008001,Lat46.4089Lon-119.275Samp1Line1,2022094194958,MidGreendown.Num_Modes_02,32767
MCD12Q2.A2008001.h09v04.061.2022094194958.MidGreenup.Num_Modes_01,MCD12Q2,A2008001,Lat46.4089Lon-119.275Samp1Line1,2022094194958,MidGreenup.Num_Modes_01,32767
MCD12Q2.A2008001.h09v04.061.2022094194958.MidGreenup.Num_Modes_02,MCD12Q2,A2008001,Lat46.4089Lon-119.275Samp1Line1,2022094194958,MidGreenup.Num_Modes_02,32767
MCD12Q2.A2008001.h09v04.061.2022094194958.Peak.Num_Modes_01,MCD12Q2,A2008001,Lat46.4089Lon-119.275Samp1Line1,2022094194958,Peak.Num_Modes_01,32767
MCD12Q2.A2008001.h09v04.061.2022094194958.Peak.Num_Modes_02,MCD12Q2,A2008001,Lat46.4089Lon-119.275Samp1Line1,2022094194958,Peak.Num_Modes_02,32767
MCD12Q2.A2008001.h09v04.061.2022094194958.Senescence.Num_Modes_01,MCD12Q2,A2008001,Lat46.4089Lon-119.275Samp1Line1,2022094194958,Senescence.Num_Modes_01,32767
MCD12Q2.A2008001.h09v04.061.2022094194958.Senescence.Num_Modes_02,MCD12Q2,A2008001,Lat46.4089Lon-119.275Samp1Line1,2022094194958,Senescence.Num_Modes_02,32767
MCD12Q2.A2008001.h09v04.061.2022094194958.EVI_Amplitude.Num_Modes_01,MCD12Q2,A2008001,Lat46.4089Lon-119.275Samp1Line1,2022094194958,EVI_Amplitude.Num_Modes_01,32767
MCD12Q2.A2008001.h09v04.061.2022094194958.EVI_Amplitude.Num_Modes_02,MCD12Q2,A2008001,Lat46.4089Lon-119.275Samp1Line1,2022094194958,EVI_Amplitude.Num_Modes_02,32767
MCD12Q2.A2008001.h09v04.061.2022094194958.EVI_Area.Num_Modes_01,MCD12Q2,A2008001,Lat46.4089Lon-119.275Samp1Line1,2022094194958,EVI_Area.Num_Modes_01,32767
MCD12Q2.A2008001.h09v04.061.2022094194958.EVI_Area.Num_Modes_02,MCD12Q2,A2008001,Lat46.4089Lon-119.275Samp1Line1,2022094194958,EVI_Area.Num_Modes_02,32767
MCD12Q2.A2008001.h09v04.061.2022094194958.EVI_Minimum.Num_Modes_01,MCD12Q2,A2008001,Lat46.4089Lon-119.275Samp1Line1,2022094194958,EVI_Minimum.Num_Modes_01,32767
MCD12Q2.A2008001.h09v04.061.2022094194958.EVI_Minimum.Num_Modes_02,MCD12Q2,A2008001,Lat46.4089Lon-119.275Samp1Line1,2022094194958,EVI_Minimum.Num_Modes_02,32767
MCD12Q2.A2008001.h09v04.061.2022094194958.QA_Detailed.Num_Modes_01,MCD12Q2,A2008001,Lat46.4089Lon-119.275Samp1Line1,2022094194958,QA_Detailed.Num_Modes_01,32767
MCD12Q2.A2008001.h09v04.061.2022094194958.QA_Detailed.Num_Modes_02,MCD12Q2,A2008001,Lat46.4089Lon-119.275Samp1Line1,2022094194958,QA_Detailed.Num_Modes_02,32767
MCD12Q2.A2008001.h09v04.061.2022094194958.QA_Overall.Num_Modes_01,MCD12Q2,A2008001,Lat46.4089Lon-119.275Samp1Line1,2022094194958,QA_Overall.Num_Modes_01,32767
MCD12Q2.A2008001.h09v04.061.2022094194958.QA_Overall.Num_Modes_02,MCD12Q2,A2008001,Lat46.4089Lon-119.275Samp1Line1,2022094194958,QA_Overall.Num_Modes_02,32767
MCD12Q2.A2008001.h09v04.061.2022094194958.NumCycles,MCD12Q2,A2008001,Lat46.4089Lon-119.275Samp1Line1,2022094194958,NumCycles,32767
MCD12Q2.A2009001.h09v04.061.2022096082636.Dormancy.Num_Modes_01,MCD12Q2,A2009001,Lat46.4089Lon-119.275Samp1Line1,2022096082636,Dormancy.Num_Modes_01,32767
MCD12Q2.A2009001.h09v04.061.2022096082636.Dormancy.Num_Modes_02,MCD12Q2,A2009001,Lat46.4089Lon-119.275Samp1Line1,2022096082636,Dormancy.Num_Modes_02,32767
MCD12Q2.A2009001.h09v04.061.2022096082636.Greenup.Num_Modes_01,MCD12Q2,A2009001,Lat46.4089Lon-119.275Samp1Line1,2022096082636,Greenup.Num_Modes_01,32767
MCD12Q2.A2009001.h09v04.061.2022096082636.Greenup.Num_Modes_02,MCD12Q2,A2009001,Lat46.4089Lon-119.275Samp1Line1,2022096082636,Greenup.Num_Modes_02,32767
MCD12Q2.A2009001.h09v04.061.2022096082636.Maturity.Num_Modes_01,MCD12Q2,A2009001,Lat46.4089Lon-119.275Samp1Line1,2022096082636,Maturity.Num_Modes_01,32767
MCD12Q2.A2009001.h09v04.061.2022096082636.Maturity.Num_Modes_02,MCD12Q2,A2009001,Lat46.4089Lon-119.275Samp1Line1,2022096082636,Maturity.Num_Modes_02,32767
MCD12Q2.A2009001.h09v04.061.2022096082636.MidGreendown.Num_Modes_01,MCD12Q2,A2009001,Lat46.4089Lon-119.275Samp1Line1,2022096082636,MidGreendown.Num_Modes_01,32767
MCD12Q2.A2009001.h09v04.061.2022096082636.MidGreendown.Num_Modes_02,MCD12Q2,A2009001,Lat46.4089Lon-119.275Samp1Line1,2022096082636,MidGreendown.Num_Modes_02,32767
MCD12Q2.A2009001.h09v04.061.2022096082636.MidGreenup.Num_Modes_01,MCD12Q2,A2009001,Lat46.4089Lon-119.275Samp1Line1,2022096082636,MidGreenup.Num_Modes_01,32767
MCD12Q2.A2009001.h09v04.061.2022096082636.MidGreenup.Num_Modes_02,MCD12Q2,A2009001,Lat46.4089Lon-119.275Samp1Line1,2022096082636,MidGreenup.Num_Modes_02,32767
MCD12Q2.A2009001.h09v04.061.2022096082636.Peak.Num_Modes_01,MCD12Q2,A2009001,Lat46.4089Lon-119.275Samp1Line1,2022096082636,Peak.Num_Modes_01,32767
MCD12Q2.A2009001.h09v04.061.2022096082636.Peak.Num_Modes_02,MCD12Q2,A2009001,Lat46.4089Lon-119.275Samp1Line1,2022096082636,Peak.Num_Modes_02,32767
MCD12Q2.A2009001.h09v04.061.2022096082636.Senescence.Num_Modes_01,MCD12Q2,A2009001,Lat46.4089Lon-119.275Samp1Line1,2022096082636,Senescence.Num_Modes_01,32767
MCD12Q2.A2009001.h09v04.061.2022096082636.Senescence.Num_Modes_02,MCD12Q2,A2009001,Lat46.4089Lon-119.275Samp1Line1,2022096082636,Senescence.Num_Modes_02,32767
MCD12Q2.A2009001.h09v04.061.2022096082636.EVI_Amplitude.Num_Modes_01,MCD12Q2,A2009001,Lat46.4089Lon-119.275Samp1Line1,2022096082636,EVI_Amplitude.Num_Modes_01,32767
MCD12Q2.A2009001.h09v04.061.2022096082636.EVI_Amplitude.Num_Modes_02,MCD12Q2,A2009001,Lat46.4089Lon-119.275Samp1Line1,2022096082636,EVI_Amplitude.Num_Modes_02,32767
MCD12Q2.A2009001.h09v04.061.2022096082636.EVI_Area.Num_Modes_01,MCD12Q2,A2009001,Lat46.4089Lon-119.275Samp1Line1,2022096082636,EVI_Area.Num_Modes_01,32767
MCD12Q2.A2009001.h09v04.061.2022096082636.EVI_Area.Num_Modes_02,MCD12Q2,A2009001,Lat46.4089Lon-119.275Samp1Line1,2022096082636,EVI_Area.Num_Modes_02,32767
MCD12Q2.A2009001.h09v04.061.2022096082636.EVI_Minimum.Num_Modes_01,MCD12Q2,A2009001,Lat46.4089Lon-119.275Samp1Line1,2022096082636,EVI_Minimum.Num_Modes_01,32767
MCD12Q2.A2009001.h09v04.061.2022096082636.EVI_Minimum.Num_Modes_02,MCD12Q2,A2009001,Lat46.4089Lon-119.275Samp1Line1,2022096082636,EVI_Minimum.Num_Modes_02,32767
MCD12Q2.A2009001.h09v04.061.2022096082636.QA_Detailed.Num_Modes_01,MCD12Q2,A2009001,Lat46.4089Lon-119.275Samp1Line1,2022096082636,QA_Detailed.Num_Modes_01,32767
MCD12Q2.A2009001.h09v04.061.2022096082636.QA_Detailed.Num_Modes_02,MCD12Q2,A2009001,Lat46.4089Lon-119.275Samp1Line1,2022096082636,QA_Detailed.Num_Modes_02,32767
MCD12Q2.A2009001.h09v04.061.2022096082636.QA_Overall.Num_Modes_01,MCD12Q2,A2009001,Lat46.4089Lon-119.275Samp1Line1,2022096082636,QA_Overall.Num_Modes_01,32767
MCD12Q2.A2009001.h09v04.061.2022096082636.QA_Overall.Num_Modes_02,MCD12Q2,A2009001,Lat46.4089Lon-119.275Samp1Line1,2022096082636,QA_Overall.Num_Modes_02,32767
MCD12Q2.A2009001.h09v04.061.2022096082636.NumCycles,MCD12Q2,A2009001,Lat46.4089Lon-119.275Samp1Line1,2022096082636,NumCycles,32767
MCD12Q2.A2010001.h09v04.061.2022096133136.Dormancy.Num_Modes_01,MCD12Q2,A2010001,Lat46.4089Lon-119.275Samp1Line1,2022096133136,Dormancy.Num_Modes_01,32767
MCD12Q2.A2010001.h09v04.061.2022096133136.Dormancy.Num_Modes_02,MCD12Q2,A2010001,Lat46.4089Lon-119.275Samp1Line1,2022096133136,Dormancy.Num_Modes_02,32767
MCD12Q2.A2010001.h09v04.061.2022096133136.Greenup.Num_Modes_01,MCD12Q2,A2010001,Lat46.4089Lon-119.275Samp1Line1,2022096133136,Greenup.Num_Modes_01,32767
MCD12Q2.A2010001.h09v04.061.2022096133136.Greenup.Num_Modes_02,MCD12Q2,A2010001,Lat46.4089Lon-119.275Samp1Line1,2022096133136,Greenup.Num_Modes_02,32767
MCD12Q2.A2010001.h09v04.061.2022096133136.Maturity.Num_Modes_01,MCD12Q2,A2010001,Lat46.4089Lon-119.275Samp1Line1,2022096133136,Maturity.Num_Modes_01,32767
MCD12Q2.A2010001.h09v04.061.2022096133136.Maturity.Num_Modes_02,MCD12Q2,A2010001,Lat46.4089Lon-119.275Samp1Line1,2022096133136,Maturity.Num_Modes_02,32767
MCD12Q2.A2010001.h09v04.061.2022096133136.MidGreendown.Num_Modes_01,MCD12Q2,A2010001,Lat46.4089Lon-119.275Samp1Line1,2022096133136,MidGreendown.Num_Modes_01,32767
MCD12Q2.A2010001.h09v04.061.2022096133136.MidGreendown.Num_Modes_02,MCD12Q2,A2010001,Lat46.4089Lon-119.275Samp1Line1,2022096133136,MidGreendown.Num_Modes_02,32767
MCD12Q2.A2010001.h09v04.061.2022096133136.MidGreenup.Num_Modes_01,MCD12Q2,A2010001,Lat46.4089Lon-119.275Samp1Line1,2022096133136,MidGreenup.Num_Modes_01,32767
MCD12Q2.A2010001.h09v04.061.2022096133136.MidGreenup.Num_Modes_02,MCD12Q2,A2010001,Lat46.4089Lon-119.275Samp1Line1,2022096133136,MidGreenup.Num_Modes_02,32767
MCD12Q2.A2010001.h09v04.061.2022096133136.Peak.Num_Modes_01,MCD12Q2,A2010001,Lat46.4089Lon-119.275Samp1Line1,2022096133136,Peak.Num_Modes_01,32767
MCD12Q2.A2010001.h09v04.061.2022096133136.Peak.Num_Modes_02,MCD12Q2,A2010001,Lat46.4089Lon-119.275Samp1Line1,2022096133136,Peak.Num_Modes_02,32767
MCD12Q2.A2010001.h09v04.061.2022096133136.Senescence.Num_Modes_01,MCD12Q2,A2010001,Lat46.4089Lon-119.275Samp1Line1,2022096133136,Senescence.Num_Modes_01,32767
MCD12Q2.A2010001.h09v04.061.2022096133136.Senescence.Num_Modes_02,MCD12Q2,A2010001,Lat46.4089Lon-119.275Samp1Line1,2022096133136,Senescence.Num_Modes_02,32767
MCD12Q2.A2010001.h09v04.061.2022096133136.EVI_Amplitude.Num_Modes_01,MCD12Q2,A2010001,Lat46.4089Lon-119.275Samp1Line1,2022096133136,EVI_Amplitude.Num_Modes_01,32767
MCD12Q2.A2010001.h09v04.061.2022096133136.EVI_Amplitude.Num_Modes_02,MCD12Q2,A2010001,Lat46.4089Lon-119.275Samp1Line1,2022096133136,EVI_Amplitude.Num_Modes_02,32767
MCD12Q2.A2010001.h09v04.061.2022096133136.EVI_Area.Num_Modes_01,MCD12Q2,A2010001,Lat46.4089Lon-119.275Samp1Line1,2022096133136,EVI_Area.Num_Modes_01,32767
MCD12Q2.A2010001.h09v04.061.2022096133136.EVI_Area.Num_Modes_02,MCD12Q2,A2010001,Lat46.4089Lon-119.275Samp1Line1,2022096133136,EVI_Area.Num_Modes_02,32767
MCD12Q2.A2010001.h09v04.061.2022096133136.EVI_Minimum.Num_Modes_01,MCD12Q2,A2010001,Lat46.4089Lon-119.275Samp1Line1,2022096133136,EVI_Minimum.Num_Modes_01,32767
MCD12Q2.A2010001.h09v04.061.2022096133136.EVI_Minimum.Num_Modes_02,MCD12Q2,A2010001,Lat46.4089Lon-119.275Samp1Line1,2022096133136,EVI_Minimum.Num_Modes_02,32767
MCD12Q2.A2010001.h09v04.061.2022096133136.QA_Detailed.Num_Modes_01,MCD12Q2,A2010001,Lat46.4089Lon-119.275Samp1Line1,2022096133136,QA_Detailed.Num_Modes_01,32767
MCD12Q2.A2010001.h09v04.061.2022096133136.QA_Detailed.Num_Modes_02,MCD12Q2,A2010001,Lat46.4089Lon-119.275Samp1Line1,2022096133136,QA_Detailed.Num_Modes_02,32767
MCD12Q2.A2010001.h09v04.061.2022096133136.QA_Overall.Num_Modes_01,MCD12Q2,A2010001,Lat46.4089Lon-119.275Samp1Line1,2022096133136,QA_Overall.Num_Modes_01,32767
MCD12Q2.A2010001.h09v04.061.2022096133136.QA_Overall.Num_Modes_02,MCD12Q2,A2010001,Lat46.4089Lon-119.275Samp1Line1,2022096133136,QA_Overall.Num_Modes_02,32767
MCD12Q2.A2010001.h09v04.061.2022096133136.NumCycles,MCD12Q2,A2010001,Lat46.4089Lon-119.275Samp1Line1,2022096133136,NumCycles,32767
MCD12Q2.A2011001.h09v04.061.2022101011853.Dormancy.Num_Modes_01,MCD12Q2,A2011001,Lat46.4089Lon-119.275Samp1Line1,2022101011853,Dormancy.Num_Modes_01,32767
MCD12Q2.A2011001.h09v04.061.2022101011853.Dormancy.Num_Modes_02,MCD12Q2,A2011001,Lat46.4089Lon-119.275Samp1Line1,2022101011853,Dormancy.Num_Modes_02,32767
MCD12Q2.A2011001.h09v04.061.2022101011853.Greenup.Num_Modes_01,MCD12Q2,A2011001,Lat46.4089Lon-119.275Samp1Line1,2022101011853,Greenup.Num_Modes_01,32767
MCD12Q2.A2011001.h09v04.061.2022101011853.Greenup.Num_Modes_02,MCD12Q2,A2011001,Lat46.4089Lon-119.275Samp1Line1,2022101011853,Greenup.Num_Modes_02,32767
MCD12Q2.A2011001.h09v04.061.2022101011853.Maturity.Num_Modes_01,MCD12Q2,A2011001,Lat46.4089Lon-119.275Samp1Line1,2022101011853,Maturity.Num_Modes_01,32767
MCD12Q2.A2011001.h09v04.061.2022101011853.Maturity.Num_Modes_02,MCD12Q2,A2011001,Lat46.4089Lon-119.275Samp1Line1,2022101011853,Maturity.Num_Modes_02,32767
MCD12Q2.A2011001.h09v04.061.2022101011853.MidGreendown.Num_Modes_01,MCD12Q2,A2011001,Lat46.4089Lon-119.275Samp1Line1,2022101011853,MidGreendown.Num_Modes_01,32767
MCD12Q2.A2011001.h09v04.061.2022101011853.MidGreendown.Num_Modes_02,MCD12Q2,A2011001,Lat46.4089Lon-119.275Samp1Line1,2022101011853,MidGreendown.Num_Modes_02,32767
MCD12Q2.A2011001.h09v04.061.2022101011853.MidGreenup.Num_Modes_01,MCD12Q2,A2011001,Lat46.4089Lon-119.275Samp1Line1,2022101011853,MidGreenup.Num_Modes_01,32767
MCD12Q2.A2011001.h09v04.061.2022101011853.MidGreenup.Num_Modes_02,MCD12Q2,A2011001,Lat46.4089Lon-119.275Samp1Line1,2022101011853,MidGreenup.Num_Modes_02,32767
MCD12Q2.A2011001.h09v04.061.2022101011853.Peak.Num_Modes_01,MCD12Q2,A2011001,Lat46.4089Lon-119.275Samp1Line1,2022101011853,Peak.Num_Modes_01,32767
MCD12Q2.A2011001.h09v04.061.2022101011853.Peak.Num_Modes_02,MCD12Q2,A2011001,Lat46.4089Lon-119.275Samp1Line1,2022101011853,Peak.Num_Modes_02,32767
MCD12Q2.A2011001.h09v04.061.2022101011853.Senescence.Num_Modes_01,MCD12Q2,A2011001,Lat46.4089Lon-119.275Samp1Line1,2022101011853,Senescence.Num_Modes_01,32767
MCD12Q2.A2011001.h09v04.061.2022101011853.Senescence.Num_Modes_02,MCD12Q2,A2011001,Lat46.4089Lon-119.275Samp1Line1,2022101011853,Senescence.Num_Modes_02,32767
MCD12Q2.A2011001.h09v04.061.2022101011853.EVI_Amplitude.Num_Modes_01,MCD12Q2,A2011001,Lat46.4089Lon-119.275Samp1Line1,2022101011853,EVI_Amplitude.Num_Modes_01,32767
MCD12Q2.A2011001.h09v04.061.2022101011853.EVI_Amplitude.Num_Modes_02,MCD12Q2,A2011001,Lat46.4089Lon-119.275Samp1Line1,2022101011853,EVI_Amplitude.Num_Modes_02,32767
MCD12Q2.A2011001.h09v04.061.2022101011853.EVI_Area.Num_Modes_01,MCD12Q2,A2011001,Lat46.4089Lon-119.275Samp1Line1,2022101011853,EVI_Area.Num_Modes_01,32767
MCD12Q2.A2011001.h09v04.061.2022101011853.EVI_Area.Num_Modes_02,MCD12Q2,A2011001,Lat46.4089Lon-119.275Samp1Line1,2022101011853,EVI_Area.Num_Modes_02,32767
MCD12Q2.A2011001.h09v04.061.2022101011853.EVI_Minimum.Num_Modes_01,MCD12Q2,A2011001,Lat46.4089Lon-119.275Samp1Line1,2022101011853,EVI_Minimum.Num_Modes_01,32767
MCD12Q2.A2011001.h09v04.061.2022101011853.EVI_Minimum.Num_Modes_02,MCD12Q2,A2011001,Lat46.4089Lon-119.275Samp1Line1,2022101011853,EVI_Minimum.Num_Modes_02,32767
MCD12Q2.A2011001.h09v04.061.2022101011853.QA_Detailed.Num_Modes_01,MCD12Q2,A2011001,Lat46.4089Lon-119.275Samp1Line1,2022101011853,QA_Detailed.Num_Modes_01,32767
MCD12Q2.A2011001.h09v04.061.2022101011853.QA_Detailed.Num_Modes_02,MCD12Q2,A2011001,Lat46.4089Lon-119.275Samp1Line1,2022101011853,QA_Detailed.Num_Modes_02,32767
MCD12Q2.A2011001.h09v04.061.2022101011853.QA_Overall.Num_Modes_01,MCD12Q2,A2011001,Lat46.4089Lon-119.275Samp1Line1,2022101011853,QA_Overall.Num_Modes_01,32767
MCD12Q2.A2011001.h09v04.061.2022101011853.QA_Overall.Num_Modes_02,MCD12Q2,A2011001,Lat46.4089Lon-119.275Samp1Line1,2022101011853,QA_Overall.Num_Modes_02,32767
MCD12Q2.A2011001.h09v04.061.2022101011853.NumCycles,MCD12Q2,A2011001,Lat46.4089Lon-119.275Samp1Line1,2022101011853,NumCycles,32767
MCD12Q2.A2012001.h09v04.061.2022103160922.Dormancy.Num_Modes_01,MCD12Q2,A2012001,Lat46.4089Lon-119.275Samp1Line1,2022103160922,Dormancy.Num_Modes_01,32767
MCD12Q2.A2012001.h09v04.061.2022103160922.Dormancy.Num_Modes_02,MCD12Q2,A2012001,Lat46.4089Lon-119.275Samp1Line1,2022103160922,Dormancy.Num_Modes_02,32767
MCD12Q2.A2012001.h09v04.061.2022103160922.Greenup.Num_Modes_01,MCD12Q2,A2012001,Lat46.4089Lon-119.275Samp1Line1,2022103160922,Greenup.Num_Modes_01,32767
MCD12Q2.A2012001.h09v04.061.2022103160922.Greenup.Num_Modes_02,MCD12Q2,A2012001,Lat46.4089Lon-119.275Samp1Line1,2022103160922,Greenup.Num_Modes_02,32767
MCD12Q2.A2012001.h09v04.061.2022103160922.Maturity.Num_Modes_01,MCD12Q2,A2012001,Lat46.4089Lon-119.275Samp1Line1,2022103160922,Maturity.Num_Modes_01,32767
MCD12Q2.A2012001.h09v04.061.2022103160922.Maturity.Num_Modes_02,MCD12Q2,A2012001,Lat46.4089Lon-119.275Samp1Line1,2022103160922,Maturity.Num_Modes_02,32767
MCD12Q2.A2012001.h09v04.061.2022103160922.MidGreendown.Num_Modes_01,MCD12Q2,A2012001,Lat46.4089Lon-119.275Samp1Line1,2022103160922,MidGreendown.Num_Modes_01,32767
MCD12Q2.A2012001.h09v04.061.2022103160922.MidGreendown.Num_Modes_02,MCD12Q2,A2012001,Lat46.4089Lon-119.275Samp1Line1,2022103160922,MidGreendown.Num_Modes_02,32767
MCD12Q2.A2012001.h09v04.061.2022103160922.MidGreenup.Num_Modes_01,MCD12Q2,A2012001,Lat46.4089Lon-119.275Samp1Line1,2022103160922,MidGreenup.Num_Modes_01,32767
MCD12Q2.A2012001.h09v04.061.2022103160922.MidGreenup.Num_Modes_02,MCD12Q2,A2012001,Lat46.4089Lon-119.275Samp1Line1,2022103160922,MidGreenup.Num_Modes_02,32767
MCD12Q2.A2012001.h09v04.061.2022103160922.Peak.Num_Modes_01,MCD12Q2,A2012001,Lat46.4089Lon-119.275Samp1Line1,2022103160922,Peak.Num_Modes_01,32767
MCD12Q2.A2012001.h09v04.061.2022103160922.Peak.Num_Modes_02,MCD12Q2,A2012001,Lat46.4089Lon-119.275Samp1Line1,2022103160922,Peak.Num_Modes_02,32767
MCD12Q2.A2012001.h09v04.061.2022103160922.Senescence.Num_Modes_01,MCD12Q2,A2012001,Lat46.4089Lon-119.275Samp1Line1,2022103160922,Senescence.Num_Modes_01,32767
MCD12Q2.A2012001.h09v04.061.2022103160922.Senescence.Num_Modes_02,MCD12Q2,A2012001,Lat46.4089Lon-119.275Samp1Line1,2022103160922,Senescence.Num_Modes_02,32767
MCD12Q2.A2012001.h09v04.061.2022103160922.EVI_Amplitude.Num_Modes_01,MCD12Q2,A2012001,Lat46.4089Lon-119.275Samp1Line1,2022103160922,EVI_Amplitude.Num_Modes_01,32767
MCD12Q2.A2012001.h09v04.061.2022103160922.EVI_Amplitude.Num_Modes_02,MCD12Q2,A2012001,Lat46.4089Lon-119.275Samp1Line1,2022103160922,EVI_Amplitude.Num_Modes_02,32767
MCD12Q2.A2012001.h09v04.061.2022103160922.EVI_Area.Num_Modes_01,MCD12Q2,A2012001,Lat46.4089Lon-119.275Samp1Line1,2022103160922,EVI_Area.Num_Modes_01,32767
MCD12Q2.A2012001.h09v04.061.2022103160922.EVI_Area.Num_Modes_02,MCD12Q2,A2012001,Lat46.4089Lon-119.275Samp1Line1,2022103160922,EVI_Area.Num_Modes_02,32767
MCD12Q2.A2012001.h09v04.061.2022103160922.EVI_Minimum.Num_Modes_01,MCD12Q2,A2012001,Lat46.4089Lon-119.275Samp1Line1,2022103160922,EVI_Minimum.Num_Modes_01,32767
MCD12Q2.A2012001.h09v04.061.2022103160922.EVI_Minimum.Num_Modes_02,MCD12Q2,A2012001,Lat46.4089Lon-119.275Samp1Line1,2022103160922,EVI_Minimum.Num_Modes_02,32767
MCD12Q2.A2012001.h09v04.061.2022103160922.QA_Detailed.Num_Modes_01,MCD12Q2,A2012001,Lat46.4089Lon-119.275Samp1Line1,2022103160922,QA_Detailed.Num_Modes_01,32767
MCD12Q2.A2012001.h09v04.061.2022103160922.QA_Detailed.Num_Modes_02,MCD12Q2,A2012001,Lat46.4089Lon-119.275Samp1Line1,2022103160922,QA_Detailed.Num_Modes_02,32767
MCD12Q2.A2012001.h09v04.061.2022103160922.QA_Overall.Num_Modes_01,MCD12Q2,A2012001,Lat46.4089Lon-119.275Samp1Line1,2022103160922,QA_Overall.Num_Modes_01,32767
MCD12Q2.A2012001.h09v04.061.2022103160922.QA_Overall.Num_Modes_02,MCD12Q2,A2012001,Lat46.4089Lon-119.275Samp1Line1,2022103160922,QA_Overall.Num_Modes_02,32767
MCD12Q2.A2012001.h09v04.061.2022103160922.NumCycles,MCD12Q2,A2012001,Lat46.4089Lon-119.275Samp1Line1,2022103160922,NumCycles,32767
MCD12Q2.A2013001.h09v04.061.2022105113635.Dormancy.Num_Modes_01,MCD12Q2,A2013001,Lat46.4089Lon-119.275Samp1Line1,2022105113635,Dormancy.Num_Modes_01,32767
MCD12Q2.A2013001.h09v04.061.2022105113635.Dormancy.Num_Modes_02,MCD12Q2,A2013001,Lat46.4089Lon-119.275Samp1Line1,2022105113635,Dormancy.Num_Modes_02,32767
MCD12Q2.A2013001.h09v04.061.2022105113635.Greenup.Num_Modes_01,MCD12Q2,A2013001,Lat46.4089Lon-119.275Samp1Line1,2022105113635,Greenup.Num_Modes_01,32767
MCD12Q2.A2013001.h09v04.061.2022105113635.Greenup.Num_Modes_02,MCD12Q2,A2013001,Lat46.4089Lon-119.275Samp1Line1,2022105113635,Greenup.Num_Modes_02,32767
MCD12Q2.A2013001.h09v04.061.2022105113635.Maturity.Num_Modes_01,MCD12Q2,A2013001,Lat46.4089Lon-119.275Samp1Line1,2022105113635,Maturity.Num_Modes_01,32767
MCD12Q2.A2013001.h09v04.061.2022105113635.Maturity.Num_Modes_02,MCD12Q2,A2013001,Lat46.4089Lon-119.275Samp1Line1,2022105113635,Maturity.Num_Modes_02,32767
MCD12Q2.A2013001.h09v04.061.2022105113635.MidGreendown.Num_Modes_01,MCD12Q2,A2013001,Lat46.4089Lon-119.275Samp1Line1,2022105113635,MidGreendown.Num_Modes_01,32767
MCD12Q2.A2013001.h09v04.061.2022105113635.MidGreendown.Num_Modes_02,MCD12Q2,A2013001,Lat46.4089Lon-119.275Samp1Line1,2022105113635,MidGreendown.Num_Modes_02,32767
MCD12Q2.A2013001.h09v04.061.2022105113635.MidGreenup.Num_Modes_01,MCD12Q2,A2013001,Lat46.4089Lon-119.275Samp1Line1,2022105113635,MidGreenup.Num_Modes_01,32767
MCD12Q2.A2013001.h09v04.061.2022105113635.MidGreenup.Num_Modes_02,MCD12Q2,A2013001,Lat46.4089Lon-119.275Samp1Line1,2022105113635,MidGreenup.Num_Modes_02,32767
MCD12Q2.A2013001.h09v04.061.2022105113635.Peak.Num_Modes_01,MCD12Q2,A2013001,Lat46.4089Lon-119.275Samp1Line1,2022105113635,Peak.Num_Modes_01,32767
MCD12Q2.A2013001.h09v04.061.2022105113635.Peak.Num_Modes_02,MCD12Q2,A2013001,Lat46.4089Lon-119.275Samp1Line1,2022105113635,Peak.Num_Modes_02,32767
MCD12Q2.A2013001.h09v04.061.2022105113635.Senescence.Num_Modes_01,MCD12Q2,A2013001,Lat46.4089Lon-119.275Samp1Line1,2022105113635,Senescence.Num_Modes_01,32767
MCD12Q2.A2013001.h09v04.061.2022105113635.Senescence.Num_Modes_02,MCD12Q2,A2013001,Lat46.4089Lon-119.275Samp1Line1,2022105113635,Senescence.Num_Modes_02,32767
MCD12Q2.A2013001.h09v04.061.2022105113635.EVI_Amplitude.Num_Modes_01,MCD12Q2,A2013001,Lat46.4089Lon-119.275Samp1Line1,2022105113635,EVI_Amplitude.Num_Modes_01,32767
MCD12Q2.A2013001.h09v04.061.2022105113635.EVI_Amplitude.Num_Modes_02,MCD12Q2,A2013001,Lat46.4089Lon-119.275Samp1Line1,2022105113635,EVI_Amplitude.Num_Modes_02,32767
MCD12Q2.A2013001.h09v04.061.2022105113635.EVI_Area.Num_Modes_01,MCD12Q2,A2013001,Lat46.4089Lon-119.275Samp1Line1,2022105113635,EVI_Area.Num_Modes_01,32767
MCD12Q2.A2013001.h09v04.061.2022105113635.EVI_Area.Num_Modes_02,MCD12Q2,A2013001,Lat46.4089Lon-119.275Samp1Line1,2022105113635,EVI_Area.Num_Modes_02,32767
MCD12Q2.A2013001.h09v04.061.2022105113635.EVI_Minimum.Num_Modes_01,MCD12Q2,A2013001,Lat46.4089Lon-119.275Samp1Line1,2022105113635,EVI_Minimum.Num_Modes_01,32767
MCD12Q2.A2013001.h09v04.061.2022105113635.EVI_Minimum.Num_Modes_02,MCD12Q2,A2013001,Lat46.4089Lon-119.275Samp1Line1,2022105113635,EVI_Minimum.Num_Modes_02,32767
MCD12Q2.A2013001.h09v04.061.2022105113635.QA_Detailed.Num_Modes_01,MCD12Q2,A2013001,Lat46.4089Lon-119.275Samp1Line1,2022105113635,QA_Detailed.Num_Modes_01,32767
MCD12Q2.A2013001.h09v04.061.2022105113635.QA_Detailed.Num_Modes_02,MCD12Q2,A2013001,Lat46.4089Lon-119.275Samp1Line1,2022105113635,QA_Detailed.Num_Modes_02,32767
MCD12Q2.A2013001.h09v04.061.2022105113635.QA_Overall.Num_Modes_01,MCD12Q2,A2013001,Lat46.4089Lon-119.275Samp1Line1,2022105113635,QA_Overall.Num_Modes_01,32767
MCD12Q2.A2013001.h09v04.061.2022105113635.QA_Overall.Num_Modes_02,MCD12Q2,A2013001,Lat46.4089Lon-119.275Samp1Line1,2022105113635,QA_Overall.Num_Modes_02,32767
MCD12Q2.A2013001.h09v04.061.2022105113635.NumCycles,MCD12Q2,A2013001,Lat46.4089Lon-119.275Samp1Line1,2022105113635,NumCycles,32767
MCD12Q2.A2014001.h09v04.061.2022110121135.Dormancy.Num_Modes_01,MCD12Q2,A2014001,Lat46.4089Lon-119.275Samp1Line1,2022110121135,Dormancy.Num_Modes_01,32767
MCD12Q2.A2014001.h09v04.061.2022110121135.Dormancy.Num_Modes_02,MCD12Q2,A2014001,Lat46.4089Lon-119.275Samp1Line1,2022110121135,Dormancy.Num_Modes_02,32767
MCD12Q2.A2014001.h09v04.061.2022110121135.Greenup.Num_Modes_01,MCD12Q2,A2014001,Lat46.4089Lon-119.275Samp1Line1,2022110121135,Greenup.Num_Modes_01,32767
MCD12Q2.A2014001.h09v04.061.2022110121135.Greenup.Num_Modes_02,MCD12Q2,A2014001,Lat46.4089Lon-119.275Samp1Line1,2022110121135,Greenup.Num_Modes_02,32767
MCD12Q2.A2014001.h09v04.061.2022110121135.Maturity.Num_Modes_01,MCD12Q2,A2014001,Lat46.4089Lon-119.275Samp1Line1,2022110121135,Maturity.Num_Modes_01,32767
MCD12Q2.A2014001.h09v04.061.2022110121135.Maturity.Num_Modes_02,MCD12Q2,A2014001,Lat46.4089Lon-119.275Samp1Line1,2022110121135,Maturity.Num_Modes_02,32767
MCD12Q2.A2014001.h09v04.061.2022110121135.MidGreendown.Num_Modes_01,MCD12Q2,A2014001,Lat46.4089Lon-119.275Samp1Line1,2022110121135,MidGreendown.Num_Modes_01,32767
MCD12Q2.A2014001.h09v04.061.2022110121135.MidGreendown.Num_Modes_02,MCD12Q2,A2014001,Lat46.4089Lon-119.275Samp1Line1,2022110121135,MidGreendown.Num_Modes_02,32767
MCD12Q2.A2014001.h09v04.061.2022110121135.MidGreenup.Num_Modes_01,MCD12Q2,A2014001,Lat46.4089Lon-119.275Samp1Line1,2022110121135,MidGreenup.Num_Modes_01,32767
MCD12Q2.A2014001.h09v04.061.2022110121135.MidGreenup.Num_Modes_02,MCD12Q2,A2014001,Lat46.4089Lon-119.275Samp1Line1,2022110121135,MidGreenup.Num_Modes_02,32767
MCD12Q2.A2014001.h09v04.061.2022110121135.Peak.Num_Modes_01,MCD12Q2,A2014001,Lat46.4089Lon-119.275Samp1Line1,2022110121135,Peak.Num_Modes_01,32767
MCD12Q2.A2014001.h09v04.061.2022110121135.Peak.Num_Modes_02,MCD12Q2,A2014001,Lat46.4089Lon-119.275Samp1Line1,2022110121135,Peak.Num_Modes_02,32767
MCD12Q2.A2014001.h09v04.061.2022110121135.Senescence.Num_Modes_01,MCD12Q2,A2014001,Lat46.4089Lon-119.275Samp1Line1,2022110121135,Senescence.Num_Modes_01,32767
MCD12Q2.A2014001.h09v04.061.2022110121135.Senescence.Num_Modes_02,MCD12Q2,A2014001,Lat46.4089Lon-119.275Samp1Line1,2022110121135,Senescence.Num_Modes_02,32767
MCD12Q2.A2014001.h09v04.061.2022110121135.EVI_Amplitude.Num_Modes_01,MCD12Q2,A2014001,Lat46.4089Lon-119.275Samp1Line1,2022110121135,EVI_Amplitude.Num_Modes_01,32767
MCD12Q2.A2014001.h09v04.061.2022110121135.EVI_Amplitude.Num_Modes_02,MCD12Q2,A2014001,Lat46.4089Lon-119.275Samp1Line1,2022110121135,EVI_Amplitude.Num_Modes_02,32767
MCD12Q2.A2014001.h09v04.061.2022110121135.EVI_Area.Num_Modes_01,MCD12Q2,A2014001,Lat46.4089Lon-119.275Samp1Line1,2022110121135,EVI_Area.Num_Modes_01,32767
MCD12Q2.A2014001.h09v04.061.2022110121135.EVI_Area.Num_Modes_02,MCD12Q2,A2014001,Lat46.4089Lon-119.275Samp1Line1,2022110121135,EVI_Area.Num_Modes_02,32767
MCD12Q2.A2014001.h09v04.061.2022110121135.EVI_Minimum.Num_Modes_01,MCD12Q2,A2014001,Lat46.4089Lon-119.275Samp1Line1,2022110121135,EVI_Minimum.Num_Modes_01,32767
MCD12Q2.A2014001.h09v04.061.2022110121135.EVI_Minimum.Num_Modes_02,MCD12Q2,A2014001,Lat46.4089Lon-119.275Samp1Line1,2022110121135,EVI_Minimum.Num_Modes_02,32767
MCD12Q2.A2014001.h09v04.061.2022110121135.QA_Detailed.Num_Modes_01,MCD12Q2,A2014001,Lat46.4089Lon-119.275Samp1Line1,2022110121135,QA_Detailed.Num_Modes_01,32767
MCD12Q2.A2014001.h09v04.061.2022110121135.QA_Detailed.Num_Modes_02,MCD12Q2,A2014001,Lat46.4089Lon-119.275Samp1Line1,2022110121135,QA_Detailed.Num_Modes_02,32767
MCD12Q2.A2014001.h09v04.061.2022110121135.QA_Overall.Num_Modes_01,MCD12Q2,A2014001,Lat46.4089Lon-119.275Samp1Line1,2022110121135,QA_Overall.Num_Modes_01,32767
MCD12Q2.A2014001.h09v04.061.2022110121135.QA_Overall.Num_Modes_02,MCD12Q2,A2014001,Lat46.4089Lon-119.275Samp1Line1,2022110121135,QA_Overall.Num_Modes_02,32767
MCD12Q2.A2014001.h09v04.061.2022110121135.NumCycles,MCD12Q2,A2014001,Lat46.4089Lon-119.275Samp1Line1,2022110121135,NumCycles,32767
MCD12Q2.A2015001.h09v04.061.2022111181630.Dormancy.Num_Modes_01,MCD12Q2,A2015001,Lat46.4089Lon-119.275Samp1Line1,2022111181630,Dormancy.Num_Modes_01,32767
MCD12Q2.A2015001.h09v04.061.2022111181630.Dormancy.Num_Modes_02,MCD12Q2,A2015001,Lat46.4089Lon-119.275Samp1Line1,2022111181630,Dormancy.Num_Modes_02,32767
MCD12Q2.A2015001.h09v04.061.2022111181630.Greenup.Num_Modes_01,MCD12Q2,A2015001,Lat46.4089Lon-119.275Samp1Line1,2022111181630,Greenup.Num_Modes_01,32767
MCD12Q2.A2015001.h09v04.061.2022111181630.Greenup.Num_Modes_02,MCD12Q2,A2015001,Lat46.4089Lon-119.275Samp1Line1,2022111181630,Greenup.Num_Modes_02,32767
MCD12Q2.A2015001.h09v04.061.2022111181630.Maturity.Num_Modes_01,MCD12Q2,A2015001,Lat46.4089Lon-119.275Samp1Line1,2022111181630,Maturity.Num_Modes_01,32767
MCD12Q2.A2015001.h09v04.061.2022111181630.Maturity.Num_Modes_02,MCD12Q2,A2015001,Lat46.4089Lon-119.275Samp1Line1,2022111181630,Maturity.Num_Modes_02,32767
MCD12Q2.A2015001.h09v04.061.2022111181630.MidGreendown.Num_Modes_01,MCD12Q2,A2015001,Lat46.4089Lon-119.275Samp1Line1,2022111181630,MidGreendown.Num_Modes_01,32767
MCD12Q2.A2015001.h09v04.061.2022111181630.MidGreendown.Num_Modes_02,MCD12Q2,A2015001,Lat46.4089Lon-119.275Samp1Line1,2022111181630,MidGreendown.Num_Modes_02,32767
MCD12Q2.A2015001.h09v04.061.2022111181630.MidGreenup.Num_Modes_01,MCD12Q2,A2015001,Lat46.4089Lon-119.275Samp1Line1,2022111181630,MidGreenup.Num_Modes_01,32767
MCD12Q2.A2015001.h09v04.061.2022111181630.MidGreenup.Num_Modes_02,MCD12Q2,A2015001,Lat46.4089Lon-119.275Samp1Line1,2022111181630,MidGreenup.Num_Modes_02,32767
MCD12Q2.A2015001.h09v04.061.2022111181630.Peak.Num_Modes_01,MCD12Q2,A2015001,Lat46.4089Lon-119.275Samp1Line1,2022111181630,Peak.Num_Modes_01,32767
MCD12Q2.A2015001.h09v04.061.2022111181630.Peak.Num_Modes_02,MCD12Q2,A2015001,Lat46.4089Lon-119.275Samp1Line1,2022111181630,Peak.Num_Modes_02,32767
MCD12Q2.A2015001.h09v04.061.2022111181630.Senescence.Num_Modes_01,MCD12Q2,A2015001,Lat46.4089Lon-119.275Samp1Line1,2022111181630,Senescence.Num_Modes_01,32767
MCD12Q2.A2015001.h09v04.061.2022111181630.Senescence.Num_Modes_02,MCD12Q2,A2015001,Lat46.4089Lon-119.275Samp1Line1,2022111181630,Senescence.Num_Modes_02,32767
MCD12Q2.A2015001.h09v04.061.2022111181630.EVI_Amplitude.Num_Modes_01,MCD12Q2,A2015001,Lat46.4089Lon-119.275Samp1Line1,2022111181630,EVI_Amplitude.Num_Modes_01,32767
MCD12Q2.A2015001.h09v04.061.2022111181630.EVI_Amplitude.Num_Modes_02,MCD12Q2,A2015001,Lat46.4089Lon-119.275Samp1Line1,2022111181630,EVI_Amplitude.Num_Modes_02,32767
MCD12Q2.A2015001.h09v04.061.2022111181630.EVI_Area.Num_Modes_01,MCD12Q2,A2015001,Lat46.4089Lon-119.275Samp1Line1,2022111181630,EVI_Area.Num_Modes_01,32767
MCD12Q2.A2015001.h09v04.061.2022111181630.EVI_Area.Num_Modes_02,MCD12Q2,A2015001,Lat46.4089Lon-119.275Samp1Line1,2022111181630,EVI_Area.Num_Modes_02,32767
MCD12Q2.A2015001.h09v04.061.2022111181630.EVI_Minimum.Num_Modes_01,MCD12Q2,A2015001,Lat46.4089Lon-119.275Samp1Line1,2022111181630,EVI_Minimum.Num_Modes_01,32767
MCD12Q2.A2015001.h09v04.061.2022111181630.EVI_Minimum.Num_Modes_02,MCD12Q2,A2015001,Lat46.4089Lon-119.275Samp1Line1,2022111181630,EVI_Minimum.Num_Modes_02,32767
MCD12Q2.A2015001.h09v04.061.2022111181630.QA_Detailed.Num_Modes_01,MCD12Q2,A2015001,Lat46.4089Lon-119.275Samp1Line1,2022111181630,QA_Detailed.Num_Modes_01,32767
MCD12Q2.A2015001.h09v04.061.2022111181630.QA_Detailed.Num_Modes_02,MCD12Q2,A2015001,Lat46.4089Lon-119.275Samp1Line1,2022111181630,QA_Detailed.Num_Modes_02,32767
MCD12Q2.A2015001.h09v04.061.2022111181630.QA_Overall.Num_Modes_01,MCD12Q2,A2015001,Lat46.4089Lon-119.275Samp1Line1,2022111181630,QA_Overall.Num_Modes_01,32767
MCD12Q2.A2015001.h09v04.061.2022111181630.QA_Overall.Num_Modes_02,MCD12Q2,A2015001,Lat46.4089Lon-119.275Samp1Line1,2022111181630,QA_Overall.Num_Modes_02,32767
MCD12Q2.A2015001.h09v04.061.2022111181630.NumCycles,MCD12Q2,A2015001,Lat46.4089Lon-119.275Samp1Line1,2022111181630,NumCycles,32767
MCD12Q2.A2016001.h09v04.061.2022113040103.Dormancy.Num_Modes_01,MCD12Q2,A2016001,Lat46.4089Lon-119.275Samp1Line1,2022113040103,Dormancy.Num_Modes_01,32767
MCD12Q2.A2016001.h09v04.061.2022113040103.Dormancy.Num_Modes_02,MCD12Q2,A2016001,Lat46.4089Lon-119.275Samp1Line1,2022113040103,Dormancy.Num_Modes_02,32767
MCD12Q2.A2016001.h09v04.061.2022113040103.Greenup.Num_Modes_01,MCD12Q2,A2016001,Lat46.4089Lon-119.275Samp1Line1,2022113040103,Greenup.Num_Modes_01,32767
MCD12Q2.A2016001.h09v04.061.2022113040103.Greenup.Num_Modes_02,MCD12Q2,A2016001,Lat46.4089Lon-119.275Samp1Line1,2022113040103,Greenup.Num_Modes_02,32767
MCD12Q2.A2016001.h09v04.061.2022113040103.Maturity.Num_Modes_01,MCD12Q2,A2016001,Lat46.4089Lon-119.275Samp1Line1,2022113040103,Maturity.Num_Modes_01,32767
MCD12Q2.A2016001.h09v04.061.2022113040103.Maturity.Num_Modes_02,MCD12Q2,A2016001,Lat46.4089Lon-119.275Samp1Line1,2022113040103,Maturity.Num_Modes_02,32767
MCD12Q2.A2016001.h09v04.061.2022113040103.MidGreendown.Num_Modes_01,MCD12Q2,A2016001,Lat46.4089Lon-119.275Samp1Line1,2022113040103,MidGreendown.Num_Modes_01,32767
MCD12Q2.A2016001.h09v04.061.2022113040103.MidGreendown.Num_Modes_02,MCD12Q2,A2016001,Lat46.4089Lon-119.275Samp1Line1,2022113040103,MidGreendown.Num_Modes_02,32767
MCD12Q2.A2016001.h09v04.061.2022113040103.MidGreenup.Num_Modes_01,MCD12Q2,A2016001,Lat46.4089Lon-119.275Samp1Line1,2022113040103,MidGreenup.Num_Modes_01,32767
MCD12Q2.A2016001.h09v04.061.2022113040103.MidGreenup.Num_Modes_02,MCD12Q2,A2016001,Lat46.4089Lon-119.275Samp1Line1,2022113040103,MidGreenup.Num_Modes_02,32767
MCD12Q2.A2016001.h09v04.061.2022113040103.Peak.Num_Modes_01,MCD12Q2,A2016001,Lat46.4089Lon-119.275Samp1Line1,2022113040103,Peak.Num_Modes_01,32767
MCD12Q2.A2016001.h09v04.061.2022113040103.Peak.Num_Modes_02,MCD12Q2,A2016001,Lat46.4089Lon-119.275Samp1Line1,2022113040103,Peak.Num_Modes_02,32767
MCD12Q2.A2016001.h09v04.061.2022113040103.Senescence.Num_Modes_01,MCD12Q2,A2016001,Lat46.4089Lon-119.275Samp1Line1,2022113040103,Senescence.Num_Modes_01,32767
MCD12Q2.A2016001.h09v04.061.2022113040103.Senescence.Num_Modes_02,MCD12Q2,A2016001,Lat46.4089Lon-119.275Samp1Line1,2022113040103,Senescence.Num_Modes_02,32767
MCD12Q2.A2016001.h09v04.061.2022113040103.EVI_Amplitude.Num_Modes_01,MCD12Q2,A2016001,Lat46.4089Lon-119.275Samp1Line1,2022113040103,EVI_Amplitude.Num_Modes_01,32767
MCD12Q2.A2016001.h09v04.061.2022113040103.EVI_Amplitude.Num_Modes_02,MCD12Q2,A2016001,Lat46.4089Lon-119.275Samp1Line1,2022113040103,EVI_Amplitude.Num_Modes_02,32767
MCD12Q2.A2016001.h09v04.061.2022113040103.EVI_Area.Num_Modes_01,MCD12Q2,A2016001,Lat46.4089Lon-119.275Samp1Line1,2022113040103,EVI_Area.Num_Modes_01,32767
MCD12Q2.A2016001.h09v04.061.2022113040103.EVI_Area.Num_Modes_02,MCD12Q2,A2016001,Lat46.4089Lon-119.275Samp1Line1,2022113040103,EVI_Area.Num_Modes_02,32767
MCD12Q2.A2016001.h09v04.061.2022113040103.EVI_Minimum.Num_Modes_01,MCD12Q2,A2016001,Lat46.4089Lon-119.275Samp1Line1,2022113040103,EVI_Minimum.Num_Modes_01,32767
MCD12Q2.A2016001.h09v04.061.2022113040103.EVI_Minimum.Num_Modes_02,MCD12Q2,A2016001,Lat46.4089Lon-119.275Samp1Line1,2022113040103,EVI_Minimum.Num_Modes_02,32767
MCD12Q2.A2016001.h09v04.061.2022113040103.QA_Detailed.Num_Modes_01,MCD12Q2,A2016001,Lat46.4089Lon-119.275Samp1Line1,2022113040103,QA_Detailed.Num_Modes_01,32767
MCD12Q2.A2016001.h09v04.061.2022113040103.QA_Detailed.Num_Modes_02,MCD12Q2,A2016001,Lat46.4089Lon-119.275Samp1Line1,2022113040103,QA_Detailed.Num_Modes_02,32767
MCD12Q2.A2016001.h09v04.061.2022113040103.QA_Overall.Num_Modes_01,MCD12Q2,A2016001,Lat46.4089Lon-119.275Samp1Line1,2022113040103,QA_Overall.Num_Modes_01,32767
MCD12Q2.A2016001.h09v04.061.2022113040103.QA_Overall.Num_Modes_02,MCD12Q2,A2016001,Lat46.4089Lon-119.275Samp1Line1,2022113040103,QA_Overall.Num_Modes_02,32767
MCD12Q2.A2016001.h09v04.061.2022113040103.NumCycles,MCD12Q2,A2016001,Lat46.4089Lon-119.275Samp1Line1,2022113040103,NumCycles,32767
MCD12Q2.A2017001.h09v04.061.2022114190654.Dormancy.Num_Modes_01,MCD12Q2,A2017001,Lat46.4089Lon-119.275Samp1Line1,2022114190654,Dormancy.Num_Modes_01,17347
MCD12Q2.A2017001.h09v04.061.2022114190654.Dormancy.Num_Modes_02,MCD12Q2,A2017001,Lat46.4089Lon-119.275Samp1Line1,2022114190654,Dormancy.Num_Modes_02,32767
MCD12Q2.A2017001.h09v04.061.2022114190654.Greenup.Num_Modes_01,MCD12Q2,A2017001,Lat46.4089Lon-119.275Samp1Line1,2022114190654,Greenup.Num_Modes_01,17213
MCD12Q2.A2017001.h09v04.061.2022114190654.Greenup.Num_Modes_02,MCD12Q2,A2017001,Lat46.4089Lon-119.275Samp1Line1,2022114190654,Greenup.Num_Modes_02,32767
MCD12Q2.A2017001.h09v04.061.2022114190654.Maturity.Num_Modes_01,MCD12Q2,A2017001,Lat46.4089Lon-119.275Samp1Line1,2022114190654,Maturity.Num_Modes_01,17258
MCD12Q2.A2017001.h09v04.061.2022114190654.Maturity.Num_Modes_02,MCD12Q2,A2017001,Lat46.4089Lon-119.275Samp1Line1,2022114190654,Maturity.Num_Modes_02,32767
MCD12Q2.A2017001.h09v04.061.2022114190654.MidGreendown.Num_Modes_01,MCD12Q2,A2017001,Lat46.4089Lon-119.275Samp1Line1,2022114190654,MidGreendown.Num_Modes_01,17316
MCD12Q2.A2017001.h09v04.061.2022114190654.MidGreendown.Num_Modes_02,MCD12Q2,A2017001,Lat46.4089Lon-119.275Samp1Line1,2022114190654,MidGreendown.Num_Modes_02,32767
MCD12Q2.A2017001.h09v04.061.2022114190654.MidGreenup.Num_Modes_01,MCD12Q2,A2017001,Lat46.4089Lon-119.275Samp1Line1,2022114190654,MidGreenup.Num_Modes_01,17232
MCD12Q2.A2017001.h09v04.061.2022114190654.MidGreenup.Num_Modes_02,MCD12Q2,A2017001,Lat46.4089Lon-119.275Samp1Line1,2022114190654,MidGreenup.Num_Modes_02,32767
MCD12Q2.A2017001.h09v04.061.2022114190654.Peak.Num_Modes_01,MCD12Q2,A2017001,Lat46.4089Lon-119.275Samp1Line1,2022114190654,Peak.Num_Modes_01,17274
MCD12Q2.A2017001.h09v04.061.2022114190654.Peak.Num_Modes_02,MCD12Q2,A2017001,Lat46.4089Lon-119.275Samp1Line1,2022114190654,Peak.Num_Modes_02,32767
MCD12Q2.A2017001.h09v04.061.2022114190654.Senescence.Num_Modes_01,MCD12Q2,A2017001,Lat46.4089Lon-119.275Samp1Line1,2022114190654,Senescence.Num_Modes_01,17291
MCD12Q2.A2017001.h09v04.061.2022114190654.Senescence.Num_Modes_02,MCD12Q2,A2017001,Lat46.4089Lon-119.275Samp1Line1,2022114190654,Senescence.Num_Modes_02,32767
MCD12Q2.A2017001.h09v04.061.2022114190654.EVI_Amplitude.Num_Modes_01,MCD12Q2,A2017001,Lat46.4089Lon-119.275Samp1Line1,2022114190654,EVI_Amplitude.Num_Modes_01,1178
MCD12Q2.A2017001.h09v04.061.2022114190654.EVI_Amplitude.Num_Modes_02,MCD12Q2,A2017001,Lat46.4089Lon-119.275Samp1Line1,2022114190654,EVI_Amplitude.Num_Modes_02,32767
MCD12Q2.A2017001.h09v04.061.2022114190654.EVI_Area.Num_Modes_01,MCD12Q2,A2017001,Lat46.4089Lon-119.275Samp1Line1,2022114190654,EVI_Area.Num_Modes_01,49
MCD12Q2.A2017001.h09v04.061.2022114190654.EVI_Area.Num_Modes_02,MCD12Q2,A2017001,Lat46.4089Lon-119.275Samp1Line1,2022114190654,EVI_Area.Num_Modes_02,32767
MCD12Q2.A2017001.h09v04.061.2022114190654.EVI_Minimum.Num_Modes_01,MCD12Q2,A2017001,Lat46.4089Lon-119.275Samp1Line1,2022114190654,EVI_Minimum.Num_Modes_01,1200
MCD12Q2.A2017001.h09v04.061.2022114190654.EVI_Minimum.Num_Modes_02,MCD12Q2,A2017001,Lat46.4089Lon-119.275Samp1Line1,2022114190654,EVI_Minimum.Num_Modes_02,32767
MCD12Q2.A2017001.h09v04.061.2022114190654.QA_Detailed.Num_Modes_01,MCD12Q2,A2017001,Lat46.4089Lon-119.275Samp1Line1,2022114190654,QA_Detailed.Num_Modes_01,2
MCD12Q2.A2017001.h09v04.061.2022114190654.QA_Detailed.Num_Modes_02,MCD12Q2,A2017001,Lat46.4089Lon-119.275Samp1Line1,2022114190654,QA_Detailed.Num_Modes_02,32767
MCD12Q2.A2017001.h09v04.061.2022114190654.QA_Overall.Num_Modes_01,MCD12Q2,A2017001,Lat46.4089Lon-119.275Samp1Line1,2022114190654,QA_Overall.Num_Modes_01,0
MCD12Q2.A2017001.h09v04.061.2022114190654.QA_Overall.Num_Modes_02,MCD12Q2,A2017001,Lat46.4089Lon-119.275Samp1Line1,2022114190654,QA_Overall.Num_Modes_02,32767
MCD12Q2.A2017001.h09v04.061.2022114190654.NumCycles,MCD12Q2,A2017001,Lat46.4089Lon-119.275Samp1Line1,2022114190654,NumCycles,1
MCD12Q2.A2018001.h09v04.061.2022115185308.Dormancy.Num_Modes_01,MCD12Q2,A2018001,Lat46.4089Lon-119.275Samp1Line1,2022115185308,Dormancy.Num_Modes_01,32767
MCD12Q2.A2018001.h09v04.061.2022115185308.Dormancy.Num_Modes_02,MCD12Q2,A2018001,Lat46.4089Lon-119.275Samp1Line1,2022115185308,Dormancy.Num_Modes_02,32767
MCD12Q2.A2018001.h09v04.061.2022115185308.Greenup.Num_Modes_01,MCD12Q2,A2018001,Lat46.4089Lon-119.275Samp1Line1,2022115185308,Greenup.Num_Modes_01,32767
MCD12Q2.A2018001.h09v04.061.2022115185308.Greenup.Num_Modes_02,MCD12Q2,A2018001,Lat46.4089Lon-119.275Samp1Line1,2022115185308,Greenup.Num_Modes_02,32767
MCD12Q2.A2018001.h09v04.061.2022115185308.Maturity.Num_Modes_01,MCD12Q2,A2018001,Lat46.4089Lon-119.275Samp1Line1,2022115185308,Maturity.Num_Modes_01,32767
MCD12Q2.A2018001.h09v04.061.2022115185308.Maturity.Num_Modes_02,MCD12Q2,A2018001,Lat46.4089Lon-119.275Samp1Line1,2022115185308,Maturity.Num_Modes_02,32767
MCD12Q2.A2018001.h09v04.061.2022115185308.MidGreendown.Num_Modes_01,MCD12Q2,A2018001,Lat46.4089Lon-119.275Samp1Line1,2022115185308,MidGreendown.Num_Modes_01,32767
MCD12Q2.A2018001.h09v04.061.2022115185308.MidGreendown.Num_Modes_02,MCD12Q2,A2018001,Lat46.4089Lon-119.275Samp1Line1,2022115185308,MidGreendown.Num_Modes_02,32767
MCD12Q2.A2018001.h09v04.061.2022115185308.MidGreenup.Num_Modes_01,MCD12Q2,A2018001,Lat46.4089Lon-119.275Samp1Line1,2022115185308,MidGreenup.Num_Modes_01,32767
MCD12Q2.A2018001.h09v04.061.2022115185308.MidGreenup.Num_Modes_02,MCD12Q2,A2018001,Lat46.4089Lon-119.275Samp1Line1,2022115185308,MidGreenup.Num_Modes_02,32767
MCD12Q2.A2018001.h09v04.061.2022115185308.Peak.Num_Modes_01,MCD12Q2,A2018001,Lat46.4089Lon-119.275Samp1Line1,2022115185308,Peak.Num_Modes_01,32767
MCD12Q2.A2018001.h09v04.061.2022115185308.Peak.Num_Modes_02,MCD12Q2,A2018001,Lat46.4089Lon-119.275Samp1Line1,2022115185308,Peak.Num_Modes_02,32767
MCD12Q2.A2018001.h09v04.061.2022115185308.Senescence.Num_Modes_01,MCD12Q2,A2018001,Lat46.4089Lon-119.275Samp1Line1,2022115185308,Senescence.Num_Modes_01,32767
MCD12Q2.A2018001.h09v04.061.2022115185308.Senescence.Num_Modes_02,MCD12Q2,A2018001,Lat46.4089Lon-119.275Samp1Line1,2022115185308,Senescence.Num_Modes_02,32767
MCD12Q2.A2018001.h09v04.061.2022115185308.EVI_Amplitude.Num_Modes_01,MCD12Q2,A2018001,Lat46.4089Lon-119.275Samp1Line1,2022115185308,EVI_Amplitude.Num_Modes_01,32767
MCD12Q2.A2018001.h09v04.061.2022115185308.EVI_Amplitude.Num_Modes_02,MCD12Q2,A2018001,Lat46.4089Lon-119.275Samp1Line1,2022115185308,EVI_Amplitude.Num_Modes_02,32767
MCD12Q2.A2018001.h09v04.061.2022115185308.EVI_Area.Num_Modes_01,MCD12Q2,A2018001,Lat46.4089Lon-119.275Samp1Line1,2022115185308,EVI_Area.Num_Modes_01,32767
MCD12Q2.A2018001.h09v04.061.2022115185308.EVI_Area.Num_Modes_02,MCD12Q2,A2018001,Lat46.4089Lon-119.275Samp1Line1,2022115185308,EVI_Area.Num_Modes_02,32767
MCD12Q2.A2018001.h09v04.061.2022115185308.EVI_Minimum.Num_Modes_01,MCD12Q2,A2018001,Lat46.4089Lon-119.275Samp1Line1,2022115185308,EVI_Minimum.Num_Modes_01,32767
MCD12Q2.A2018001.h09v04.061.2022115185308.EVI_Minimum.Num_Modes_02,MCD12Q2,A2018001,Lat46.4089Lon-119.275Samp1Line1,2022115185308,EVI_Minimum.Num_Modes_02,32767
MCD12Q2.A2018001.h09v04.061.2022115185308.QA_Detailed.Num_Modes_01,MCD12Q2,A2018001,Lat46.4089Lon-119.275Samp1Line1,2022115185308,QA_Detailed.Num_Modes_01,32767
MCD12Q2.A2018001.h09v04.061.2022115185308.QA_Detailed.Num_Modes_02,MCD12Q2,A2018001,Lat46.4089Lon-119.275Samp1Line1,2022115185308,QA_Detailed.Num_Modes_02,32767
MCD12Q2.A2018001.h09v04.061.2022115185308.QA_Overall.Num_Modes_01,MCD12Q2,A2018001,Lat46.4089Lon-119.275Samp1Line1,2022115185308,QA_Overall.Num_Modes_01,32767
MCD12Q2.A2018001.h09v04.061.2022115185308.QA_Overall.Num_Modes_02,MCD12Q2,A2018001,Lat46.4089Lon-119.275Samp1Line1,2022115185308,QA_Overall.Num_Modes_02,32767
MCD12Q2.A2018001.h09v04.061.2022115185308.NumCycles,MCD12Q2,A2018001,Lat46.4089Lon-119.275Samp1Line1,2022115185308,NumCycles,32767
MCD12Q2.A2019001.h09v04.061.2022116154905.Dormancy.Num_Modes_01,MCD12Q2,A2019001,Lat46.4089Lon-119.275Samp1Line1,2022116154905,Dormancy.Num_Modes_01,32767
MCD12Q2.A2019001.h09v04.061.2022116154905.Dormancy.Num_Modes_02,MCD12Q2,A2019001,Lat46.4089Lon-119.275Samp1Line1,2022116154905,Dormancy.Num_Modes_02,32767
MCD12Q2.A2019001.h09v04.061.2022116154905.Greenup.Num_Modes_01,MCD12Q2,A2019001,Lat46.4089Lon-119.275Samp1Line1,2022116154905,Greenup.Num_Modes_01,32767
MCD12Q2.A2019001.h09v04.061.2022116154905.Greenup.Num_Modes_02,MCD12Q2,A2019001,Lat46.4089Lon-119.275Samp1Line1,2022116154905,Greenup.Num_Modes_02,32767
MCD12Q2.A2019001.h09v04.061.2022116154905.Maturity.Num_Modes_01,MCD12Q2,A2019001,Lat46.4089Lon-119.275Samp1Line1,2022116154905,Maturity.Num_Modes_01,32767
MCD12Q2.A2019001.h09v04.061.2022116154905.Maturity.Num_Modes_02,MCD12Q2,A2019001,Lat46.4089Lon-119.275Samp1Line1,2022116154905,Maturity.Num_Modes_02,32767
MCD12Q2.A2019001.h09v04.061.2022116154905.MidGreendown.Num_Modes_01,MCD12Q2,A2019001,Lat46.4089Lon-119.275Samp1Line1,2022116154905,MidGreendown.Num_Modes_01,32767
MCD12Q2.A2019001.h09v04.061.2022116154905.MidGreendown.Num_Modes_02,MCD12Q2,A2019001,Lat46.4089Lon-119.275Samp1Line1,2022116154905,MidGreendown.Num_Modes_02,32767
MCD12Q2.A2019001.h09v04.061.2022116154905.MidGreenup.Num_Modes_01,MCD12Q2,A2019001,Lat46.4089Lon-119.275Samp1Line1,2022116154905,MidGreenup.Num_Modes_01,32767
MCD12Q2.A2019001.h09v04.061.2022116154905.MidGreenup.Num_Modes_02,MCD12Q2,A2019001,Lat46.4089Lon-119.275Samp1Line1,2022116154905,MidGreenup.Num_Modes_02,32767
MCD12Q2.A2019001.h09v04.061.2022116154905.Peak.Num_Modes_01,MCD12Q2,A2019001,Lat46.4089Lon-119.275Samp1Line1,2022116154905,Peak.Num_Modes_01,32767
MCD12Q2.A2019001.h09v04.061.2022116154905.Peak.Num_Modes_02,MCD12Q2,A2019001,Lat46.4089Lon-119.275Samp1Line1,2022116154905,Peak.Num_Modes_02,32767
MCD12Q2.A2019001.h09v04.061.2022116154905.Senescence.Num_Modes_01,MCD12Q2,A2019001,Lat46.4089Lon-119.275Samp1Line1,2022116154905,Senescence.Num_Modes_01,32767
MCD12Q2.A2019001.h09v04.061.2022116154905.Senescence.Num_Modes_02,MCD12Q2,A2019001,Lat46.4089Lon-119.275Samp1Line1,2022116154905,Senescence.Num_Modes_02,32767
MCD12Q2.A2019001.h09v04.061.2022116154905.EVI_Amplitude.Num_Modes_01,MCD12Q2,A2019001,Lat46.4089Lon-119.275Samp1Line1,2022116154905,EVI_Amplitude.Num_Modes_01,32767
MCD12Q2.A2019001.h09v04.061.2022116154905.EVI_Amplitude.Num_Modes_02,MCD12Q2,A2019001,Lat46.4089Lon-119.275Samp1Line1,2022116154905,EVI_Amplitude.Num_Modes_02,32767
MCD12Q2.A2019001.h09v04.061.2022116154905.EVI_Area.Num_Modes_01,MCD12Q2,A2019001,Lat46.4089Lon-119.275Samp1Line1,2022116154905,EVI_Area.Num_Modes_01,32767
MCD12Q2.A2019001.h09v04.061.2022116154905.EVI_Area.Num_Modes_02,MCD12Q2,A2019001,Lat46.4089Lon-119.275Samp1Line1,2022116154905,EVI_Area.Num_Modes_02,32767
MCD12Q2.A2019001.h09v04.061.2022116154905.EVI_Minimum.Num_Modes_01,MCD12Q2,A2019001,Lat46.4089Lon-119.275Samp1Line1,2022116154905,EVI_Minimum.Num_Modes_01,32767
MCD12Q2.A2019001.h09v04.061.2022116154905.EVI_Minimum.Num_Modes_02,MCD12Q2,A2019001,Lat46.4089Lon-119.275Samp1Line1,2022116154905,EVI_Minimum.Num_Modes_02,32767
MCD12Q2.A2019001.h09v04.061.2022116154905.QA_Detailed.Num_Modes_01,MCD12Q2,A2019001,Lat46.4089Lon-119.275Samp1Line1,2022116154905,QA_Detailed.Num_Modes_01,32767
MCD12Q2.A2019001.h09v04.061.2022116154905.QA_Detailed.Num_Modes_02,MCD12Q2,A2019001,Lat46.4089Lon-119.275Samp1Line1,2022116154905,QA_Detailed.Num_Modes_02,32767
MCD12Q2.A2019001.h09v04.061.2022116154905.QA_Overall.Num_Modes_01,MCD12Q2,A2019001,Lat46.4089Lon-119.275Samp1Line1,2022116154905,QA_Overall.Num_Modes_01,32767
MCD12Q2.A2019001.h09v04.061.2022116154905.QA_Overall.Num_Modes_02,MCD12Q2,A2019001,Lat46.4089Lon-119.275Samp1Line1,2022116154905,QA_Overall.Num_Modes_02,32767
MCD12Q2.A2019001.h09v04.061.2022116154905.NumCycles,MCD12Q2,A2019001,Lat46.4089Lon-119.275Samp1Line1,2022116154905,NumCycles,32767
MCD12Q2.A2020001.h09v04.061.2022117194309.Dormancy.Num_Modes_01,MCD12Q2,A2020001,Lat46.4089Lon-119.275Samp1Line1,2022117194309,Dormancy.Num_Modes_01,32767
MCD12Q2.A2020001.h09v04.061.2022117194309.Dormancy.Num_Modes_02,MCD12Q2,A2020001,Lat46.4089Lon-119.275Samp1Line1,2022117194309,Dormancy.Num_Modes_02,32767
MCD12Q2.A2020001.h09v04.061.2022117194309.Greenup.Num_Modes_01,MCD12Q2,A2020001,Lat46.4089Lon-119.275Samp1Line1,2022117194309,Greenup.Num_Modes_01,32767
MCD12Q2.A2020001.h09v04.061.2022117194309.Greenup.Num_Modes_02,MCD12Q2,A2020001,Lat46.4089Lon-119.275Samp1Line1,2022117194309,Greenup.Num_Modes_02,32767
MCD12Q2.A2020001.h09v04.061.2022117194309.Maturity.Num_Modes_01,MCD12Q2,A2020001,Lat46.4089Lon-119.275Samp1Line1,2022117194309,Maturity.Num_Modes_01,32767
MCD12Q2.A2020001.h09v04.061.2022117194309.Maturity.Num_Modes_02,MCD12Q2,A2020001,Lat46.4089Lon-119.275Samp1Line1,2022117194309,Maturity.Num_Modes_02,32767
MCD12Q2.A2020001.h09v04.061.2022117194309.MidGreendown.Num_Modes_01,MCD12Q2,A2020001,Lat46.4089Lon-119.275Samp1Line1,2022117194309,MidGreendown.Num_Modes_01,32767
MCD12Q2.A2020001.h09v04.061.2022117194309.MidGreendown.Num_Modes_02,MCD12Q2,A2020001,Lat46.4089Lon-119.275Samp1Line1,2022117194309,MidGreendown.Num_Modes_02,32767
MCD12Q2.A2020001.h09v04.061.2022117194309.MidGreenup.Num_Modes_01,MCD12Q2,A2020001,Lat46.4089Lon-119.275Samp1Line1,2022117194309,MidGreenup.Num_Modes_01,32767
MCD12Q2.A2020001.h09v04.061.2022117194309.MidGreenup.Num_Modes_02,MCD12Q2,A2020001,Lat46.4089Lon-119.275Samp1Line1,2022117194309,MidGreenup.Num_Modes_02,32767
MCD12Q2.A2020001.h09v04.061.2022117194309.Peak.Num_Modes_01,MCD12Q2,A2020001,Lat46.4089Lon-119.275Samp1Line1,2022117194309,Peak.Num_Modes_01,32767
MCD12Q2.A2020001.h09v04.061.2022117194309.Peak.Num_Modes_02,MCD12Q2,A2020001,Lat46.4089Lon-119.275Samp1Line1,2022117194309,Peak.Num_Modes_02,32767
MCD12Q2.A2020001.h09v04.061.2022117194309.Senescence.Num_Modes_01,MCD12Q2,A2020001,Lat46.4089Lon-119.275Samp1Line1,2022117194309,Senescence.Num_Modes_01,32767
MCD12Q2.A2020001.h09v04.061.2022117194309.Senescence.Num_Modes_02,MCD12Q2,A2020001,Lat46.4089Lon-119.275Samp1Line1,2022117194309,Senescence.Num_Modes_02,32767
MCD12Q2.A2020001.h09v04.061.2022117194309.EVI_Amplitude.Num_Modes_01,MCD12Q2,A2020001,Lat46.4089Lon-119.275Samp1Line1,2022117194309,EVI_Amplitude.Num_Modes_01,32767
MCD12Q2.A2020001.h09v04.061.2022117194309.EVI_Amplitude.Num_Modes_02,MCD12Q2,A2020001,Lat46.4089Lon-119.275Samp1Line1,2022117194309,EVI_Amplitude.Num_Modes_02,32767
MCD12Q2.A2020001.h09v04.061.2022117194309.EVI_Area.Num_Modes_01,MCD12Q2,A2020001,Lat46.4089Lon-119.275Samp1Line1,2022117194309,EVI_Area.Num_Modes_01,32767
MCD12Q2.A2020001.h09v04.061.2022117194309.EVI_Area.Num_Modes_02,MCD12Q2,A2020001,Lat46.4089Lon-119.275Samp1Line1,2022117194309,EVI_Area.Num_Modes_02,32767
MCD12Q2.A2020001.h09v04.061.2022117194309.EVI_Minimum.Num_Modes_01,MCD12Q2,A2020001,Lat46.4089Lon-119.275Samp1Line1,2022117194309,EVI_Minimum.Num_Modes_01,32767
MCD12Q2.A2020001.h09v04.061.2022117194309.EVI_Minimum.Num_Modes_02,MCD12Q2,A2020001,Lat46.4089Lon-119.275Samp1Line1,2022117194309,EVI_Minimum.Num_Modes_02,32767
MCD12Q2.A2020001.h09v04.061.2022117194309.QA_Detailed.Num_Modes_01,MCD12Q2,A2020001,Lat46.4089Lon-119.275Samp1Line1,2022117194309,QA_Detailed.Num_Modes_01,32767
MCD12Q2.A2020001.h09v04.061.2022117194309.QA_Detailed.Num_Modes_02,MCD12Q2,A2020001,Lat46.4089Lon-119.275Samp1Line1,2022117194309,QA_Detailed.Num_Modes_02,32767
MCD12Q2.A2020001.h09v04.061.2022117194309.QA_Overall.Num_Modes_01,MCD12Q2,A2020001,Lat46.4089Lon-119.275Samp1Line1,2022117194309,QA_Overall.Num_Modes_01,32767
MCD12Q2.A2020001.h09v04.061.2022117194309.QA_Overall.Num_Modes_02,MCD12Q2,A2020001,Lat46.4089Lon-119.275Samp1Line1,2022117194309,QA_Overall.Num_Modes_02,32767
MCD12Q2.A2020001.h09v04.061.2022117194309.NumCycles,MCD12Q2,A2020001,Lat46.4089Lon-119.275Samp1Line1,2022117194309,NumCycles,32767
MCD12Q2.A2021001.h09v04.061.2022294172527.Dormancy.Num_Modes_01,MCD12Q2,A2021001,Lat46.4089Lon-119.275Samp1Line1,2022294172527,Dormancy.Num_Modes_01,32767
MCD12Q2.A2021001.h09v04.061.2022294172527.Dormancy.Num_Modes_02,MCD12Q2,A2021001,Lat46.4089Lon-119.275Samp1Line1,2022294172527,Dormancy.Num_Modes_02,32767
MCD12Q2.A2021001.h09v04.061.2022294172527.Greenup.Num_Modes_01,MCD12Q2,A2021001,Lat46.4089Lon-119.275Samp1Line1,2022294172527,Greenup.Num_Modes_01,32767
MCD12Q2.A2021001.h09v04.061.2022294172527.Greenup.Num_Modes_02,MCD12Q2,A2021001,Lat46.4089Lon-119.275Samp1Line1,2022294172527,Greenup.Num_Modes_02,32767
MCD12Q2.A2021001.h09v04.061.2022294172527.Maturity.Num_Modes_01,MCD12Q2,A2021001,Lat46.4089Lon-119.275Samp1Line1,2022294172527,Maturity.Num_Modes_01,32767
MCD12Q2.A2021001.h09v04.061.2022294172527.Maturity.Num_Modes_02,MCD12Q2,A2021001,Lat46.4089Lon-119.275Samp1Line1,2022294172527,Maturity.Num_Modes_02,32767
MCD12Q2.A2021001.h09v04.061.2022294172527.MidGreendown.Num_Modes_01,MCD12Q2,A2021001,Lat46.4089Lon-119.275Samp1Line1,2022294172527,MidGreendown.Num_Modes_01,32767
MCD12Q2.A2021001.h09v04.061.2022294172527.MidGreendown.Num_Modes_02,MCD12Q2,A2021001,Lat46.4089Lon-119.275Samp1Line1,2022294172527,MidGreendown.Num_Modes_02,32767
MCD12Q2.A2021001.h09v04.061.2022294172527.MidGreenup.Num_Modes_01,MCD12Q2,A2021001,Lat46.4089Lon-119.275Samp1Line1,2022294172527,MidGreenup.Num_Modes_01,32767
MCD12Q2.A2021001.h09v04.061.2022294172527.MidGreenup.Num_Modes_02,MCD12Q2,A2021001,Lat46.4089Lon-119.275Samp1Line1,2022294172527,MidGreenup.Num_Modes_02,32767
MCD12Q2.A2021001.h09v04.061.2022294172527.Peak.Num_Modes_01,MCD12Q2,A2021001,Lat46.4089Lon-119.275Samp1Line1,2022294172527,Peak.Num_Modes_01,32767
MCD12Q2.A2021001.h09v04.061.2022294172527.Peak.Num_Modes_02,MCD12Q2,A2021001,Lat46.4089Lon-119.275Samp1Line1,2022294172527,Peak.Num_Modes_02,32767
MCD12Q2.A2021001.h09v04.061.2022294172527.Senescence.Num_Modes_01,MCD12Q2,A2021001,Lat46.4089Lon-119.275Samp1Line1,2022294172527,Senescence.Num_Modes_01,32767
MCD12Q2.A2021001.h09v04.061.2022294172527.Senescence.Num_Modes_02,MCD12Q2,A2021001,Lat46.4089Lon-119.275Samp1Line1,2022294172527,Senescence.Num_Modes_02,32767
MCD12Q2.A2021001.h09v04.061.2022294172527.EVI_Amplitude.Num_Modes_01,MCD12Q2,A2021001,Lat46.4089Lon-119.275Samp1Line1,2022294172527,EVI_Amplitude.Num_Modes_01,32767
MCD12Q2.A2021001.h09v04.061.2022294172527.EVI_Amplitude.Num_Modes_02,MCD12Q2,A2021001,Lat46.4089Lon-119.275Samp1Line1,2022294172527,EVI_Amplitude.Num_Modes_02,32767
MCD12Q2.A2021001.h09v04.061.2022294172527.EVI_Area.Num_Modes_01,MCD12Q2,A2021001,Lat46.4089Lon-119.275Samp1Line1,2022294172527,EVI_Area.Num_Modes_01,32767
MCD12Q2.A2021001.h09v04.061.2022294172527.EVI_Area.Num_Modes_02,MCD12Q2,A2021001,Lat46.4089Lon-119.275Samp1Line1,2022294172527,EVI_Area.Num_Modes_02,32767
MCD12Q2.A2021001.h09v04.061.2022294172527.EVI_Minimum.Num_Modes_01,MCD12Q2,A2021001,Lat46.4089Lon-119.275Samp1Line1,2022294172527,EVI_Minimum.Num_Modes_01,32767
MCD12Q2.A2021001.h09v04.061.2022294172527.EVI_Minimum.Num_Modes_02,MCD12Q2,A2021001,Lat46.4089Lon-119.275Samp1Line1,2022294172527,EVI_Minimum.Num_Modes_02,32767
MCD12Q2.A2021001.h09v04.061.2022294172527.QA_Detailed.Num_Modes_01,MCD12Q2,A2021001,Lat46.4089Lon-119.275Samp1Line1,2022294172527,QA_Detailed.Num_Modes_01,32767
MCD12Q2.A2021001.h09v04.061.2022294172527.QA_Detailed.Num_Modes_02,MCD12Q2,A2021001,Lat46.4089Lon-119.275Samp1Line1,2022294172527,QA_Detailed.Num_Modes_02,32767
MCD12Q2.A2021001.h09v04.061.2022294172527.QA_Overall.Num_Modes_01,MCD12Q2,A2021001,Lat46.4089Lon-119.275Samp1Line1,2022294172527,QA_Overall.Num_Modes_01,32767
MCD12Q2.A2021001.h09v04.061.2022294172527.QA_Overall.Num_Modes_02,MCD12Q2,A2021001,Lat46.4089Lon-119.275Samp1Line1,2022294172527,QA_Overall.Num_Modes_02,32767
MCD12Q2.A2021001.h09v04.061.2022294172527.NumCycles,MCD12Q2,A2021001,Lat46.4089Lon-119.275Samp1Line1,2022294172527,NumCycles,32767
