MOD16A2.A2021001.h09v04.061.2021067191559.ET_500m,MOD16A2,A2021001,Lat46.4089Lon-119.275Samp1Line1,2021067191559,ET_500m,60
MOD16A2.A2021001.h09v04.061.2021067191559.ET_QC_500m,MOD16A2,A2021001,Lat46.4089Lon-119.275Samp1Line1,2021067191559,ET_QC_500m,65
MOD16A2.A2021001.h09v04.061.2021067191559.LE_500m,MOD16A2,A2021001,Lat46.4089Lon-119.275Samp1Line1,2021067191559,LE_500m,187
MOD16A2.A2021001.h09v04.061.2021067191559.PET_500m,MOD16A2,A2021001,Lat46.4089Lon-119.275Samp1Line1,2021067191559,PET_500m,77
MOD16A2.A2021001.h09v04.061.2021067191559.PLE_500m,MOD16A2,A2021001,Lat46.4089Lon-119.275Samp1Line1,2021067191559,PLE_500m,239
MOD16A2.A2021009.h09v04.061.2021068035558.ET_500m,MOD16A2,A2021009,Lat46.4089Lon-119.275Samp1Line1,2021068035558,ET_500m,67
MOD16A2.A2021009.h09v04.061.2021068035558.ET_QC_500m,MOD16A2,A2021009,Lat46.4089Lon-119.275Samp1Line1,2021068035558,ET_QC_500m,73
MOD16A2.A2021009.h09v04.061.2021068035558.LE_500m,MOD16A2,A2021009,Lat46.4089Lon-119.275Samp1Line1,2021068035558,LE_500m,210
MOD16A2.A2021009.h09v04.061.2021068035558.PET_500m,MOD16A2,A2021009,Lat46.4089Lon-119.275Samp1Line1,2021068035558,PET_500m,108
MOD16A2.A2021009.h09v04.061.2021068035558.PLE_500m,MOD16A2,A2021009,Lat46.4089Lon-119.275Samp1Line1,2021068035558,PLE_500m,337
MOD16A2.A2021017.h09v04.061.2021068124416.ET_500m,MOD16A2,A2021017,Lat46.4089Lon-119.275Samp1Line1,2021068124416,ET_500m,71
MOD16A2.A2021017.h09v04.061.2021068124416.ET_QC_500m,MOD16A2,A2021017,Lat46.4089Lon-119.275Samp1Line1,2021068124416,ET_QC_500m,8
MOD16A2.A2021017.h09v04.061.2021068124416.LE_500m,MOD16A2,A2021017,Lat46.4089Lon-119.275Samp1Line1,2021068124416,LE_500m,221
MOD16A2.A2021017.h09v04.061.2021068124416.PET_500m,MOD16A2,A2021017,Lat46.4089Lon-119.275Samp1Line1,2021068124416,PET_500m,102
MOD16A2.A2021017.h09v04.061.2021068124416.PLE_500m,MOD16A2,A2021017,Lat46.4089Lon-119.275Samp1Line1,2021068124416,PLE_500m,318
MOD16A2.A2021025.h09v04.061.2021068161500.ET_500m,MOD16A2,A2021025,Lat46.4089Lon-119.275Samp1Line1,2021068161500,ET_500m,78
MOD16A2.A2021025.h09v04.061.2021068161500.ET_QC_500m,MOD16A2,A2021025,Lat46.4089Lon-119.275Samp1Line1,2021068161500,ET_QC_500m,0
MOD16A2.A2021025.h09v04.061.2021068161500.LE_500m,MOD16A2,A2021025,Lat46.4089Lon-119.275Samp1Line1,2021068161500,LE_500m,243
MOD16A2.A2021025.h09v04.061.2021068161500.PET_500m,MOD16A2,A2021025,Lat46.4089Lon-119.275Samp1Line1,2021068161500,PET_500m,115
MOD16A2.A2021025.h09v04.061.2021068161500.PLE_500m,MOD16A2,A2021025,Lat46.4089Lon-119.275Samp1Line1,2021068161500,PLE_500m,359
MOD16A2.A2021033.h09v04.061.2021068224823.ET_500m,MOD16A2,A2021033,Lat46.4089Lon-119.275Samp1Line1,2021068224823,ET_500m,64
MOD16A2.A2021033.h09v04.061.2021068224823.ET_QC_500m,MOD16A2,A2021033,Lat46.4089Lon-119.275Samp1Line1,2021068224823,ET_QC_500m,8
MOD16A2.A2021033.h09v04.061.2021068224823.LE_500m,MOD16A2,A2021033,Lat46.4089Lon-119.275Samp1Line1,2021068224823,LE_500m,199
MOD16A2.A2021033.h09v04.061.2021068224823.PET_500m,MOD16A2,A2021033,Lat46.4089Lon-119.275Samp1Line1,2021068224823,PET_500m,151
MOD16A2.A2021033.h09v04.061.2021068224823.PLE_500m,MOD16A2,A2021033,Lat46.4089Lon-119.275Samp1Line1,2021068224823,PLE_500m,469
MOD16A2.A2021041.h09v04.061.2021069041444.ET_500m,MOD16A2,A2021041,Lat46.4089Lon-119.275Samp1Line1,2021069041444,ET_500m,50
MOD16A2.A2021041.h09v04.061.2021069041444.ET_QC_500m,MOD16A2,A2021041,Lat46.4089Lon-119.275Samp1Line1,2021069041444,ET_QC_500m,97
MOD16A2.A2021041.h09v04.061.2021069041444.LE_500m,MOD16A2,A2021041,Lat46.4089Lon-119.275Samp1Line1,2021069041444,LE_500m,158
MOD16A2.A2021041.h09v04.061.2021069041444.PET_500m,MOD16A2,A2021041,Lat46.4089Lon-119.275Samp1Line1,2021069041444,PET_500m,85
MOD16A2.A2021041.h09v04.061.2021069041444.PLE_500m,MOD16A2,A2021041,Lat46.4089Lon-119.275Samp1Line1,2021069041444,PLE_500m,267
MOD16A2.A2021049.h09v04.061.2021069070645.ET_500m,MOD16A2,A2021049,Lat46.4089Lon-119.275Samp1Line1,2021069070645,ET_500m,62
MOD16A2.A2021049.h09v04.061.2021069070645.ET_QC_500m,MOD16A2,A2021049,Lat46.4089Lon-119.275Samp1Line1,2021069070645,ET_QC_500m,0
MOD16A2.A2021049.h09v04.061.2021069070645.LE_500m,MOD16A2,A2021049,Lat46.4089Lon-119.275Samp1Line1,2021069070645,LE_500m,192
MOD16A2.A2021049.h09v04.061.2021069070645.PET_500m,MOD16A2,A2021049,Lat46.4089Lon-119.275Samp1Line1,2021069070645,PET_500m,124
MOD16A2.A2021049.h09v04.061.2021069070645.PLE_500m,MOD16A2,A2021049,Lat46.4089Lon-119.275Samp1Line1,2021069070645,PLE_500m,387
MOD16A2.A2021057.h09v04.061.2021075164457.ET_500m,MOD16A2,A2021057,Lat46.4089Lon-119.275Samp1Line1,2021075164457,ET_500m,60
MOD16A2.A2021057.h09v04.061.2021075164457.ET_QC_500m,MOD16A2,A2021057,Lat46.4089Lon-119.275Samp1Line1,2021075164457,ET_QC_500m,0
MOD16A2.A2021057.h09v04.061.2021075164457.LE_500m,MOD16A2,A2021057,Lat46.4089Lon-119.275Samp1Line1,2021075164457,LE_500m,187
MOD16A2.A2021057.h09v04.061.2021075164457.PET_500m,MOD16A2,A2021057,Lat46.4089Lon-119.275Samp1Line1,2021075164457,PET_500m,235
MOD16A2.A2021057.h09v04.061.2021075164457.PLE_500m,MOD16A2,A2021057,Lat46.4089Lon-119.275Samp1Line1,2021075164457,PLE_500m,730
MOD16A2.A2021065.h09v04.061.2021082092537.ET_500m,MOD16A2,A2021065,Lat46.4089Lon-119.275Samp1Line1,2021082092537,ET_500m,53
MOD16A2.A2021065.h09v04.061.2021082092537.ET_QC_500m,MOD16A2,A2021065,Lat46.4089Lon-119.275Samp1Line1,2021082092537,ET_QC_500m,8
MOD16A2.A2021065.h09v04.061.2021082092537.LE_500m,MOD16A2,A2021065,Lat46.4089Lon-119.275Samp1Line1,2021082092537,LE_500m,164
MOD16A2.A2021065.h09v04.061.2021082092537.PET_500m,MOD16A2,A2021065,Lat46.4089Lon-119.275Samp1Line1,2021082092537,PET_500m,241
MOD16A2.A2021065.h09v04.061.2021082092537.PLE_500m,MOD16A2,A2021065,Lat46.4089Lon-119.275Samp1Line1,2021082092537,PLE_500m,749
MOD16A2.A2021073.h09v04.061.2021089055502.ET_500m,MOD16A2,A2021073,Lat46.4089Lon-119.275Samp1Line1,2021089055502,ET_500m,56
MOD16A2.A2021073.h09v04.061.2021089055502.ET_QC_500m,MOD16A2,A2021073,Lat46.4089Lon-119.275Samp1Line1,2021089055502,ET_QC_500m,16
MOD16A2.A2021073.h09v04.061.2021089055502.LE_500m,MOD16A2,A2021073,Lat46.4089Lon-119.275Samp1Line1,2021089055502,LE_500m,174
MOD16A2.A2021073.h09v04.061.2021089055502.PET_500m,MOD16A2,A2021073,Lat46.4089Lon-119.275Samp1Line1,2021089055502,PET_500m,271
MOD16A2.A2021073.h09v04.061.2021089055502.PLE_500m,MOD16A2,A2021073,Lat46.4089Lon-119.275Samp1Line1,2021089055502,PLE_500m,840
MOD16A2.A2021081.h09v04.061.2021097024128.ET_500m,MOD16A2,A2021081,Lat46.4089Lon-119.275Samp1Line1,2021097024128,ET_500m,55
MOD16A2.A2021081.h09v04.061.2021097024128.ET_QC_500m,MOD16A2,A2021081,Lat46.4089Lon-119.275Samp1Line1,2021097024128,ET_QC_500m,0
MOD16A2.A2021081.h09v04.061.2021097024128.LE_500m,MOD16A2,A2021081,Lat46.4089Lon-119.275Samp1Line1,2021097024128,LE_500m,171
MOD16A2.A2021081.h09v04.061.2021097024128.PET_500m,MOD16A2,A2021081,Lat46.4089Lon-119.275Samp1Line1,2021097024128,PET_500m,284
MOD16A2.A2021081.h09v04.061.2021097024128.PLE_500m,MOD16A2,A2021081,Lat46.4089Lon-119.275Samp1Line1,2021097024128,PLE_500m,881
MOD16A2.A2021089.h09v04.061.2021105030214.ET_500m,MOD16A2,A2021089,Lat46.4089Lon-119.275Samp1Line1,2021105030214,ET_500m,38
MOD16A2.A2021089.h09v04.061.2021105030214.ET_QC_500m,MOD16A2,A2021089,Lat46.4089Lon-119.275Samp1Line1,2021105030214,ET_QC_500m,0
MOD16A2.A2021089.h09v04.061.2021105030214.LE_500m,MOD16A2,A2021089,Lat46.4089Lon-119.275Samp1Line1,2021105030214,LE_500m,117
MOD16A2.A2021089.h09v04.061.2021105030214.PET_500m,MOD16A2,A2021089,Lat46.4089Lon-119.275Samp1Line1,2021105030214,PET_500m,353
MOD16A2.A2021089.h09v04.061.2021105030214.PLE_500m,MOD16A2,A2021089,Lat46.4089Lon-119.275Samp1Line1,2021105030214,PLE_500m,1092
MOD16A2.A2021097.h09v04.061.2021113020310.ET_500m,MOD16A2,A2021097,Lat46.4089Lon-119.275Samp1Line1,2021113020310,ET_500m,31
MOD16A2.A2021097.h09v04.061.2021113020310.ET_QC_500m,MOD16A2,A2021097,Lat46.4089Lon-119.275Samp1Line1,2021113020310,ET_QC_500m,0
MOD16A2.A2021097.h09v04.061.2021113020310.LE_500m,MOD16A2,A2021097,Lat46.4089Lon-119.275Samp1Line1,2021113020310,LE_500m,97
MOD16A2.A2021097.h09v04.061.2021113020310.PET_500m,MOD16A2,A2021097,Lat46.4089Lon-119.275Samp1Line1,2021113020310,PET_500m,401
MOD16A2.A2021097.h09v04.061.2021113020310.PLE_500m,MOD16A2,A2021097,Lat46.4089Lon-119.275Samp1Line1,2021113020310,PLE_500m,1243
MOD16A2.A2021105.h09v04.061.2021121221453.ET_500m,MOD16A2,A2021105,Lat46.4089Lon-119.275Samp1Line1,2021121221453,ET_500m,25
MOD16A2.A2021105.h09v04.061.2021121221453.ET_QC_500m,MOD16A2,A2021105,Lat46.4089Lon-119.275Samp1Line1,2021121221453,ET_QC_500m,0
MOD16A2.A2021105.h09v04.061.2021121221453.LE_500m,MOD16A2,A2021105,Lat46.4089Lon-119.275Samp1Line1,2021121221453,LE_500m,76
MOD16A2.A2021105.h09v04.061.2021121221453.PET_500m,MOD16A2,A2021105,Lat46.4089Lon-119.275Samp1Line1,2021121221453,PET_500m,524
MOD16A2.A2021105.h09v04.061.2021121221453.PLE_500m,MOD16A2,A2021105,Lat46.4089Lon-119.275Samp1Line1,2021121221453,PLE_500m,1614
MOD16A2.A2021113.h09v04.061.2021130215002.ET_500m,MOD16A2,A2021113,Lat46.4089Lon-119.275Samp1Line1,2021130215002,ET_500m,45
MOD16A2.A2021113.h09v04.061.2021130215002.ET_QC_500m,MOD16A2,A2021113,Lat46.4089Lon-119.275Samp1Line1,2021130215002,ET_QC_500m,0
MOD16A2.A2021113.h09v04.061.2021130215002.LE_500m,MOD16A2,A2021113,Lat46.4089Lon-119.275Samp1Line1,2021130215002,LE_500m,139
MOD16A2.A2021113.h09v04.061.2021130215002.PET_500m,MOD16A2,A2021113,Lat46.4089Lon-119.275Samp1Line1,2021130215002,PET_500m,417
MOD16A2.A2021113.h09v04.061.2021130215002.PLE_500m,MOD16A2,A2021113,Lat46.4089Lon-119.275Samp1Line1,2021130215002,PLE_500m,1284
MOD16A2.A2021121.h09v04.061.2021137020814.ET_500m,MOD16A2,A2021121,Lat46.4089Lon-119.275Samp1Line1,2021137020814,ET_500m,38
MOD16A2.A2021121.h09v04.061.2021137020814.ET_QC_500m,MOD16A2,A2021121,Lat46.4089Lon-119.275Samp1Line1,2021137020814,ET_QC_500m,0
MOD16A2.A2021121.h09v04.061.2021137020814.LE_500m,MOD16A2,A2021121,Lat46.4089Lon-119.275Samp1Line1,2021137020814,LE_500m,118
MOD16A2.A2021121.h09v04.061.2021137020814.PET_500m,MOD16A2,A2021121,Lat46.4089Lon-119.275Samp1Line1,2021137020814,PET_500m,509
MOD16A2.A2021121.h09v04.061.2021137020814.PLE_500m,MOD16A2,A2021121,Lat46.4089Lon-119.275Samp1Line1,2021137020814,PLE_500m,1566
MOD16A2.A2021129.h09v04.061.2021146061329.ET_500m,MOD16A2,A2021129,Lat46.4089Lon-119.275Samp1Line1,2021146061329,ET_500m,30
MOD16A2.A2021129.h09v04.061.2021146061329.ET_QC_500m,MOD16A2,A2021129,Lat46.4089Lon-119.275Samp1Line1,2021146061329,ET_QC_500m,0
MOD16A2.A2021129.h09v04.061.2021146061329.LE_500m,MOD16A2,A2021129,Lat46.4089Lon-119.275Samp1Line1,2021146061329,LE_500m,92
MOD16A2.A2021129.h09v04.061.2021146061329.PET_500m,MOD16A2,A2021129,Lat46.4089Lon-119.275Samp1Line1,2021146061329,PET_500m,587
MOD16A2.A2021129.h09v04.061.2021146061329.PLE_500m,MOD16A2,A2021129,Lat46.4089Lon-119.275Samp1Line1,2021146061329,PLE_500m,1802
MOD16A2.A2021137.h09v04.061.2021153013320.ET_500m,MOD16A2,A2021137,Lat46.4089Lon-119.275Samp1Line1,2021153013320,ET_500m,36
MOD16A2.A2021137.h09v04.061.2021153013320.ET_QC_500m,MOD16A2,A2021137,Lat46.4089Lon-119.275Samp1Line1,2021153013320,ET_QC_500m,0
MOD16A2.A2021137.h09v04.061.2021153013320.LE_500m,MOD16A2,A2021137,Lat46.4089Lon-119.275Samp1Line1,2021153013320,LE_500m,111
MOD16A2.A2021137.h09v04.061.2021153013320.PET_500m,MOD16A2,A2021137,Lat46.4089Lon-119.275Samp1Line1,2021153013320,PET_500m,493
MOD16A2.A2021137.h09v04.061.2021153013320.PLE_500m,MOD16A2,A2021137,Lat46.4089Lon-119.275Samp1Line1,2021153013320,PLE_500m,1519
MOD16A2.A2021145.h09v04.061.2021161205838.ET_500m,MOD16A2,A2021145,Lat46.4089Lon-119.275Samp1Line1,2021161205838,ET_500m,27
MOD16A2.A2021145.h09v04.061.2021161205838.ET_QC_500m,MOD16A2,A2021145,Lat46.4089Lon-119.275Samp1Line1,2021161205838,ET_QC_500m,0
MOD16A2.A2021145.h09v04.061.2021161205838.LE_500m,MOD16A2,A2021145,Lat46.4089Lon-119.275Samp1Line1,2021161205838,LE_500m,82
MOD16A2.A2021145.h09v04.061.2021161205838.PET_500m,MOD16A2,A2021145,Lat46.4089Lon-119.275Samp1Line1,2021161205838,PET_500m,598
MOD16A2.A2021145.h09v04.061.2021161205838.PLE_500m,MOD16A2,A2021145,Lat46.4089Lon-119.275Samp1Line1,2021161205838,PLE_500m,1835
MOD16A2.A2021153.h09v04.061.2021169014108.ET_500m,MOD16A2,A2021153,Lat46.4089Lon-119.275Samp1Line1,2021169014108,ET_500m,23
MOD16A2.A2021153.h09v04.061.2021169014108.ET_QC_500m,MOD16A2,A2021153,Lat46.4089Lon-119.275Samp1Line1,2021169014108,ET_QC_500m,0
MOD16A2.A2021153.h09v04.061.2021169014108.LE_500m,MOD16A2,A2021153,Lat46.4089Lon-119.275Samp1Line1,2021169014108,LE_500m,72
MOD16A2.A2021153.h09v04.061.2021169014108.PET_500m,MOD16A2,A2021153,Lat46.4089Lon-119.275Samp1Line1,2021169014108,PET_500m,621
MOD16A2.A2021153.h09v04.061.2021169014108.PLE_500m,MOD16A2,A2021153,Lat46.4089Lon-119.275Samp1Line1,2021169014108,PLE_500m,1901
MOD16A2.A2021161.h09v04.061.2021177042118.ET_500m,MOD16A2,A2021161,Lat46.4089Lon-119.275Samp1Line1,2021177042118,ET_500m,45
MOD16A2.A2021161.h09v04.061.2021177042118.ET_QC_500m,MOD16A2,A2021161,Lat46.4089Lon-119.275Samp1Line1,2021177042118,ET_QC_500m,0
MOD16A2.A2021161.h09v04.061.2021177042118.LE_500m,MOD16A2,A2021161,Lat46.4089Lon-119.275Samp1Line1,2021177042118,LE_500m,139
MOD16A2.A2021161.h09v04.061.2021177042118.PET_500m,MOD16A2,A2021161,Lat46.4089Lon-119.275Samp1Line1,2021177042118,PET_500m,601
MOD16A2.A2021161.h09v04.061.2021177042118.PLE_500m,MOD16A2,A2021161,Lat46.4089Lon-119.275Samp1Line1,2021177042118,PLE_500m,1841
MOD16A2.A2021169.h09v04.061.2021188035939.ET_500m,MOD16A2,A2021169,Lat46.4089Lon-119.275Samp1Line1,2021188035939,ET_500m,16
MOD16A2.A2021169.h09v04.061.2021188035939.ET_QC_500m,MOD16A2,A2021169,Lat46.4089Lon-119.275Samp1Line1,2021188035939,ET_QC_500m,0
MOD16A2.A2021169.h09v04.061.2021188035939.LE_500m,MOD16A2,A2021169,Lat46.4089Lon-119.275Samp1Line1,2021188035939,LE_500m,49
MOD16A2.A2021169.h09v04.061.2021188035939.PET_500m,MOD16A2,A2021169,Lat46.4089Lon-119.275Samp1Line1,2021188035939,PET_500m,738
MOD16A2.A2021169.h09v04.061.2021188035939.PLE_500m,MOD16A2,A2021169,Lat46.4089Lon-119.275Samp1Line1,2021188035939,PLE_500m,2247
MOD16A2.A2021177.h09v04.061.2021193021904.ET_500m,MOD16A2,A2021177,Lat46.4089Lon-119.275Samp1Line1,2021193021904,ET_500m,6
MOD16A2.A2021177.h09v04.061.2021193021904.ET_QC_500m,MOD16A2,A2021177,Lat46.4089Lon-119.275Samp1Line1,2021193021904,ET_QC_500m,0
MOD16A2.A2021177.h09v04.061.2021193021904.LE_500m,MOD16A2,A2021177,Lat46.4089Lon-119.275Samp1Line1,2021193021904,LE_500m,18
MOD16A2.A2021177.h09v04.061.2021193021904.PET_500m,MOD16A2,A2021177,Lat46.4089Lon-119.275Samp1Line1,2021193021904,PET_500m,801
MOD16A2.A2021177.h09v04.061.2021193021904.PLE_500m,MOD16A2,A2021177,Lat46.4089Lon-119.275Samp1Line1,2021193021904,PLE_500m,2428
MOD16A2.A2021185.h09v04.061.2021201034215.ET_500m,MOD16A2,A2021185,Lat46.4089Lon-119.275Samp1Line1,2021201034215,ET_500m,12
MOD16A2.A2021185.h09v04.061.2021201034215.ET_QC_500m,MOD16A2,A2021185,Lat46.4089Lon-119.275Samp1Line1,2021201034215,ET_QC_500m,0
MOD16A2.A2021185.h09v04.061.2021201034215.LE_500m,MOD16A2,A2021185,Lat46.4089Lon-119.275Samp1Line1,2021201034215,LE_500m,36
MOD16A2.A2021185.h09v04.061.2021201034215.PET_500m,MOD16A2,A2021185,Lat46.4089Lon-119.275Samp1Line1,2021201034215,PET_500m,740
MOD16A2.A2021185.h09v04.061.2021201034215.PLE_500m,MOD16A2,A2021185,Lat46.4089Lon-119.275Samp1Line1,2021201034215,PLE_500m,2251
MOD16A2.A2021193.h09v04.061.2021209074944.ET_500m,MOD16A2,A2021193,Lat46.4089Lon-119.275Samp1Line1,2021209074944,ET_500m,8
MOD16A2.A2021193.h09v04.061.2021209074944.ET_QC_500m,MOD16A2,A2021193,Lat46.4089Lon-119.275Samp1Line1,2021209074944,ET_QC_500m,0
MOD16A2.A2021193.h09v04.061.2021209074944.LE_500m,MOD16A2,A2021193,Lat46.4089Lon-119.275Samp1Line1,2021209074944,LE_500m,25
MOD16A2.A2021193.h09v04.061.2021209074944.PET_500m,MOD16A2,A2021193,Lat46.4089Lon-119.275Samp1Line1,2021209074944,PET_500m,683
MOD16A2.A2021193.h09v04.061.2021209074944.PLE_500m,MOD16A2,A2021193,Lat46.4089Lon-119.275Samp1Line1,2021209074944,PLE_500m,2080
MOD16A2.A2021201.h09v04.061.2021217135437.ET_500m,MOD16A2,A2021201,Lat46.4089Lon-119.275Samp1Line1,2021217135437,ET_500m,13
MOD16A2.A2021201.h09v04.061.2021217135437.ET_QC_500m,MOD16A2,A2021201,Lat46.4089Lon-119.275Samp1Line1,2021217135437,ET_QC_500m,0
MOD16A2.A2021201.h09v04.061.2021217135437.LE_500m,MOD16A2,A2021201,Lat46.4089Lon-119.275Samp1Line1,2021217135437,LE_500m,39
MOD16A2.A2021201.h09v04.061.2021217135437.PET_500m,MOD16A2,A2021201,Lat46.4089Lon-119.275Samp1Line1,2021217135437,PET_500m,648
MOD16A2.A2021201.h09v04.061.2021217135437.PLE_500m,MOD16A2,A2021201,Lat46.4089Lon-119.275Samp1Line1,2021217135437,PLE_500m,1976
MOD16A2.A2021209.h09v04.061.2021225023545.ET_500m,MOD16A2,A2021209,Lat46.4089Lon-119.275Samp1Line1,2021225023545,ET_500m,21
MOD16A2.A2021209.h09v04.061.2021225023545.ET_QC_500m,MOD16A2,A2021209,Lat46.4089Lon-119.275Samp1Line1,2021225023545,ET_QC_500m,0
MOD16A2.A2021209.h09v04.061.2021225023545.LE_500m,MOD16A2,A2021209,Lat46.4089Lon-119.275Samp1Line1,2021225023545,LE_500m,64
MOD16A2.A2021209.h09v04.061.2021225023545.PET_500m,MOD16A2,A2021209,Lat46.4089Lon-119.275Samp1Line1,2021225023545,PET_500m,593
MOD16A2.A2021209.h09v04.061.2021225023545.PLE_500m,MOD16A2,A2021209,Lat46.4089Lon-119.275Samp1Line1,2021225023545,PLE_500m,1802
MOD16A2.A2021217.h09v04.061.2021233031028.ET_500m,MOD16A2,A2021217,Lat46.4089Lon-119.275Samp1Line1,2021233031028,ET_500m,20
MOD16A2.A2021217.h09v04.061.2021233031028.ET_QC_500m,MOD16A2,A2021217,Lat46.4089Lon-119.275Samp1Line1,2021233031028,ET_QC_500m,8
MOD16A2.A2021217.h09v04.061.2021233031028.LE_500m,MOD16A2,A2021217,Lat46.4089Lon-119.275Samp1Line1,2021233031028,LE_500m,60
MOD16A2.A2021217.h09v04.061.2021233031028.PET_500m,MOD16A2,A2021217,Lat46.4089Lon-119.275Samp1Line1,2021233031028,PET_500m,590
MOD16A2.A2021217.h09v04.061.2021233031028.PLE_500m,MOD16A2,A2021217,Lat46.4089Lon-119.275Samp1Line1,2021233031028,PLE_500m,1799
MOD16A2.A2021225.h09v04.061.2021243202701.ET_500m,MOD16A2,A2021225,Lat46.4089Lon-119.275Samp1Line1,2021243202701,ET_500m,14
MOD16A2.A2021225.h09v04.061.2021243202701.ET_QC_500m,MOD16A2,A2021225,Lat46.4089Lon-119.275Samp1Line1,2021243202701,ET_QC_500m,0
MOD16A2.A2021225.h09v04.061.2021243202701.LE_500m,MOD16A2,A2021225,Lat46.4089Lon-119.275Samp1Line1,2021243202701,LE_500m,42
MOD16A2.A2021225.h09v04.061.2021243202701.PET_500m,MOD16A2,A2021225,Lat46.4089Lon-119.275Samp1Line1,2021243202701,PET_500m,520
MOD16A2.A2021225.h09v04.061.2021243202701.PLE_500m,MOD16A2,A2021225,Lat46.4089Lon-119.275Samp1Line1,2021243202701,PLE_500m,1585
MOD16A2.A2021233.h09v04.061.2021251180812.ET_500m,MOD16A2,A2021233,Lat46.4089Lon-119.275Samp1Line1,2021251180812,ET_500m,25
MOD16A2.A2021233.h09v04.061.2021251180812.ET_QC_500m,MOD16A2,A2021233,Lat46.4089Lon-119.275Samp1Line1,2021251180812,ET_QC_500m,0
MOD16A2.A2021233.h09v04.061.2021251180812.LE_500m,MOD16A2,A2021233,Lat46.4089Lon-119.275Samp1Line1,2021251180812,LE_500m,76
MOD16A2.A2021233.h09v04.061.2021251180812.PET_500m,MOD16A2,A2021233,Lat46.4089Lon-119.275Samp1Line1,2021251180812,PET_500m,517
MOD16A2.A2021233.h09v04.061.2021251180812.PLE_500m,MOD16A2,A2021233,Lat46.4089Lon-119.275Samp1Line1,2021251180812,PLE_500m,1584
MOD16A2.A2021241.h09v04.061.2021257020657.ET_500m,MOD16A2,A2021241,Lat46.4089Lon-119.275Samp1Line1,2021257020657,ET_500m,11
MOD16A2.A2021241.h09v04.061.2021257020657.ET_QC_500m,MOD16A2,A2021241,Lat46.4089Lon-119.275Samp1Line1,2021257020657,ET_QC_500m,0
MOD16A2.A2021241.h09v04.061.2021257020657.LE_500m,MOD16A2,A2021241,Lat46.4089Lon-119.275Samp1Line1,2021257020657,LE_500m,35
MOD16A2.A2021241.h09v04.061.2021257020657.PET_500m,MOD16A2,A2021241,Lat46.4089Lon-119.275Samp1Line1,2021257020657,PET_500m,581
MOD16A2.A2021241.h09v04.061.2021257020657.PLE_500m,MOD16A2,A2021241,Lat46.4089Lon-119.275Samp1Line1,2021257020657,PLE_500m,1778
MOD16A2.A2021249.h09v04.061.2021265004617.ET_500m,MOD16A2,A2021249,Lat46.4089Lon-119.275Samp1Line1,2021265004617,ET_500m,24
MOD16A2.A2021249.h09v04.061.2021265004617.ET_QC_500m,MOD16A2,A2021249,Lat46.4089Lon-119.275Samp1Line1,2021265004617,ET_QC_500m,0
MOD16A2.A2021249.h09v04.061.2021265004617.LE_500m,MOD16A2,A2021249,Lat46.4089Lon-119.275Samp1Line1,2021265004617,LE_500m,73
MOD16A2.A2021249.h09v04.061.2021265004617.PET_500m,MOD16A2,A2021249,Lat46.4089Lon-119.275Samp1Line1,2021265004617,PET_500m,475
MOD16A2.A2021249.h09v04.061.2021265004617.PLE_500m,MOD16A2,A2021249,Lat46.4089Lon-119.275Samp1Line1,2021265004617,PLE_500m,1452
MOD16A2.A2021257.h09v04.061.2021315010350.ET_500m,MOD16A2,A2021257,Lat46.4089Lon-119.275Samp1Line1,2021315010350,ET_500m,32
MOD16A2.A2021257.h09v04.061.2021315010350.ET_QC_500m,MOD16A2,A2021257,Lat46.4089Lon-119.275Samp1Line1,2021315010350,ET_QC_500m,0
MOD16A2.A2021257.h09v04.061.2021315010350.LE_500m,MOD16A2,A2021257,Lat46.4089Lon-119.275Samp1Line1,2021315010350,LE_500m,100
MOD16A2.A2021257.h09v04.061.2021315010350.PET_500m,MOD16A2,A2021257,Lat46.4089Lon-119.275Samp1Line1,2021315010350,PET_500m,390
MOD16A2.A2021257.h09v04.061.2021315010350.PLE_500m,MOD16A2,A2021257,Lat46.4089Lon-119.275Samp1Line1,2021315010350,PLE_500m,1199
MOD16A2.A2021265.h09v04.061.2021316152434.ET_500m,MOD16A2,A2021265,Lat46.4089Lon-119.275Samp1Line1,2021316152434,ET_500m,27
MOD16A2.A2021265.h09v04.061.2021316152434.ET_QC_500m,MOD16A2,A2021265,Lat46.4089Lon-119.275Samp1Line1,2021316152434,ET_QC_500m,0
MOD16A2.A2021265.h09v04.061.2021316152434.LE_500m,MOD16A2,A2021265,Lat46.4089Lon-119.275Samp1Line1,2021316152434,LE_500m,83
MOD16A2.A2021265.h09v04.061.2021316152434.PET_500m,MOD16A2,A2021265,Lat46.4089Lon-119.275Samp1Line1,2021316152434,PET_500m,390
MOD16A2.A2021265.h09v04.061.2021316152434.PLE_500m,MOD16A2,A2021265,Lat46.4089Lon-119.275Samp1Line1,2021316152434,PLE_500m,1197
MOD16A2.A2021273.h09v04.061.2021316194412.ET_500m,MOD16A2,A2021273,Lat46.4089Lon-119.275Samp1Line1,2021316194412,ET_500m,36
MOD16A2.A2021273.h09v04.061.2021316194412.ET_QC_500m,MOD16A2,A2021273,Lat46.4089Lon-119.275Samp1Line1,2021316194412,ET_QC_500m,0
MOD16A2.A2021273.h09v04.061.2021316194412.LE_500m,MOD16A2,A2021273,Lat46.4089Lon-119.275Samp1Line1,2021316194412,LE_500m,112
MOD16A2.A2021273.h09v04.061.2021316194412.PET_500m,MOD16A2,A2021273,Lat46.4089Lon-119.275Samp1Line1,2021316194412,PET_500m,349
MOD16A2.A2021273.h09v04.061.2021316194412.PLE_500m,MOD16A2,A2021273,Lat46.4089Lon-119.275Samp1Line1,2021316194412,PLE_500m,1074
MOD16A2.A2021281.h09v04.061.2021316221504.ET_500m,MOD16A2,A2021281,Lat46.4089Lon-119.275Samp1Line1,2021316221504,ET_500m,51
MOD16A2.A2021281.h09v04.061.2021316221504.ET_QC_500m,MOD16A2,A2021281,Lat46.4089Lon-119.275Samp1Line1,2021316221504,ET_QC_500m,16
MOD16A2.A2021281.h09v04.061.2021316221504.LE_500m,MOD16A2,A2021281,Lat46.4089Lon-119.275Samp1Line1,2021316221504,LE_500m,158
MOD16A2.A2021281.h09v04.061.2021316221504.PET_500m,MOD16A2,A2021281,Lat46.4089Lon-119.275Samp1Line1,2021316221504,PET_500m,256
MOD16A2.A2021281.h09v04.061.2021316221504.PLE_500m,MOD16A2,A2021281,Lat46.4089Lon-119.275Samp1Line1,2021316221504,PLE_500m,790
MOD16A2.A2021289.h09v04.061.2021317025412.ET_500m,MOD16A2,A2021289,Lat46.4089Lon-119.275Samp1Line1,2021317025412,ET_500m,64
MOD16A2.A2021289.h09v04.061.2021317025412.ET_QC_500m,MOD16A2,A2021289,Lat46.4089Lon-119.275Samp1Line1,2021317025412,ET_QC_500m,0
MOD16A2.A2021289.h09v04.061.2021317025412.LE_500m,MOD16A2,A2021289,Lat46.4089Lon-119.275Samp1Line1,2021317025412,LE_500m,198
MOD16A2.A2021289.h09v04.061.2021317025412.PET_500m,MOD16A2,A2021289,Lat46.4089Lon-119.275Samp1Line1,2021317025412,PET_500m,250
MOD16A2.A2021289.h09v04.061.2021317025412.PLE_500m,MOD16A2,A2021289,Lat46.4089Lon-119.275Samp1Line1,2021317025412,PLE_500m,771
MOD16A2.A2021297.h09v04.061.2021317070101.ET_500m,MOD16A2,A2021297,Lat46.4089Lon-119.275Samp1Line1,2021317070101,ET_500m,68
MOD16A2.A2021297.h09v04.061.2021317070101.ET_QC_500m,MOD16A2,A2021297,Lat46.4089Lon-119.275Samp1Line1,2021317070101,ET_QC_500m,8
MOD16A2.A2021297.h09v04.061.2021317070101.LE_500m,MOD16A2,A2021297,Lat46.4089Lon-119.275Samp1Line1,2021317070101,LE_500m,209
MOD16A2.A2021297.h09v04.061.2021317070101.PET_500m,MOD16A2,A2021297,Lat46.4089Lon-119.275Samp1Line1,2021317070101,PET_500m,176
MOD16A2.A2021297.h09v04.061.2021317070101.PLE_500m,MOD16A2,A2021297,Lat46.4089Lon-119.275Samp1Line1,2021317070101,PLE_500m,546
MOD16A2.A2021305.h09v04.061.2021321023109.ET_500m,MOD16A2,A2021305,Lat46.4089Lon-119.275Samp1Line1,2021321023109,ET_500m,70
MOD16A2.A2021305.h09v04.061.2021321023109.ET_QC_500m,MOD16A2,A2021305,Lat46.4089Lon-119.275Samp1Line1,2021321023109,ET_QC_500m,0
MOD16A2.A2021305.h09v04.061.2021321023109.LE_500m,MOD16A2,A2021305,Lat46.4089Lon-119.275Samp1Line1,2021321023109,LE_500m,217
MOD16A2.A2021305.h09v04.061.2021321023109.PET_500m,MOD16A2,A2021305,Lat46.4089Lon-119.275Samp1Line1,2021321023109,PET_500m,134
MOD16A2.A2021305.h09v04.061.2021321023109.PLE_500m,MOD16A2,A2021305,Lat46.4089Lon-119.275Samp1Line1,2021321023109,PLE_500m,416
MOD16A2.A2021313.h09v04.061.2021331091712.ET_500m,MOD16A2,A2021313,Lat46.4089Lon-119.275Samp1Line1,2021331091712,ET_500m,67
MOD16A2.A2021313.h09v04.061.2021331091712.ET_QC_500m,MOD16A2,A2021313,Lat46.4089Lon-119.275Samp1Line1,2021331091712,ET_QC_500m,8
MOD16A2.A2021313.h09v04.061.2021331091712.LE_500m,MOD16A2,A2021313,Lat46.4089Lon-119.275Samp1Line1,2021331091712,LE_500m,207
MOD16A2.A2021313.h09v04.061.2021331091712.PET_500m,MOD16A2,A2021313,Lat46.4089Lon-119.275Samp1Line1,2021331091712,PET_500m,137
MOD16A2.A2021313.h09v04.061.2021331091712.PLE_500m,MOD16A2,A2021313,Lat46.4089Lon-119.275Samp1Line1,2021331091712,PLE_500m,423
MOD16A2.A2021321.h09v04.061.2021340191852.ET_500m,MOD16A2,A2021321,Lat46.4089Lon-119.275Samp1Line1,2021340191852,ET_500m,66
MOD16A2.A2021321.h09v04.061.2021340191852.ET_QC_500m,MOD16A2,A2021321,Lat46.4089Lon-119.275Samp1Line1,2021340191852,ET_QC_500m,0
MOD16A2.A2021321.h09v04.061.2021340191852.LE_500m,MOD16A2,A2021321,Lat46.4089Lon-119.275Samp1Line1,2021340191852,LE_500m,206
MOD16A2.A2021321.h09v04.061.2021340191852.PET_500m,MOD16A2,A2021321,Lat46.4089Lon-119.275Samp1Line1,2021340191852,PET_500m,91
MOD16A2.A2021321.h09v04.061.2021340191852.PLE_500m,MOD16A2,A2021321,Lat46.4089Lon-119.275Samp1Line1,2021340191852,PLE_500m,283
MOD16A2.A2021329.h09v04.061.2021345003138.ET_500m,MOD16A2,A2021329,Lat46.4089Lon-119.275Samp1Line1,2021345003138,ET_500m,78
MOD16A2.A2021329.h09v04.061.2021345003138.ET_QC_500m,MOD16A2,A2021329,Lat46.4089Lon-119.275Samp1Line1,2021345003138,ET_QC_500m,0
MOD16A2.A2021329.h09v04.061.2021345003138.LE_500m,MOD16A2,A2021329,Lat46.4089Lon-119.275Samp1Line1,2021345003138,LE_500m,241
MOD16A2.A2021329.h09v04.061.2021345003138.PET_500m,MOD16A2,A2021329,Lat46.4089Lon-119.275Samp1Line1,2021345003138,PET_500m,108
MOD16A2.A2021329.h09v04.061.2021345003138.PLE_500m,MOD16A2,A2021329,Lat46.4089Lon-119.275Samp1Line1,2021345003138,PLE_500m,336
MOD16A2.A2021337.h09v04.061.2021355014327.ET_500m,MOD16A2,A2021337,Lat46.4089Lon-119.275Samp1Line1,2021355014327,ET_500m,52
MOD16A2.A2021337.h09v04.061.2021355014327.ET_QC_500m,MOD16A2,A2021337,Lat46.4089Lon-119.275Samp1Line1,2021355014327,ET_QC_500m,0
MOD16A2.A2021337.h09v04.061.2021355014327.LE_500m,MOD16A2,A2021337,Lat46.4089Lon-119.275Samp1Line1,2021355014327,LE_500m,162
MOD16A2.A2021337.h09v04.061.2021355014327.PET_500m,MOD16A2,A2021337,Lat46.4089Lon-119.275Samp1Line1,2021355014327,PET_500m,73
MOD16A2.A2021337.h09v04.061.2021355014327.PLE_500m,MOD16A2,A2021337,Lat46.4089Lon-119.275Samp1Line1,2021355014327,PLE_500m,227
MOD16A2.A2021345.h09v04.061.2021364005732.ET_500m,MOD16A2,A2021345,Lat46.4089Lon-119.275Samp1Line1,2021364005732,ET_500m,66
MOD16A2.A2021345.h09v04.061.2021364005732.ET_QC_500m,MOD16A2,A2021345,Lat46.4089Lon-119.275Samp1Line1,2021364005732,ET_QC_500m,65
MOD16A2.A2021345.h09v04.061.2021364005732.LE_500m,MOD16A2,A2021345,Lat46.4089Lon-119.275Samp1Line1,2021364005732,LE_500m,207
MOD16A2.A2021345.h09v04.061.2021364005732.PET_500m,MOD16A2,A2021345,Lat46.4089Lon-119.275Samp1Line1,2021364005732,PET_500m,93
MOD16A2.A2021345.h09v04.061.2021364005732.PLE_500m,MOD16A2,A2021345,Lat46.4089Lon-119.275Samp1Line1,2021364005732,PLE_500m,290
MOD16A2.A2021353.h09v04.061.2022004005830.ET_500m,MOD16A2,A2021353,Lat46.4089Lon-119.275Samp1Line1,2022004005830,ET_500m,49
MOD16A2.A2021353.h09v04.061.2022004005830.ET_QC_500m,MOD16A2,A2021353,Lat46.4089Lon-119.275Samp1Line1,2022004005830,ET_QC_500m,65
MOD16A2.A2021353.h09v04.061.2022004005830.LE_500m,MOD16A2,A2021353,Lat46.4089Lon-119.275Samp1Line1,2022004005830,LE_500m,154
MOD16A2.A2021353.h09v04.061.2022004005830.PET_500m,MOD16A2,A2021353,Lat46.4089Lon-119.275Samp1Line1,2022004005830,PET_500m,53
MOD16A2.A2021353.h09v04.061.2022004005830.PLE_500m,MOD16A2,A2021353,Lat46.4089Lon-119.275Samp1Line1,2022004005830,PLE_500m,167
MOD16A2.A2021361.h09v04.061.2022008234100.ET_500m,MOD16A2,A2021361,Lat46.4089Lon-119.275Samp1Line1,2022008234100,ET_500m,35
MOD16A2.A2021361.h09v04.061.2022008234100.ET_QC_500m,MOD16A2,A2021361,Lat46.4089Lon-119.275Samp1Line1,2022008234100,ET_QC_500m,8
MOD16A2.A2021361.h09v04.061.2022008234100.LE_500m,MOD16A2,A2021361,Lat46.4089Lon-119.275Samp1Line1,2022008234100,LE_500m,177
MOD16A2.A2021361.h09v04.061.2022008234100.PET_500m,MOD16A2,A2021361,Lat46.4089Lon-119.275Samp1Line1,2022008234100,PET_500m,42
MOD16A2.A2021361.h09v04.061.2022008234100.PLE_500m,MOD16A2,A2021361,Lat46.4089Lon-119.275Samp1Line1,2022008234100,PLE_500m,213
MOD16A2.A2022001.h09v04.061.2022026131938.ET_500m,MOD16A2,A2022001,Lat46.4089Lon-119.275Samp1Line1,2022026131938,ET_500m,50
MOD16A2.A2022001.h09v04.061.2022026131938.ET_QC_500m,MOD16A2,A2022001,Lat46.4089Lon-119.275Samp1Line1,2022026131938,ET_QC_500m,73
MOD16A2.A2022001.h09v04.061.2022026131938.LE_500m,MOD16A2,A2022001,Lat46.4089Lon-119.275Samp1Line1,2022026131938,LE_500m,156
MOD16A2.A2022001.h09v04.061.2022026131938.PET_500m,MOD16A2,A2022001,Lat46.4089Lon-119.275Samp1Line1,2022026131938,PET_500m,54
MOD16A2.A2022001.h09v04.061.2022026131938.PLE_500m,MOD16A2,A2022001,Lat46.4089Lon-119.275Samp1Line1,2022026131938,PLE_500m,169
MOD16A2.A2022009.h09v04.061.2022027214946.ET_500m,MOD16A2,A2022009,Lat46.4089Lon-119.275Samp1Line1,2022027214946,ET_500m,41
MOD16A2.A2022009.h09v04.061.2022027214946.ET_QC_500m,MOD16A2,A2022009,Lat46.4089Lon-119.275Samp1Line1,2022027214946,ET_QC_500m,0
MOD16A2.A2022009.h09v04.061.2022027214946.LE_500m,MOD16A2,A2022009,Lat46.4089Lon-119.275Samp1Line1,2022027214946,LE_500m,127
MOD16A2.A2022009.h09v04.061.2022027214946.PET_500m,MOD16A2,A2022009,Lat46.4089Lon-119.275Samp1Line1,2022027214946,PET_500m,47
MOD16A2.A2022009.h09v04.061.2022027214946.PLE_500m,MOD16A2,A2022009,Lat46.4089Lon-119.275Samp1Line1,2022027214946,PLE_500m,145
MOD16A2.A2022017.h09v04.061.2022033144849.ET_500m,MOD16A2,A2022017,Lat46.4089Lon-119.275Samp1Line1,2022033144849,ET_500m,57
MOD16A2.A2022017.h09v04.061.2022033144849.ET_QC_500m,MOD16A2,A2022017,Lat46.4089Lon-119.275Samp1Line1,2022033144849,ET_QC_500m,8
MOD16A2.A2022017.h09v04.061.2022033144849.LE_500m,MOD16A2,A2022017,Lat46.4089Lon-119.275Samp1Line1,2022033144849,LE_500m,178
MOD16A2.A2022017.h09v04.061.2022033144849.PET_500m,MOD16A2,A2022017,Lat46.4089Lon-119.275Samp1Line1,2022033144849,PET_500m,63
MOD16A2.A2022017.h09v04.061.2022033144849.PLE_500m,MOD16A2,A2022017,Lat46.4089Lon-119.275Samp1Line1,2022033144849,PLE_500m,195
MOD16A2.A2022025.h09v04.061.2022041005551.ET_500m,MOD16A2,A2022025,Lat46.4089Lon-119.275Samp1Line1,2022041005551,ET_500m,53
MOD16A2.A2022025.h09v04.061.2022041005551.ET_QC_500m,MOD16A2,A2022025,Lat46.4089Lon-119.275Samp1Line1,2022041005551,ET_QC_500m,0
MOD16A2.A2022025.h09v04.061.2022041005551.LE_500m,MOD16A2,A2022025,Lat46.4089Lon-119.275Samp1Line1,2022041005551,LE_500m,166
MOD16A2.A2022025.h09v04.061.2022041005551.PET_500m,MOD16A2,A2022025,Lat46.4089Lon-119.275Samp1Line1,2022041005551,PET_500m,75
MOD16A2.A2022025.h09v04.061.2022041005551.PLE_500m,MOD16A2,A2022025,Lat46.4089Lon-119.275Samp1Line1,2022041005551,PLE_500m,236
MOD16A2.A2022033.h09v04.061.2022050004103.ET_500m,MOD16A2,A2022033,Lat46.4089Lon-119.275Samp1Line1,2022050004103,ET_500m,64
MOD16A2.A2022033.h09v04.061.2022050004103.ET_QC_500m,MOD16A2,A2022033,Lat46.4089Lon-119.275Samp1Line1,2022050004103,ET_QC_500m,0
MOD16A2.A2022033.h09v04.061.2022050004103.LE_500m,MOD16A2,A2022033,Lat46.4089Lon-119.275Samp1Line1,2022050004103,LE_500m,201
MOD16A2.A2022033.h09v04.061.2022050004103.PET_500m,MOD16A2,A2022033,Lat46.4089Lon-119.275Samp1Line1,2022050004103,PET_500m,115
MOD16A2.A2022033.h09v04.061.2022050004103.PLE_500m,MOD16A2,A2022033,Lat46.4089Lon-119.275Samp1Line1,2022050004103,PLE_500m,356
MOD16A2.A2022041.h09v04.061.2022057000434.ET_500m,MOD16A2,A2022041,Lat46.4089Lon-119.275Samp1Line1,2022057000434,ET_500m,61
MOD16A2.A2022041.h09v04.061.2022057000434.ET_QC_500m,MOD16A2,A2022041,Lat46.4089Lon-119.275Samp1Line1,2022057000434,ET_QC_500m,0
MOD16A2.A2022041.h09v04.061.2022057000434.LE_500m,MOD16A2,A2022041,Lat46.4089Lon-119.275Samp1Line1,2022057000434,LE_500m,189
MOD16A2.A2022041.h09v04.061.2022057000434.PET_500m,MOD16A2,A2022041,Lat46.4089Lon-119.275Samp1Line1,2022057000434,PET_500m,167
MOD16A2.A2022041.h09v04.061.2022057000434.PLE_500m,MOD16A2,A2022041,Lat46.4089Lon-119.275Samp1Line1,2022057000434,PLE_500m,519
MOD16A2.A2022049.h09v04.061.2022065000350.ET_500m,MOD16A2,A2022049,Lat46.4089Lon-119.275Samp1Line1,2022065000350,ET_500m,58
MOD16A2.A2022049.h09v04.061.2022065000350.ET_QC_500m,MOD16A2,A2022049,Lat46.4089Lon-119.275Samp1Line1,2022065000350,ET_QC_500m,0
MOD16A2.A2022049.h09v04.061.2022065000350.LE_500m,MOD16A2,A2022049,Lat46.4089Lon-119.275Samp1Line1,2022065000350,LE_500m,180
MOD16A2.A2022049.h09v04.061.2022065000350.PET_500m,MOD16A2,A2022049,Lat46.4089Lon-119.275Samp1Line1,2022065000350,PET_500m,140
MOD16A2.A2022049.h09v04.061.2022065000350.PLE_500m,MOD16A2,A2022049,Lat46.4089Lon-119.275Samp1Line1,2022065000350,PLE_500m,436
MOD16A2.A2022057.h09v04.061.2022094162643.ET_500m,MOD16A2,A2022057,Lat46.4089Lon-119.275Samp1Line1,2022094162643,ET_500m,83
MOD16A2.A2022057.h09v04.061.2022094162643.ET_QC_500m,MOD16A2,A2022057,Lat46.4089Lon-119.275Samp1Line1,2022094162643,ET_QC_500m,0
MOD16A2.A2022057.h09v04.061.2022094162643.LE_500m,MOD16A2,A2022057,Lat46.4089Lon-119.275Samp1Line1,2022094162643,LE_500m,256
MOD16A2.A2022057.h09v04.061.2022094162643.PET_500m,MOD16A2,A2022057,Lat46.4089Lon-119.275Samp1Line1,2022094162643,PET_500m,144
MOD16A2.A2022057.h09v04.061.2022094162643.PLE_500m,MOD16A2,A2022057,Lat46.4089Lon-119.275Samp1Line1,2022094162643,PLE_500m,446
MOD16A2.A2022065.h09v04.061.2022094180538.ET_500m,MOD16A2,A2022065,Lat46.4089Lon-119.275Samp1Line1,2022094180538,ET_500m,56
MOD16A2.A2022065.h09v04.061.2022094180538.ET_QC_500m,MOD16A2,A2022065,Lat46.4089Lon-119.275Samp1Line1,2022094180538,ET_QC_500m,0
MOD16A2.A2022065.h09v04.061.2022094180538.LE_500m,MOD16A2,A2022065,Lat46.4089Lon-119.275Samp1Line1,2022094180538,LE_500m,172
MOD16A2.A2022065.h09v04.061.2022094180538.PET_500m,MOD16A2,A2022065,Lat46.4089Lon-119.275Samp1Line1,2022094180538,PET_500m,234
MOD16A2.A2022065.h09v04.061.2022094180538.PLE_500m,MOD16A2,A2022065,Lat46.4089Lon-119.275Samp1Line1,2022094180538,PLE_500m,725
MOD16A2.A2022073.h09v04.061.2022101195613.ET_500m,MOD16A2,A2022073,Lat46.4089Lon-119.275Samp1Line1,2022101195613,ET_500m,61
MOD16A2.A2022073.h09v04.061.2022101195613.ET_QC_500m,MOD16A2,A2022073,Lat46.4089Lon-119.275Samp1Line1,2022101195613,ET_QC_500m,0
MOD16A2.A2022073.h09v04.061.2022101195613.LE_500m,MOD16A2,A2022073,Lat46.4089Lon-119.275Samp1Line1,2022101195613,LE_500m,189
MOD16A2.A2022073.h09v04.061.2022101195613.PET_500m,MOD16A2,A2022073,Lat46.4089Lon-119.275Samp1Line1,2022101195613,PET_500m,292
MOD16A2.A2022073.h09v04.061.2022101195613.PLE_500m,MOD16A2,A2022073,Lat46.4089Lon-119.275Samp1Line1,2022101195613,PLE_500m,904
MOD16A2.A2022081.h09v04.061.2022097032225.ET_500m,MOD16A2,A2022081,Lat46.4089Lon-119.275Samp1Line1,2022097032225,ET_500m,81
MOD16A2.A2022081.h09v04.061.2022097032225.ET_QC_500m,MOD16A2,A2022081,Lat46.4089Lon-119.275Samp1Line1,2022097032225,ET_QC_500m,0
MOD16A2.A2022081.h09v04.061.2022097032225.LE_500m,MOD16A2,A2022081,Lat46.4089Lon-119.275Samp1Line1,2022097032225,LE_500m,251
MOD16A2.A2022081.h09v04.061.2022097032225.PET_500m,MOD16A2,A2022081,Lat46.4089Lon-119.275Samp1Line1,2022097032225,PET_500m,249
MOD16A2.A2022081.h09v04.061.2022097032225.PLE_500m,MOD16A2,A2022081,Lat46.4089Lon-119.275Samp1Line1,2022097032225,PLE_500m,770
MOD16A2.A2022089.h09v04.061.2022120173120.ET_500m,MOD16A2,A2022089,Lat46.4089Lon-119.275Samp1Line1,2022120173120,ET_500m,59
MOD16A2.A2022089.h09v04.061.2022120173120.ET_QC_500m,MOD16A2,A2022089,Lat46.4089Lon-119.275Samp1Line1,2022120173120,ET_QC_500m,0
MOD16A2.A2022089.h09v04.061.2022120173120.LE_500m,MOD16A2,A2022089,Lat46.4089Lon-119.275Samp1Line1,2022120173120,LE_500m,183
MOD16A2.A2022089.h09v04.061.2022120173120.PET_500m,MOD16A2,A2022089,Lat46.4089Lon-119.275Samp1Line1,2022120173120,PET_500m,318
MOD16A2.A2022089.h09v04.061.2022120173120.PLE_500m,MOD16A2,A2022089,Lat46.4089Lon-119.275Samp1Line1,2022120173120,PLE_500m,984
MOD16A2.A2022097.h09v04.061.2022120221951.ET_500m,MOD16A2,A2022097,Lat46.4089Lon-119.275Samp1Line1,2022120221951,ET_500m,69
MOD16A2.A2022097.h09v04.061.2022120221951.ET_QC_500m,MOD16A2,A2022097,Lat46.4089Lon-119.275Samp1Line1,2022120221951,ET_QC_500m,0
MOD16A2.A2022097.h09v04.061.2022120221951.LE_500m,MOD16A2,A2022097,Lat46.4089Lon-119.275Samp1Line1,2022120221951,LE_500m,214
MOD16A2.A2022097.h09v04.061.2022120221951.PET_500m,MOD16A2,A2022097,Lat46.4089Lon-119.275Samp1Line1,2022120221951,PET_500m,247
MOD16A2.A2022097.h09v04.061.2022120221951.PLE_500m,MOD16A2,A2022097,Lat46.4089Lon-119.275Samp1Line1,2022120221951,PLE_500m,765
MOD16A2.A2022105.h09v04.061.2022125111405.ET_500m,MOD16A2,A2022105,Lat46.4089Lon-119.275Samp1Line1,2022125111405,ET_500m,70
MOD16A2.A2022105.h09v04.061.2022125111405.ET_QC_500m,MOD16A2,A2022105,Lat46.4089Lon-119.275Samp1Line1,2022125111405,ET_QC_500m,0
MOD16A2.A2022105.h09v04.061.2022125111405.LE_500m,MOD16A2,A2022105,Lat46.4089Lon-119.275Samp1Line1,2022125111405,LE_500m,218
MOD16A2.A2022105.h09v04.061.2022125111405.PET_500m,MOD16A2,A2022105,Lat46.4089Lon-119.275Samp1Line1,2022125111405,PET_500m,262
MOD16A2.A2022105.h09v04.061.2022125111405.PLE_500m,MOD16A2,A2022105,Lat46.4089Lon-119.275Samp1Line1,2022125111405,PLE_500m,813
MOD16A2.A2022113.h09v04.061.2022144023036.ET_500m,MOD16A2,A2022113,Lat46.4089Lon-119.275Samp1Line1,2022144023036,ET_500m,70
MOD16A2.A2022113.h09v04.061.2022144023036.ET_QC_500m,MOD16A2,A2022113,Lat46.4089Lon-119.275Samp1Line1,2022144023036,ET_QC_500m,0
MOD16A2.A2022113.h09v04.061.2022144023036.LE_500m,MOD16A2,A2022113,Lat46.4089Lon-119.275Samp1Line1,2022144023036,LE_500m,215
MOD16A2.A2022113.h09v04.061.2022144023036.PET_500m,MOD16A2,A2022113,Lat46.4089Lon-119.275Samp1Line1,2022144023036,PET_500m,335
MOD16A2.A2022113.h09v04.061.2022144023036.PLE_500m,MOD16A2,A2022113,Lat46.4089Lon-119.275Samp1Line1,2022144023036,PLE_500m,1034
MOD16A2.A2022121.h09v04.061.2022144042739.ET_500m,MOD16A2,A2022121,Lat46.4089Lon-119.275Samp1Line1,2022144042739,ET_500m,88
MOD16A2.A2022121.h09v04.061.2022144042739.ET_QC_500m,MOD16A2,A2022121,Lat46.4089Lon-119.275Samp1Line1,2022144042739,ET_QC_500m,0
MOD16A2.A2022121.h09v04.061.2022144042739.LE_500m,MOD16A2,A2022121,Lat46.4089Lon-119.275Samp1Line1,2022144042739,LE_500m,270
MOD16A2.A2022121.h09v04.061.2022144042739.PET_500m,MOD16A2,A2022121,Lat46.4089Lon-119.275Samp1Line1,2022144042739,PET_500m,332
MOD16A2.A2022121.h09v04.061.2022144042739.PLE_500m,MOD16A2,A2022121,Lat46.4089Lon-119.275Samp1Line1,2022144042739,PLE_500m,1025
MOD16A2.A2022129.h09v04.061.2022145012711.ET_500m,MOD16A2,A2022129,Lat46.4089Lon-119.275Samp1Line1,2022145012711,ET_500m,80
MOD16A2.A2022129.h09v04.061.2022145012711.ET_QC_500m,MOD16A2,A2022129,Lat46.4089Lon-119.275Samp1Line1,2022145012711,ET_QC_500m,0
MOD16A2.A2022129.h09v04.061.2022145012711.LE_500m,MOD16A2,A2022129,Lat46.4089Lon-119.275Samp1Line1,2022145012711,LE_500m,248
MOD16A2.A2022129.h09v04.061.2022145012711.PET_500m,MOD16A2,A2022129,Lat46.4089Lon-119.275Samp1Line1,2022145012711,PET_500m,392
MOD16A2.A2022129.h09v04.061.2022145012711.PLE_500m,MOD16A2,A2022129,Lat46.4089Lon-119.275Samp1Line1,2022145012711,PLE_500m,1211
MOD16A2.A2022137.h09v04.061.2022153014723.ET_500m,MOD16A2,A2022137,Lat46.4089Lon-119.275Samp1Line1,2022153014723,ET_500m,67
MOD16A2.A2022137.h09v04.061.2022153014723.ET_QC_500m,MOD16A2,A2022137,Lat46.4089Lon-119.275Samp1Line1,2022153014723,ET_QC_500m,0
MOD16A2.A2022137.h09v04.061.2022153014723.LE_500m,MOD16A2,A2022137,Lat46.4089Lon-119.275Samp1Line1,2022153014723,LE_500m,207
MOD16A2.A2022137.h09v04.061.2022153014723.PET_500m,MOD16A2,A2022137,Lat46.4089Lon-119.275Samp1Line1,2022153014723,PET_500m,450
MOD16A2.A2022137.h09v04.061.2022153014723.PLE_500m,MOD16A2,A2022137,Lat46.4089Lon-119.275Samp1Line1,2022153014723,PLE_500m,1388
MOD16A2.A2022145.h09v04.061.2022161015953.ET_500m,MOD16A2,A2022145,Lat46.4089Lon-119.275Samp1Line1,2022161015953,ET_500m,64
MOD16A2.A2022145.h09v04.061.2022161015953.ET_QC_500m,MOD16A2,A2022145,Lat46.4089Lon-119.275Samp1Line1,2022161015953,ET_QC_500m,8
MOD16A2.A2022145.h09v04.061.2022161015953.LE_500m,MOD16A2,A2022145,Lat46.4089Lon-119.275Samp1Line1,2022161015953,LE_500m,197
MOD16A2.A2022145.h09v04.061.2022161015953.PET_500m,MOD16A2,A2022145,Lat46.4089Lon-119.275Samp1Line1,2022161015953,PET_500m,423
MOD16A2.A2022145.h09v04.061.2022161015953.PLE_500m,MOD16A2,A2022145,Lat46.4089Lon-119.275Samp1Line1,2022161015953,PLE_500m,1301
MOD16A2.A2022153.h09v04.061.2022169021808.ET_500m,MOD16A2,A2022153,Lat46.4089Lon-119.275Samp1Line1,2022169021808,ET_500m,58
MOD16A2.A2022153.h09v04.061.2022169021808.ET_QC_500m,MOD16A2,A2022153,Lat46.4089Lon-119.275Samp1Line1,2022169021808,ET_QC_500m,0
MOD16A2.A2022153.h09v04.061.2022169021808.LE_500m,MOD16A2,A2022153,Lat46.4089Lon-119.275Samp1Line1,2022169021808,LE_500m,177
MOD16A2.A2022153.h09v04.061.2022169021808.PET_500m,MOD16A2,A2022153,Lat46.4089Lon-119.275Samp1Line1,2022169021808,PET_500m,514
MOD16A2.A2022153.h09v04.061.2022169021808.PLE_500m,MOD16A2,A2022153,Lat46.4089Lon-119.275Samp1Line1,2022169021808,PLE_500m,1578
MOD16A2.A2022161.h09v04.061.2022177004009.ET_500m,MOD16A2,A2022161,Lat46.4089Lon-119.275Samp1Line1,2022177004009,ET_500m,69
MOD16A2.A2022161.h09v04.061.2022177004009.ET_QC_500m,MOD16A2,A2022161,Lat46.4089Lon-119.275Samp1Line1,2022177004009,ET_QC_500m,0
MOD16A2.A2022161.h09v04.061.2022177004009.LE_500m,MOD16A2,A2022161,Lat46.4089Lon-119.275Samp1Line1,2022177004009,LE_500m,213
MOD16A2.A2022161.h09v04.061.2022177004009.PET_500m,MOD16A2,A2022161,Lat46.4089Lon-119.275Samp1Line1,2022177004009,PET_500m,460
MOD16A2.A2022161.h09v04.061.2022177004009.PLE_500m,MOD16A2,A2022161,Lat46.4089Lon-119.275Samp1Line1,2022177004009,PLE_500m,1415
MOD16A2.A2022169.h09v04.061.2022185005610.ET_500m,MOD16A2,A2022169,Lat46.4089Lon-119.275Samp1Line1,2022185005610,ET_500m,44
MOD16A2.A2022169.h09v04.061.2022185005610.ET_QC_500m,MOD16A2,A2022169,Lat46.4089Lon-119.275Samp1Line1,2022185005610,ET_QC_500m,0
MOD16A2.A2022169.h09v04.061.2022185005610.LE_500m,MOD16A2,A2022169,Lat46.4089Lon-119.275Samp1Line1,2022185005610,LE_500m,135
MOD16A2.A2022169.h09v04.061.2022185005610.PET_500m,MOD16A2,A2022169,Lat46.4089Lon-119.275Samp1Line1,2022185005610,PET_500m,604
MOD16A2.A2022169.h09v04.061.2022185005610.PLE_500m,MOD16A2,A2022169,Lat46.4089Lon-119.275Samp1Line1,2022185005610,PLE_500m,1850
MOD16A2.A2022177.h09v04.061.2022194182947.ET_500m,MOD16A2,A2022177,Lat46.4089Lon-119.275Samp1Line1,2022194182947,ET_500m,28
MOD16A2.A2022177.h09v04.061.2022194182947.ET_QC_500m,MOD16A2,A2022177,Lat46.4089Lon-119.275Samp1Line1,2022194182947,ET_QC_500m,0
MOD16A2.A2022177.h09v04.061.2022194182947.LE_500m,MOD16A2,A2022177,Lat46.4089Lon-119.275Samp1Line1,2022194182947,LE_500m,85
MOD16A2.A2022177.h09v04.061.2022194182947.PET_500m,MOD16A2,A2022177,Lat46.4089Lon-119.275Samp1Line1,2022194182947,PET_500m,690
MOD16A2.A2022177.h09v04.061.2022194182947.PLE_500m,MOD16A2,A2022177,Lat46.4089Lon-119.275Samp1Line1,2022194182947,PLE_500m,2106
MOD16A2.A2022185.h09v04.061.2022201015628.ET_500m,MOD16A2,A2022185,Lat46.4089Lon-119.275Samp1Line1,2022201015628,ET_500m,33
MOD16A2.A2022185.h09v04.061.2022201015628.ET_QC_500m,MOD16A2,A2022185,Lat46.4089Lon-119.275Samp1Line1,2022201015628,ET_QC_500m,0
MOD16A2.A2022185.h09v04.061.2022201015628.LE_500m,MOD16A2,A2022185,Lat46.4089Lon-119.275Samp1Line1,2022201015628,LE_500m,101
MOD16A2.A2022185.h09v04.061.2022201015628.PET_500m,MOD16A2,A2022185,Lat46.4089Lon-119.275Samp1Line1,2022201015628,PET_500m,644
MOD16A2.A2022185.h09v04.061.2022201015628.PLE_500m,MOD16A2,A2022185,Lat46.4089Lon-119.275Samp1Line1,2022201015628,PLE_500m,1968
MOD16A2.A2022193.h09v04.061.2022209032306.ET_500m,MOD16A2,A2022193,Lat46.4089Lon-119.275Samp1Line1,2022209032306,ET_500m,18
MOD16A2.A2022193.h09v04.061.2022209032306.ET_QC_500m,MOD16A2,A2022193,Lat46.4089Lon-119.275Samp1Line1,2022209032306,ET_QC_500m,0
MOD16A2.A2022193.h09v04.061.2022209032306.LE_500m,MOD16A2,A2022193,Lat46.4089Lon-119.275Samp1Line1,2022209032306,LE_500m,55
MOD16A2.A2022193.h09v04.061.2022209032306.PET_500m,MOD16A2,A2022193,Lat46.4089Lon-119.275Samp1Line1,2022209032306,PET_500m,708
MOD16A2.A2022193.h09v04.061.2022209032306.PLE_500m,MOD16A2,A2022193,Lat46.4089Lon-119.275Samp1Line1,2022209032306,PLE_500m,2158
MOD16A2.A2022201.h09v04.061.2022217005007.ET_500m,MOD16A2,A2022201,Lat46.4089Lon-119.275Samp1Line1,2022217005007,ET_500m,10
MOD16A2.A2022201.h09v04.061.2022217005007.ET_QC_500m,MOD16A2,A2022201,Lat46.4089Lon-119.275Samp1Line1,2022217005007,ET_QC_500m,0
MOD16A2.A2022201.h09v04.061.2022217005007.LE_500m,MOD16A2,A2022201,Lat46.4089Lon-119.275Samp1Line1,2022217005007,LE_500m,29
MOD16A2.A2022201.h09v04.061.2022217005007.PET_500m,MOD16A2,A2022201,Lat46.4089Lon-119.275Samp1Line1,2022217005007,PET_500m,729
MOD16A2.A2022201.h09v04.061.2022217005007.PLE_500m,MOD16A2,A2022201,Lat46.4089Lon-119.275Samp1Line1,2022217005007,PLE_500m,2216
MOD16A2.A2022209.h09v04.061.2022228182041.ET_500m,MOD16A2,A2022209,Lat46.4089Lon-119.275Samp1Line1,2022228182041,ET_500m,7
MOD16A2.A2022209.h09v04.061.2022228182041.ET_QC_500m,MOD16A2,A2022209,Lat46.4089Lon-119.275Samp1Line1,2022228182041,ET_QC_500m,0
MOD16A2.A2022209.h09v04.061.2022228182041.LE_500m,MOD16A2,A2022209,Lat46.4089Lon-119.275Samp1Line1,2022228182041,LE_500m,22
MOD16A2.A2022209.h09v04.061.2022228182041.PET_500m,MOD16A2,A2022209,Lat46.4089Lon-119.275Samp1Line1,2022228182041,PET_500m,722
MOD16A2.A2022209.h09v04.061.2022228182041.PLE_500m,MOD16A2,A2022209,Lat46.4089Lon-119.275Samp1Line1,2022228182041,PLE_500m,2191
MOD16A2.A2022217.h09v04.061.2022234184923.ET_500m,MOD16A2,A2022217,Lat46.4089Lon-119.275Samp1Line1,2022234184923,ET_500m,18
MOD16A2.A2022217.h09v04.061.2022234184923.ET_QC_500m,MOD16A2,A2022217,Lat46.4089Lon-119.275Samp1Line1,2022234184923,ET_QC_500m,0
MOD16A2.A2022217.h09v04.061.2022234184923.LE_500m,MOD16A2,A2022217,Lat46.4089Lon-119.275Samp1Line1,2022234184923,LE_500m,56
MOD16A2.A2022217.h09v04.061.2022234184923.PET_500m,MOD16A2,A2022217,Lat46.4089Lon-119.275Samp1Line1,2022234184923,PET_500m,677
MOD16A2.A2022217.h09v04.061.2022234184923.PLE_500m,MOD16A2,A2022217,Lat46.4089Lon-119.275Samp1Line1,2022234184923,PLE_500m,2062
MOD16A2.A2022225.h09v04.061.2022241012121.ET_500m,MOD16A2,A2022225,Lat46.4089Lon-119.275Samp1Line1,2022241012121,ET_500m,22
MOD16A2.A2022225.h09v04.061.2022241012121.ET_QC_500m,MOD16A2,A2022225,Lat46.4089Lon-119.275Samp1Line1,2022241012121,ET_QC_500m,0
MOD16A2.A2022225.h09v04.061.2022241012121.LE_500m,MOD16A2,A2022225,Lat46.4089Lon-119.275Samp1Line1,2022241012121,LE_500m,67
MOD16A2.A2022225.h09v04.061.2022241012121.PET_500m,MOD16A2,A2022225,Lat46.4089Lon-119.275Samp1Line1,2022241012121,PET_500m,639
MOD16A2.A2022225.h09v04.061.2022241012121.PLE_500m,MOD16A2,A2022225,Lat46.4089Lon-119.275Samp1Line1,2022241012121,PLE_500m,1945
MOD16A2.A2022233.h09v04.061.2022249005641.ET_500m,MOD16A2,A2022233,Lat46.4089Lon-119.275Samp1Line1,2022249005641,ET_500m,20
MOD16A2.A2022233.h09v04.061.2022249005641.ET_QC_500m,MOD16A2,A2022233,Lat46.4089Lon-119.275Samp1Line1,2022249005641,ET_QC_500m,0
MOD16A2.A2022233.h09v04.061.2022249005641.LE_500m,MOD16A2,A2022233,Lat46.4089Lon-119.275Samp1Line1,2022249005641,LE_500m,62
MOD16A2.A2022233.h09v04.061.2022249005641.PET_500m,MOD16A2,A2022233,Lat46.4089Lon-119.275Samp1Line1,2022249005641,PET_500m,577
MOD16A2.A2022233.h09v04.061.2022249005641.PLE_500m,MOD16A2,A2022233,Lat46.4089Lon-119.275Samp1Line1,2022249005641,PLE_500m,1759
MOD16A2.A2022241.h09v04.061.2022258115426.ET_500m,MOD16A2,A2022241,Lat46.4089Lon-119.275Samp1Line1,2022258115426,ET_500m,13
MOD16A2.A2022241.h09v04.061.2022258115426.ET_QC_500m,MOD16A2,A2022241,Lat46.4089Lon-119.275Samp1Line1,2022258115426,ET_QC_500m,0
MOD16A2.A2022241.h09v04.061.2022258115426.LE_500m,MOD16A2,A2022241,Lat46.4089Lon-119.275Samp1Line1,2022258115426,LE_500m,41
MOD16A2.A2022241.h09v04.061.2022258115426.PET_500m,MOD16A2,A2022241,Lat46.4089Lon-119.275Samp1Line1,2022258115426,PET_500m,571
MOD16A2.A2022241.h09v04.061.2022258115426.PLE_500m,MOD16A2,A2022241,Lat46.4089Lon-119.275Samp1Line1,2022258115426,PLE_500m,1741
MOD16A2.A2022249.h09v04.061.2022265025934.ET_500m,MOD16A2,A2022249,Lat46.4089Lon-119.275Samp1Line1,2022265025934,ET_500m,25
MOD16A2.A2022249.h09v04.061.2022265025934.ET_QC_500m,MOD16A2,A2022249,Lat46.4089Lon-119.275Samp1Line1,2022265025934,ET_QC_500m,0
MOD16A2.A2022249.h09v04.061.2022265025934.LE_500m,MOD16A2,A2022249,Lat46.4089Lon-119.275Samp1Line1,2022265025934,LE_500m,75
MOD16A2.A2022249.h09v04.061.2022265025934.PET_500m,MOD16A2,A2022249,Lat46.4089Lon-119.275Samp1Line1,2022265025934,PET_500m,468
MOD16A2.A2022249.h09v04.061.2022265025934.PLE_500m,MOD16A2,A2022249,Lat46.4089Lon-119.275Samp1Line1,2022265025934,PLE_500m,1434
MOD16A2.A2022257.h09v04.061.2022273005935.ET_500m,MOD16A2,A2022257,Lat46.4089Lon-119.275Samp1Line1,2022273005935,ET_500m,54
MOD16A2.A2022257.h09v04.061.2022273005935.ET_QC_500m,MOD16A2,A2022257,Lat46.4089Lon-119.275Samp1Line1,2022273005935,ET_QC_500m,0
MOD16A2.A2022257.h09v04.061.2022273005935.LE_500m,MOD16A2,A2022257,Lat46.4089Lon-119.275Samp1Line1,2022273005935,LE_500m,165
MOD16A2.A2022257.h09v04.061.2022273005935.PET_500m,MOD16A2,A2022257,Lat46.4089Lon-119.275Samp1Line1,2022273005935,PET_500m,356
MOD16A2.A2022257.h09v04.061.2022273005935.PLE_500m,MOD16A2,A2022257,Lat46.4089Lon-119.275Samp1Line1,2022273005935,PLE_500m,1092
MOD16A2.A2022265.h09v04.061.2022281012125.ET_500m,MOD16A2,A2022265,Lat46.4089Lon-119.275Samp1Line1,2022281012125,ET_500m,32
MOD16A2.A2022265.h09v04.061.2022281012125.ET_QC_500m,MOD16A2,A2022265,Lat46.4089Lon-119.275Samp1Line1,2022281012125,ET_QC_500m,0
MOD16A2.A2022265.h09v04.061.2022281012125.LE_500m,MOD16A2,A2022265,Lat46.4089Lon-119.275Samp1Line1,2022281012125,LE_500m,100
MOD16A2.A2022265.h09v04.061.2022281012125.PET_500m,MOD16A2,A2022265,Lat46.4089Lon-119.275Samp1Line1,2022281012125,PET_500m,409
MOD16A2.A2022265.h09v04.061.2022281012125.PLE_500m,MOD16A2,A2022265,Lat46.4089Lon-119.275Samp1Line1,2022281012125,PLE_500m,1256
MOD16A2.A2022273.h09v04.061.2022297132311.ET_500m,MOD16A2,A2022273,Lat46.4089Lon-119.275Samp1Line1,2022297132311,ET_500m,58
MOD16A2.A2022273.h09v04.061.2022297132311.ET_QC_500m,MOD16A2,A2022273,Lat46.4089Lon-119.275Samp1Line1,2022297132311,ET_QC_500m,16
MOD16A2.A2022273.h09v04.061.2022297132311.LE_500m,MOD16A2,A2022273,Lat46.4089Lon-119.275Samp1Line1,2022297132311,LE_500m,180
MOD16A2.A2022273.h09v04.061.2022297132311.PET_500m,MOD16A2,A2022273,Lat46.4089Lon-119.275Samp1Line1,2022297132311,PET_500m,371
MOD16A2.A2022273.h09v04.061.2022297132311.PLE_500m,MOD16A2,A2022273,Lat46.4089Lon-119.275Samp1Line1,2022297132311,PLE_500m,1139
MOD16A2.A2022281.h09v04.061.2022300222242.ET_500m,MOD16A2,A2022281,Lat46.4089Lon-119.275Samp1Line1,2022300222242,ET_500m,31
MOD16A2.A2022281.h09v04.061.2022300222242.ET_QC_500m,MOD16A2,A2022281,Lat46.4089Lon-119.275Samp1Line1,2022300222242,ET_QC_500m,16
MOD16A2.A2022281.h09v04.061.2022300222242.LE_500m,MOD16A2,A2022281,Lat46.4089Lon-119.275Samp1Line1,2022300222242,LE_500m,95
MOD16A2.A2022281.h09v04.061.2022300222242.PET_500m,MOD16A2,A2022281,Lat46.4089Lon-119.275Samp1Line1,2022300222242,PET_500m,366
MOD16A2.A2022281.h09v04.061.2022300222242.PLE_500m,MOD16A2,A2022281,Lat46.4089Lon-119.275Samp1Line1,2022300222242,PLE_500m,1122
MOD16A2.A2022289.h09v04.061.2022307015456.ET_500m,MOD16A2,A2022289,Lat46.4089Lon-119.275Samp1Line1,2022307015456,ET_500m,59
MOD16A2.A2022289.h09v04.061.2022307015456.ET_QC_500m,MOD16A2,A2022289,Lat46.4089Lon-119.275Samp1Line1,2022307015456,ET_QC_500m,16
MOD16A2.A2022289.h09v04.061.2022307015456.LE_500m,MOD16A2,A2022289,Lat46.4089Lon-119.275Samp1Line1,2022307015456,LE_500m,183
MOD16A2.A2022289.h09v04.061.2022307015456.PET_500m,MOD16A2,A2022289,Lat46.4089Lon-119.275Samp1Line1,2022307015456,PET_500m,254
MOD16A2.A2022289.h09v04.061.2022307015456.PLE_500m,MOD16A2,A2022289,Lat46.4089Lon-119.275Samp1Line1,2022307015456,PLE_500m,782
MOD16A2.A2022297.h09v04.061.2022313050015.ET_500m,MOD16A2,A2022297,Lat46.4089Lon-119.275Samp1Line1,2022313050015,ET_500m,69
MOD16A2.A2022297.h09v04.061.2022313050015.ET_QC_500m,MOD16A2,A2022297,Lat46.4089Lon-119.275Samp1Line1,2022313050015,ET_QC_500m,0
MOD16A2.A2022297.h09v04.061.2022313050015.LE_500m,MOD16A2,A2022297,Lat46.4089Lon-119.275Samp1Line1,2022313050015,LE_500m,213
MOD16A2.A2022297.h09v04.061.2022313050015.PET_500m,MOD16A2,A2022297,Lat46.4089Lon-119.275Samp1Line1,2022313050015,PET_500m,155
MOD16A2.A2022297.h09v04.061.2022313050015.PLE_500m,MOD16A2,A2022297,Lat46.4089Lon-119.275Samp1Line1,2022313050015,PLE_500m,479
MOD16A2.A2022305.h09v04.061.2022325150334.ET_500m,MOD16A2,A2022305,Lat46.4089Lon-119.275Samp1Line1,2022325150334,ET_500m,65
MOD16A2.A2022305.h09v04.061.2022325150334.ET_QC_500m,MOD16A2,A2022305,Lat46.4089Lon-119.275Samp1Line1,2022325150334,ET_QC_500m,16
MOD16A2.A2022305.h09v04.061.2022325150334.LE_500m,MOD16A2,A2022305,Lat46.4089Lon-119.275Samp1Line1,2022325150334,LE_500m,202
MOD16A2.A2022305.h09v04.061.2022325150334.PET_500m,MOD16A2,A2022305,Lat46.4089Lon-119.275Samp1Line1,2022325150334,PET_500m,117
MOD16A2.A2022305.h09v04.061.2022325150334.PLE_500m,MOD16A2,A2022305,Lat46.4089Lon-119.275Samp1Line1,2022325150334,PLE_500m,363
MOD16A2.A2022313.h09v04.061.2022329042113.ET_500m,MOD16A2,A2022313,Lat46.4089Lon-119.275Samp1Line1,2022329042113,ET_500m,65
MOD16A2.A2022313.h09v04.061.2022329042113.ET_QC_500m,MOD16A2,A2022313,Lat46.4089Lon-119.275Samp1Line1,2022329042113,ET_QC_500m,0
MOD16A2.A2022313.h09v04.061.2022329042113.LE_500m,MOD16A2,A2022313,Lat46.4089Lon-119.275Samp1Line1,2022329042113,LE_500m,204
MOD16A2.A2022313.h09v04.061.2022329042113.PET_500m,MOD16A2,A2022313,Lat46.4089Lon-119.275Samp1Line1,2022329042113,PET_500m,109
MOD16A2.A2022313.h09v04.061.2022329042113.PLE_500m,MOD16A2,A2022313,Lat46.4089Lon-119.275Samp1Line1,2022329042113,PLE_500m,342
MOD16A2.A2022321.h09v04.061.2022350213219.ET_500m,MOD16A2,A2022321,Lat46.4089Lon-119.275Samp1Line1,2022350213219,ET_500m,57
MOD16A2.A2022321.h09v04.061.2022350213219.ET_QC_500m,MOD16A2,A2022321,Lat46.4089Lon-119.275Samp1Line1,2022350213219,ET_QC_500m,16
MOD16A2.A2022321.h09v04.061.2022350213219.LE_500m,MOD16A2,A2022321,Lat46.4089Lon-119.275Samp1Line1,2022350213219,LE_500m,178
MOD16A2.A2022321.h09v04.061.2022350213219.PET_500m,MOD16A2,A2022321,Lat46.4089Lon-119.275Samp1Line1,2022350213219,PET_500m,86
MOD16A2.A2022321.h09v04.061.2022350213219.PLE_500m,MOD16A2,A2022321,Lat46.4089Lon-119.275Samp1Line1,2022350213219,PLE_500m,270
MOD16A2.A2022329.h09v04.061.2022351180155.ET_500m,MOD16A2,A2022329,Lat46.4089Lon-119.275Samp1Line1,2022351180155,ET_500m,56
MOD16A2.A2022329.h09v04.061.2022351180155.ET_QC_500m,MOD16A2,A2022329,Lat46.4089Lon-119.275Samp1Line1,2022351180155,ET_QC_500m,81
MOD16A2.A2022329.h09v04.061.2022351180155.LE_500m,MOD16A2,A2022329,Lat46.4089Lon-119.275Samp1Line1,2022351180155,LE_500m,174
MOD16A2.A2022329.h09v04.061.2022351180155.PET_500m,MOD16A2,A2022329,Lat46.4089Lon-119.275Samp1Line1,2022351180155,PET_500m,71
MOD16A2.A2022329.h09v04.061.2022351180155.PLE_500m,MOD16A2,A2022329,Lat46.4089Lon-119.275Samp1Line1,2022351180155,PLE_500m,221
MOD16A2.A2022337.h09v04.061.2022360160015.ET_500m,MOD16A2,A2022337,Lat46.4089Lon-119.275Samp1Line1,2022360160015,ET_500m,46
MOD16A2.A2022337.h09v04.061.2022360160015.ET_QC_500m,MOD16A2,A2022337,Lat46.4089Lon-119.275Samp1Line1,2022360160015,ET_QC_500m,81
MOD16A2.A2022337.h09v04.061.2022360160015.LE_500m,MOD16A2,A2022337,Lat46.4089Lon-119.275Samp1Line1,2022360160015,LE_500m,143
MOD16A2.A2022337.h09v04.061.2022360160015.PET_500m,MOD16A2,A2022337,Lat46.4089Lon-119.275Samp1Line1,2022360160015,PET_500m,51
MOD16A2.A2022337.h09v04.061.2022360160015.PLE_500m,MOD16A2,A2022337,Lat46.4089Lon-119.275Samp1Line1,2022360160015,PLE_500m,158
MOD16A2.A2022345.h09v04.061.2022362181323.ET_500m,MOD16A2,A2022345,Lat46.4089Lon-119.275Samp1Line1,2022362181323,ET_500m,48
MOD16A2.A2022345.h09v04.061.2022362181323.ET_QC_500m,MOD16A2,A2022345,Lat46.4089Lon-119.275Samp1Line1,2022362181323,ET_QC_500m,73
MOD16A2.A2022345.h09v04.061.2022362181323.LE_500m,MOD16A2,A2022345,Lat46.4089Lon-119.275Samp1Line1,2022362181323,LE_500m,152
MOD16A2.A2022345.h09v04.061.2022362181323.PET_500m,MOD16A2,A2022345,Lat46.4089Lon-119.275Samp1Line1,2022362181323,PET_500m,54
MOD16A2.A2022345.h09v04.061.2022362181323.PLE_500m,MOD16A2,A2022345,Lat46.4089Lon-119.275Samp1Line1,2022362181323,PLE_500m,169
MOD16A2.A2022353.h09v04.061.2023006095153.ET_500m,MOD16A2,A2022353,Lat46.4089Lon-119.275Samp1Line1,2023006095153,ET_500m,38
MOD16A2.A2022353.h09v04.061.2023006095153.ET_QC_500m,MOD16A2,A2022353,Lat46.4089Lon-119.275Samp1Line1,2023006095153,ET_QC_500m,73
MOD16A2.A2022353.h09v04.061.2023006095153.LE_500m,MOD16A2,A2022353,Lat46.4089Lon-119.275Samp1Line1,2023006095153,LE_500m,119
MOD16A2.A2022353.h09v04.061.2023006095153.PET_500m,MOD16A2,A2022353,Lat46.4089Lon-119.275Samp1Line1,2023006095153,PET_500m,41
MOD16A2.A2022353.h09v04.061.2023006095153.PLE_500m,MOD16A2,A2022353,Lat46.4089Lon-119.275Samp1Line1,2023006095153,PLE_500m,130
