MOD16A2.A2021001.h09v04.061.2021067191559.PET_500m,MOD16A2,A2021001,Lat46.4089Lon-119.275Samp1Line1,2021067191559,PET_500m,77
MOD16A2.A2021009.h09v04.061.2021068035558.PET_500m,MOD16A2,A2021009,Lat46.4089Lon-119.275Samp1Line1,2021068035558,PET_500m,108
MOD16A2.A2021017.h09v04.061.2021068124416.PET_500m,MOD16A2,A2021017,Lat46.4089Lon-119.275Samp1Line1,2021068124416,PET_500m,102
MOD16A2.A2021025.h09v04.061.2021068161500.PET_500m,MOD16A2,A2021025,Lat46.4089Lon-119.275Samp1Line1,2021068161500,PET_500m,115
MOD16A2.A2021033.h09v04.061.2021068224823.PET_500m,MOD16A2,A2021033,Lat46.4089Lon-119.275Samp1Line1,2021068224823,PET_500m,151
MOD16A2.A2021041.h09v04.061.2021069041444.PET_500m,MOD16A2,A2021041,Lat46.4089Lon-119.275Samp1Line1,2021069041444,PET_500m,85
MOD16A2.A2021049.h09v04.061.2021069070645.PET_500m,MOD16A2,A2021049,Lat46.4089Lon-119.275Samp1Line1,2021069070645,PET_500m,124
MOD16A2.A2021057.h09v04.061.2021075164457.PET_500m,MOD16A2,A2021057,Lat46.4089Lon-119.275Samp1Line1,2021075164457,PET_500m,235
MOD16A2.A2021065.h09v04.061.2021082092537.PET_500m,MOD16A2,A2021065,Lat46.4089Lon-119.275Samp1Line1,2021082092537,PET_500m,241
MOD16A2.A2021073.h09v04.061.2021089055502.PET_500m,MOD16A2,A2021073,Lat46.4089Lon-119.275Samp1Line1,2021089055502,PET_500m,271
MOD16A2.A2021081.h09v04.061.2021097024128.PET_500m,MOD16A2,A2021081,Lat46.4089Lon-119.275Samp1Line1,2021097024128,PET_500m,284
MOD16A2.A2021089.h09v04.061.2021105030214.PET_500m,MOD16A2,A2021089,Lat46.4089Lon-119.275Samp1Line1,2021105030214,PET_500m,353
MOD16A2.A2021097.h09v04.061.2021113020310.PET_500m,MOD16A2,A2021097,Lat46.4089Lon-119.275Samp1Line1,2021113020310,PET_500m,401
MOD16A2.A2021105.h09v04.061.2021121221453.PET_500m,MOD16A2,A2021105,Lat46.4089Lon-119.275Samp1Line1,2021121221453,PET_500m,524
MOD16A2.A2021113.h09v04.061.2021130215002.PET_500m,MOD16A2,A2021113,Lat46.4089Lon-119.275Samp1Line1,2021130215002,PET_500m,417
MOD16A2.A2021121.h09v04.061.2021137020814.PET_500m,MOD16A2,A2021121,Lat46.4089Lon-119.275Samp1Line1,2021137020814,PET_500m,509
MOD16A2.A2021129.h09v04.061.2021146061329.PET_500m,MOD16A2,A2021129,Lat46.4089Lon-119.275Samp1Line1,2021146061329,PET_500m,587
MOD16A2.A2021137.h09v04.061.2021153013320.PET_500m,MOD16A2,A2021137,Lat46.4089Lon-119.275Samp1Line1,2021153013320,PET_500m,493
MOD16A2.A2021145.h09v04.061.2021161205838.PET_500m,MOD16A2,A2021145,Lat46.4089Lon-119.275Samp1Line1,2021161205838,PET_500m,598
MOD16A2.A2021153.h09v04.061.2021169014108.PET_500m,MOD16A2,A2021153,Lat46.4089Lon-119.275Samp1Line1,2021169014108,PET_500m,621
MOD16A2.A2021161.h09v04.061.2021177042118.PET_500m,MOD16A2,A2021161,Lat46.4089Lon-119.275Samp1Line1,2021177042118,PET_500m,601
MOD16A2.A2021169.h09v04.061.2021188035939.PET_500m,MOD16A2,A2021169,Lat46.4089Lon-119.275Samp1Line1,2021188035939,PET_500m,738
MOD16A2.A2021177.h09v04.061.2021193021904.PET_500m,MOD16A2,A2021177,Lat46.4089Lon-119.275Samp1Line1,2021193021904,PET_500m,801
MOD16A2.A2021185.h09v04.061.2021201034215.PET_500m,MOD16A2,A2021185,Lat46.4089Lon-119.275Samp1Line1,2021201034215,PET_500m,740
MOD16A2.A2021193.h09v04.061.2021209074944.PET_500m,MOD16A2,A2021193,Lat46.4089Lon-119.275Samp1Line1,2021209074944,PET_500m,683
MOD16A2.A2021201.h09v04.061.2021217135437.PET_500m,MOD16A2,A2021201,Lat46.4089Lon-119.275Samp1Line1,2021217135437,PET_500m,648
MOD16A2.A2021209.h09v04.061.2021225023545.PET_500m,MOD16A2,A2021209,Lat46.4089Lon-119.275Samp1Line1,2021225023545,PET_500m,593
MOD16A2.A2021217.h09v04.061.2021233031028.PET_500m,MOD16A2,A2021217,Lat46.4089Lon-119.275Samp1Line1,2021233031028,PET_500m,590
MOD16A2.A2021225.h09v04.061.2021243202701.PET_500m,MOD16A2,A2021225,Lat46.4089Lon-119.275Samp1Line1,2021243202701,PET_500m,520
MOD16A2.A2021233.h09v04.061.2021251180812.PET_500m,MOD16A2,A2021233,Lat46.4089Lon-119.275Samp1Line1,2021251180812,PET_500m,517
MOD16A2.A2021241.h09v04.061.2021257020657.PET_500m,MOD16A2,A2021241,Lat46.4089Lon-119.275Samp1Line1,2021257020657,PET_500m,581
MOD16A2.A2021249.h09v04.061.2021265004617.PET_500m,MOD16A2,A2021249,Lat46.4089Lon-119.275Samp1Line1,2021265004617,PET_500m,475
MOD16A2.A2021257.h09v04.061.2021315010350.PET_500m,MOD16A2,A2021257,Lat46.4089Lon-119.275Samp1Line1,2021315010350,PET_500m,390
MOD16A2.A2021265.h09v04.061.2021316152434.PET_500m,MOD16A2,A2021265,Lat46.4089Lon-119.275Samp1Line1,2021316152434,PET_500m,390
MOD16A2.A2021273.h09v04.061.2021316194412.PET_500m,MOD16A2,A2021273,Lat46.4089Lon-119.275Samp1Line1,2021316194412,PET_500m,349
MOD16A2.A2021281.h09v04.061.2021316221504.PET_500m,MOD16A2,A2021281,Lat46.4089Lon-119.275Samp1Line1,2021316221504,PET_500m,256
MOD16A2.A2021289.h09v04.061.2021317025412.PET_500m,MOD16A2,A2021289,Lat46.4089Lon-119.275Samp1Line1,2021317025412,PET_500m,250
MOD16A2.A2021297.h09v04.061.2021317070101.PET_500m,MOD16A2,A2021297,Lat46.4089Lon-119.275Samp1Line1,2021317070101,PET_500m,176
MOD16A2.A2021305.h09v04.061.2021321023109.PET_500m,MOD16A2,A2021305,Lat46.4089Lon-119.275Samp1Line1,2021321023109,PET_500m,134
MOD16A2.A2021313.h09v04.061.2021331091712.PET_500m,MOD16A2,A2021313,Lat46.4089Lon-119.275Samp1Line1,2021331091712,PET_500m,137
MOD16A2.A2021321.h09v04.061.2021340191852.PET_500m,MOD16A2,A2021321,Lat46.4089Lon-119.275Samp1Line1,2021340191852,PET_500m,91
MOD16A2.A2021329.h09v04.061.2021345003138.PET_500m,MOD16A2,A2021329,Lat46.4089Lon-119.275Samp1Line1,2021345003138,PET_500m,108
MOD16A2.A2021337.h09v04.061.2021355014327.PET_500m,MOD16A2,A2021337,Lat46.4089Lon-119.275Samp1Line1,2021355014327,PET_500m,73
MOD16A2.A2021345.h09v04.061.2021364005732.PET_500m,MOD16A2,A2021345,Lat46.4089Lon-119.275Samp1Line1,2021364005732,PET_500m,93
MOD16A2.A2021353.h09v04.061.2022004005830.PET_500m,MOD16A2,A2021353,Lat46.4089Lon-119.275Samp1Line1,2022004005830,PET_500m,53
MOD16A2.A2021361.h09v04.061.2022008234100.PET_500m,MOD16A2,A2021361,Lat46.4089Lon-119.275Samp1Line1,2022008234100,PET_500m,42
MOD16A2.A2022001.h09v04.061.2022026131938.PET_500m,MOD16A2,A2022001,Lat46.4089Lon-119.275Samp1Line1,2022026131938,PET_500m,54
MOD16A2.A2022009.h09v04.061.2022027214946.PET_500m,MOD16A2,A2022009,Lat46.4089Lon-119.275Samp1Line1,2022027214946,PET_500m,47
MOD16A2.A2022017.h09v04.061.2022033144849.PET_500m,MOD16A2,A2022017,Lat46.4089Lon-119.275Samp1Line1,2022033144849,PET_500m,63
MOD16A2.A2022025.h09v04.061.2022041005551.PET_500m,MOD16A2,A2022025,Lat46.4089Lon-119.275Samp1Line1,2022041005551,PET_500m,75
MOD16A2.A2022033.h09v04.061.2022050004103.PET_500m,MOD16A2,A2022033,Lat46.4089Lon-119.275Samp1Line1,2022050004103,PET_500m,115
MOD16A2.A2022041.h09v04.061.2022057000434.PET_500m,MOD16A2,A2022041,Lat46.4089Lon-119.275Samp1Line1,2022057000434,PET_500m,167
MOD16A2.A2022049.h09v04.061.2022065000350.PET_500m,MOD16A2,A2022049,Lat46.4089Lon-119.275Samp1Line1,2022065000350,PET_500m,140
MOD16A2.A2022057.h09v04.061.2022094162643.PET_500m,MOD16A2,A2022057,Lat46.4089Lon-119.275Samp1Line1,2022094162643,PET_500m,144
MOD16A2.A2022065.h09v04.061.2022094180538.PET_500m,MOD16A2,A2022065,Lat46.4089Lon-119.275Samp1Line1,2022094180538,PET_500m,234
MOD16A2.A2022073.h09v04.061.2022101195613.PET_500m,MOD16A2,A2022073,Lat46.4089Lon-119.275Samp1Line1,2022101195613,PET_500m,292
MOD16A2.A2022081.h09v04.061.2022097032225.PET_500m,MOD16A2,A2022081,Lat46.4089Lon-119.275Samp1Line1,2022097032225,PET_500m,249
MOD16A2.A2022089.h09v04.061.2022120173120.PET_500m,MOD16A2,A2022089,Lat46.4089Lon-119.275Samp1Line1,2022120173120,PET_500m,318
MOD16A2.A2022097.h09v04.061.2022120221951.PET_500m,MOD16A2,A2022097,Lat46.4089Lon-119.275Samp1Line1,2022120221951,PET_500m,247
MOD16A2.A2022105.h09v04.061.2022125111405.PET_500m,MOD16A2,A2022105,Lat46.4089Lon-119.275Samp1Line1,2022125111405,PET_500m,262
MOD16A2.A2022113.h09v04.061.2022144023036.PET_500m,MOD16A2,A2022113,Lat46.4089Lon-119.275Samp1Line1,2022144023036,PET_500m,335
MOD16A2.A2022121.h09v04.061.2022144042739.PET_500m,MOD16A2,A2022121,Lat46.4089Lon-119.275Samp1Line1,2022144042739,PET_500m,332
MOD16A2.A2022129.h09v04.061.2022145012711.PET_500m,MOD16A2,A2022129,Lat46.4089Lon-119.275Samp1Line1,2022145012711,PET_500m,392
MOD16A2.A2022137.h09v04.061.2022153014723.PET_500m,MOD16A2,A2022137,Lat46.4089Lon-119.275Samp1Line1,2022153014723,PET_500m,450
MOD16A2.A2022145.h09v04.061.2022161015953.PET_500m,MOD16A2,A2022145,Lat46.4089Lon-119.275Samp1Line1,2022161015953,PET_500m,423
MOD16A2.A2022153.h09v04.061.2022169021808.PET_500m,MOD16A2,A2022153,Lat46.4089Lon-119.275Samp1Line1,2022169021808,PET_500m,514
MOD16A2.A2022161.h09v04.061.2022177004009.PET_500m,MOD16A2,A2022161,Lat46.4089Lon-119.275Samp1Line1,2022177004009,PET_500m,460
MOD16A2.A2022169.h09v04.061.2022185005610.PET_500m,MOD16A2,A2022169,Lat46.4089Lon-119.275Samp1Line1,2022185005610,PET_500m,604
MOD16A2.A2022177.h09v04.061.2022194182947.PET_500m,MOD16A2,A2022177,Lat46.4089Lon-119.275Samp1Line1,2022194182947,PET_500m,690
MOD16A2.A2022185.h09v04.061.2022201015628.PET_500m,MOD16A2,A2022185,Lat46.4089Lon-119.275Samp1Line1,2022201015628,PET_500m,644
MOD16A2.A2022193.h09v04.061.2022209032306.PET_500m,MOD16A2,A2022193,Lat46.4089Lon-119.275Samp1Line1,2022209032306,PET_500m,708
MOD16A2.A2022201.h09v04.061.2022217005007.PET_500m,MOD16A2,A2022201,Lat46.4089Lon-119.275Samp1Line1,2022217005007,PET_500m,729
MOD16A2.A2022209.h09v04.061.2022228182041.PET_500m,MOD16A2,A2022209,Lat46.4089Lon-119.275Samp1Line1,2022228182041,PET_500m,722
MOD16A2.A2022217.h09v04.061.2022234184923.PET_500m,MOD16A2,A2022217,Lat46.4089Lon-119.275Samp1Line1,2022234184923,PET_500m,677
MOD16A2.A2022225.h09v04.061.2022241012121.PET_500m,MOD16A2,A2022225,Lat46.4089Lon-119.275Samp1Line1,2022241012121,PET_500m,639
MOD16A2.A2022233.h09v04.061.2022249005641.PET_500m,MOD16A2,A2022233,Lat46.4089Lon-119.275Samp1Line1,2022249005641,PET_500m,577
MOD16A2.A2022241.h09v04.061.2022258115426.PET_500m,MOD16A2,A2022241,Lat46.4089Lon-119.275Samp1Line1,2022258115426,PET_500m,571
MOD16A2.A2022249.h09v04.061.2022265025934.PET_500m,MOD16A2,A2022249,Lat46.4089Lon-119.275Samp1Line1,2022265025934,PET_500m,468
MOD16A2.A2022257.h09v04.061.2022273005935.PET_500m,MOD16A2,A2022257,Lat46.4089Lon-119.275Samp1Line1,2022273005935,PET_500m,356
MOD16A2.A2022265.h09v04.061.2022281012125.PET_500m,MOD16A2,A2022265,Lat46.4089Lon-119.275Samp1Line1,2022281012125,PET_500m,409
MOD16A2.A2022273.h09v04.061.2022297132311.PET_500m,MOD16A2,A2022273,Lat46.4089Lon-119.275Samp1Line1,2022297132311,PET_500m,371
MOD16A2.A2022281.h09v04.061.2022300222242.PET_500m,MOD16A2,A2022281,Lat46.4089Lon-119.275Samp1Line1,2022300222242,PET_500m,366
MOD16A2.A2022289.h09v04.061.2022307015456.PET_500m,MOD16A2,A2022289,Lat46.4089Lon-119.275Samp1Line1,2022307015456,PET_500m,254
MOD16A2.A2022297.h09v04.061.2022313050015.PET_500m,MOD16A2,A2022297,Lat46.4089Lon-119.275Samp1Line1,2022313050015,PET_500m,155
MOD16A2.A2022305.h09v04.061.2022325150334.PET_500m,MOD16A2,A2022305,Lat46.4089Lon-119.275Samp1Line1,2022325150334,PET_500m,117
MOD16A2.A2022313.h09v04.061.2022329042113.PET_500m,MOD16A2,A2022313,Lat46.4089Lon-119.275Samp1Line1,2022329042113,PET_500m,109
MOD16A2.A2022321.h09v04.061.2022350213219.PET_500m,MOD16A2,A2022321,Lat46.4089Lon-119.275Samp1Line1,2022350213219,PET_500m,86
MOD16A2.A2022329.h09v04.061.2022351180155.PET_500m,MOD16A2,A2022329,Lat46.4089Lon-119.275Samp1Line1,2022351180155,PET_500m,71
MOD16A2.A2022337.h09v04.061.2022360160015.PET_500m,MOD16A2,A2022337,Lat46.4089Lon-119.275Samp1Line1,2022360160015,PET_500m,51
MOD16A2.A2022345.h09v04.061.2022362181323.PET_500m,MOD16A2,A2022345,Lat46.4089Lon-119.275Samp1Line1,2022362181323,PET_500m,54
MOD16A2.A2022353.h09v04.061.2023006095153.PET_500m,MOD16A2,A2022353,Lat46.4089Lon-119.275Samp1Line1,2023006095153,PET_500m,41
