11.939,8.6657,8.2715,7.4048,6.1236,5.6018,5.3744,5.4385,4.4611,4.3949,4.1486,3.8104,3.7247,3.7422,3.3575,3.1658,3.4864,3.0436,2.5468,2.939,2.6899,2.594,2.4496,2.1472,2.1053,2.0918,1.84,2.1026,1.6753,1.4067,1.514,1.4944,1.375,1.4776,1.0685,1.2656,1.0786,1.1509,1.1819,0.99157,1.0003,0.87615,0.8073,0.7506,0.95175,0.59062,0.91665,0.60952,0.756,0.5616,0.38002,0.59332,0.6264,0.50962,0.47722,0.24367,0.21667,0.1782,0.24975,0.20115
13.385,10.139,8.8297,7.5465,6.4719,5.8259,5.8907,5.2056,4.4584,4.509,4.3814,3.8084,3.6106,3.7341,3.4317,3.2994,3.5309,3.2319,2.7162,2.9234,2.7452,2.4509,2.3996,2.2498,2.2316,2.0986,1.8886,2.0682,1.7759,1.5295,1.5403,1.3392,1.3669,1.5032,1.1326,1.4256,1.2069,1.1401,1.161,1.1731,1.0773,0.81135,0.7587,0.8532,0.7911,0.60615,0.81675,0.72022,0.73305,0.52447,0.3537,0.62707,0.56092,0.52515,0.50895,0.35707,0.18562,0.22342,0.21397,0.17887
8.6535,12.174,9.9387,8.0561,6.7554,6.0831,5.8887,5.4824,4.5617,4.6238,4.4503,3.965,3.7078,3.4533,3.4756,3.5188,3.4945,3.0834,2.8094,2.8823,2.9585,2.6231,2.4732,2.187,2.2295,1.9501,2.0027,2.0324,1.894,1.6733,1.6726,1.3621,1.354,1.2845,1.1826,1.4931,1.2805,1.0921,1.2325,1.1286,1.1016,0.84982,0.7884,0.8235,0.80325,0.73912,0.92947,0.75735,0.59332,0.48127,0.42592,0.6885,0.59872,0.63585,0.51502,0.30712,0.22275,0.19102,0.216,0.28687
7.5938,8.2357,11.516,9.1253,7.0801,6.4584,6.1486,5.4763,4.8209,4.6886,4.4685,4.1695,3.8765,3.7139,3.4864,3.5046,3.4682,3.0652,2.8181,2.9153,2.835,2.6271,2.5286,2.2147,2.2869,1.9568,2.102,2.0122,1.9278,1.6382,1.7347,1.4938,1.381,1.3635,1.271,1.4195,1.3588,1.2001,1.1839,1.1245,1.0631,0.7992,0.89302,0.90315,0.8073,0.69592,0.9018,0.79245,0.72765,0.60817,0.5454,0.7371,0.56497,0.63112,0.59467,0.30982,0.22477,0.18697,0.19305,0.3078
6.7102,7.1105,7.7868,10.558,8.2303,6.9329,6.2471,5.7335,4.9397,4.6265,4.6197,4.2167,4.0642,3.7017,3.5971,3.5944,3.3575,3.0098,2.9025,2.9295,2.6912,2.673,2.511,2.2815,2.1539,2.1269,2.1546,1.946,1.8826,1.6936,1.7314,1.7185,1.4917,1.3831,1.321,1.3534,1.3763,1.2622,1.2103,1.1212,1.1104,0.97672,0.9045,0.89707,0.98617,0.70807,1.0024,0.66892,0.67432,0.55282,0.52582,0.71685,0.58117,0.64057,0.53527,0.35775,0.25717,0.26392,0.16672,0.24772
6.2498,6.3524,6.9228,7.0106,10.581,7.9137,6.5165,6.0885,5.1422,4.8607,4.6643,4.4024,3.9953,3.7928,3.591,3.479,3.5863,3.1064,2.9349,2.9025,2.675,2.5886,2.5502,2.3416,2.243,2.0682,2.1884,2.0216,1.9089,1.6949,1.7833,1.7894,1.4047,1.4317,1.2764,1.3939,1.2919,1.2109,1.2373,1.1542,1.0408,1.0179,0.8289,0.99427,0.90787,0.73035,0.97672,0.6291,0.73912,0.54675,0.58117,0.59805,0.62707,0.63382,0.66285,0.39352,0.28147,0.28485,0.3348,0.2187
5.7031,5.5404,6.2161,6.0345,6.9066,9.9124,7.3575,6.4841,5.2569,5.0686,4.6319,4.4854,4.2113,3.8853,3.7004,3.5039,3.5849,3.0206,2.9329,2.862,2.7533,2.6237,2.5292,2.486,2.2829,2.1762,2.295,2.0466,1.8866,1.7928,1.8178,1.5606,1.5255,1.4087,1.3324,1.4344,1.3021,1.1752,1.1779,1.2008,1.0874,0.9909,0.7506,0.9693,0.95985,0.7722,1.0753,0.71347,0.71077,0.63585,0.58387,0.69255,0.57915,0.66082,0.70807,0.38812,0.378,0.26527,0.2943,0.20587
5.2103,5.1624,5.6903,5.51,5.8286,6.3369,9.5074,7.074,5.9886,5.1833,4.9835,4.6312,4.2026,4.0446,3.7672,3.4972,3.4574,3.1664,2.9126,3.0308,2.8424,2.6426,2.4678,2.5427,2.3571,2.3186,2.3254,2.1256,1.975,1.755,1.7685,1.6639,1.5167,1.46,1.327,1.3486,1.3304,1.2143,1.2602,1.0577,1.0699,0.9639,0.84577,0.9828,1.0888,0.84172,1.0273,0.7047,0.67162,0.70402,0.55552,0.67567,0.55687,0.62235,0.78975,0.32872,0.2727,0.32197,0.34425,0.2619
4.8431,4.6312,5.2367,5.2286,5.3987,5.6471,6.1965,9.128,6.4652,5.6255,5.1692,4.8209,4.3085,4.129,3.7287,3.6187,3.3379,3.0895,2.9808,3.0834,2.9261,2.7628,2.5454,2.4955,2.3429,2.2883,2.1418,2.2113,1.9919,1.8569,1.8805,1.564,1.487,1.5052,1.3257,1.3804,1.4269,1.2481,1.2427,1.026,1.2352,0.96525,0.95377,0.96255,1.0024,0.84577,1.0159,0.7695,0.71955,0.60682,0.51165,0.65745,0.57037,0.65137,0.65812,0.38407,0.31117,0.44955,0.36922,0.22477
4.7216,4.4024,4.7831,4.7736,4.9613,5.1867,5.3649,5.7767,8.6947,6.2775,5.5438,4.9208,4.3227,4.1978,3.9778,3.6106,3.4763,3.0179,3.1847,3.1172,2.9079,2.7932,2.6872,2.4705,2.264,2.133,2.2727,2.1384,2.0527,1.9386,1.9426,1.5383,1.5707,1.4978,1.3473,1.4445,1.4674,1.3176,1.2346,1.2069,1.2818,1.0078,0.93892,0.99495,1.0624,0.77422,0.96592,0.77962,0.66757,0.621,0.46372,0.6561,0.48735,0.59602,0.68917,0.4806,0.33142,0.38947,0.30577,0.23152
4.4253,4.1128,4.4206,4.3659,4.5495,4.6629,4.8735,4.97,5.5148,8.3538,6.0656,5.3555,4.5299,4.3025,4.0041,3.7537,3.668,3.1644,3.4047,3.3251,2.7581,2.7398,2.5562,2.4955,2.2957,2.2295,2.1904,2.2025,1.9541,1.9521,1.9541,1.5086,1.5849,1.5606,1.462,1.4377,1.4445,1.3311,1.2919,1.2602,1.217,1.0813,0.94027,1.0969,0.94027,0.8721,0.95175,0.85387,0.79717,0.6102,0.5211,0.6912,0.4293,0.60952,0.58252,0.43537,0.2781,0.3645,0.3402,0.26055
4.0595,3.911,4.2039,4.4341,4.2721,4.4307,4.43,4.5563,4.8674,5.2124,8.0089,5.6673,4.8627,4.4969,4.048,3.8158,3.7962,3.3325,3.155,3.3149,2.8897,2.7358,2.5718,2.4374,2.3112,2.3794,2.1391,2.1485,1.9919,1.7827,1.8961,1.4641,1.4884,1.4006,1.5383,1.4283,1.5289,1.3547,1.2906,1.3345,1.1826,1.0442,0.9936,1.1353,0.91192,0.88897,0.96187,0.82147,0.90382,0.58455,0.58927,0.67702,0.5643,0.63517,0.60075,0.46372,0.35167,0.3726,0.3861,0.3051
3.7523,3.5681,3.9771,4.0055,4.0338,4.129,4.1148,4.2775,4.2289,4.5887,5.1597,7.8212,5.3777,4.7095,4.1249,3.967,3.7476,3.5431,3.2218,3.2076,3.1374,2.7425,2.7047,2.5434,2.4442,2.3996,2.052,2.1094,2.0041,1.894,1.942,1.6247,1.4404,1.3412,1.4749,1.483,1.5626,1.3115,1.2643,1.3318,1.1205,0.9504,0.92542,1.0597,0.93892,0.87277,0.92002,0.81067,0.93892,0.67905,0.5643,0.68512,0.65542,0.66825,0.51232,0.49275,0.31792,0.38745,0.405,0.26122
3.5026,3.4081,3.8806,3.7874,3.7031,3.9224,3.9332,3.8354,3.8948,4.3187,4.6656,4.8884,7.4513,5.1833,4.5934,4.1918,4.05,3.5053,3.3176,3.2036,3.128,2.8991,2.725,2.5387,2.482,2.3652,2.0871,2.2505,2.0081,1.9312,1.9885,1.5862,1.4553,1.3615,1.5498,1.4371,1.6112,1.3804,1.2305,1.2285,1.2717,1.028,1.0132,1.1266,0.99427,0.83092,1.024,0.7641,0.91935,0.67635,0.51367,0.68647,0.69187,0.6588,0.57307,0.4455,0.34087,0.41647,0.33817,0.3051
3.3764,3.2873,3.6369,3.5384,3.5465,3.6086,3.643,3.5708,3.8468,4.1047,4.1533,4.2721,4.4665,7.1543,4.7162,4.48,4.1972,3.7463,3.4223,3.3257,3.2015,2.9693,2.7567,2.5826,2.3564,2.3186,2.1749,2.1654,1.9885,1.9912,2.0122,1.7158,1.4904,1.4668,1.6355,1.4357,1.5491,1.327,1.2258,1.2352,1.2616,1.0456,1.0287,1.0381,1.0111,0.8478,1.0138,0.74587,0.84172,0.67162,0.57375,0.64057,0.58995,0.64057,0.56295,0.44077,0.31792,0.39622,0.41242,0.31792
3.2441,3.2515,3.3784,3.2589,3.3818,3.4688,3.4067,3.4412,3.5755,3.8057,3.886,3.8435,4.0419,4.3963,6.6974,4.7419,4.4665,3.9089,3.5485,3.4479,3.4088,3.1212,2.7095,2.5738,2.4786,2.2255,2.0999,2.2565,2.0074,2.0324,1.9156,1.7064,1.5235,1.5194,1.5511,1.4222,1.4614,1.35,1.3783,1.215,1.2352,1.026,1.1002,1.051,0.891,0.92137,1.0071,0.68917,0.88492,0.63517,0.5859,0.69187,0.60345,0.66352,0.513,0.48802,0.29295,0.4401,0.45427,0.40432
3.0834,3.1367,3.1637,3.2022,3.1442,3.3676,3.211,3.1745,3.4209,3.4493,3.5343,3.7125,3.6389,4.0257,4.1351,6.7993,4.6096,4.1506,3.7834,3.6558,3.3176,3.1327,2.754,2.6669,2.565,2.2896,2.0966,2.1323,2.1242,2.0378,1.9224,1.6902,1.512,1.4593,1.6274,1.3925,1.4749,1.3594,1.2838,1.1475,1.3453,1.0429,1.0739,1.0253,0.92205,0.8559,1.0712,0.76882,0.88222,0.5643,0.55485,0.8559,0.62505,0.6858,0.5805,0.45292,0.34357,0.3969,0.4995,0.42795
2.9221,3.0132,3.0517,3.0854,2.9207,3.2447,2.9707,2.943,3.2339,3.3359,3.2454,3.4398,3.4371,3.7375,3.7841,4.3031,6.6947,4.4901,4.0196,3.7949,3.319,3.1941,2.6879,2.6939,2.6818,2.4111,2.1627,2.1938,2.1755,2.0378,1.9879,1.7712,1.4566,1.5268,1.4857,1.3358,1.5532,1.3554,1.3088,1.1286,1.3338,1.0098,1.1367,1.0827,0.95377,0.7776,0.9612,0.87075,0.83362,0.702,0.6048,0.8235,0.61897,0.69187,0.6075,0.42187,0.30645,0.39757,0.53932,0.39622
2.7911,2.6771,2.9815,2.808,2.8937,2.9666,2.8634,2.8607,3.0213,3.1678,3.188,3.2177,3.2164,3.3804,3.3946,3.7787,4.0858,6.5286,4.1351,3.911,3.4425,3.2906,2.9754,2.8121,2.6204,2.453,2.2019,2.1121,2.2059,2.0689,1.8988,1.6794,1.5451,1.6402,1.6207,1.6092,1.4425,1.408,1.3027,1.2514,1.2285,1.0631,1.1941,1.0584,1.0003,0.81877,1.0206,0.8478,0.85185,0.71347,0.6183,0.89235,0.63855,0.74182,0.56497,0.48127,0.32467,0.36652,0.50085,0.36585
2.6251,2.6102,2.7938,2.6892,2.7965,2.9788,2.7419,2.7662,2.8559,2.8971,3.1718,3.0335,3.1941,3.2738,3.1968,3.4,3.7132,3.832,6.2431,4.2066,3.564,3.4749,3.0719,2.8208,2.7743,2.565,2.4314,1.9987,2.1944,2.1843,1.8623,1.7185,1.5498,1.6632,1.6598,1.5835,1.4553,1.327,1.323,1.186,1.2852,1.053,1.105,1.0388,1.0307,0.82822,0.98415,0.84307,0.86467,0.78907,0.58995,0.82282,0.6345,0.73575,0.54202,0.50085,0.29092,0.3321,0.432,0.36652
2.5765,2.4941,2.7398,2.5238,2.777,2.7311,2.7297,2.6089,2.6474,2.8242,2.943,2.8688,2.8735,3.0254,3.0362,3.1502,3.348,3.4729,3.5897,6.2107,3.7442,3.724,3.2326,2.9309,2.8661,2.6494,2.3983,2.0925,2.2741,2.2012,1.9035,1.7962,1.6855,1.6483,1.6774,1.6085,1.5478,1.4303,1.327,1.2784,1.2744,1.0435,1.105,1.0739,0.91057,0.82417,1.0719,0.82957,0.87547,0.78367,0.6075,0.88762,0.6372,0.74385,0.53392,0.4293,0.35235,0.3969,0.3753,0.36922
2.5326,2.4395,2.5994,2.3767,2.4901,2.5306,2.6062,2.4158,2.5191,2.6656,2.6919,2.7729,2.8883,2.966,2.9606,2.835,2.9997,3.1658,3.2576,3.593,5.8887,3.7409,3.4297,3.1732,2.8188,2.7162,2.4482,2.1944,2.1917,2.2235,1.9426,1.759,1.7037,1.7435,1.6261,1.5943,1.5464,1.377,1.3736,1.2366,1.3054,1.1664,1.1117,1.0894,0.972,0.8802,0.9288,0.87682,0.91867,0.81472,0.6507,0.81945,0.65137,0.73845,0.51637,0.50152,0.36922,0.35235,0.3888,0.33007
2.426,2.3976,2.3922,2.2997,2.401,2.4145,2.4131,2.3294,2.4071,2.6656,2.43,2.5664,2.5772,2.7817,2.6582,2.7614,2.8067,2.9221,2.9369,3.236,3.2724,5.8752,3.5546,3.3602,3.0314,2.8283,2.4374,2.293,2.3207,2.0743,2.0014,1.7955,1.7948,1.8022,1.7037,1.5842,1.5775,1.4836,1.3709,1.379,1.2244,1.1232,1.0955,1.0881,1.026,0.8343,1.0138,0.82215,0.9072,0.86602,0.60075,0.8019,0.61357,0.72765,0.57105,0.50625,0.35302,0.43065,0.42525,0.3564
2.3072,2.1627,2.376,2.1911,2.2511,2.4118,2.3267,2.3024,2.3132,2.5171,2.4793,2.5218,2.4685,2.6514,2.5387,2.6008,2.6561,2.8208,2.6993,2.9464,2.9761,3.321,5.7314,3.4371,3.2231,2.8276,2.5171,2.2876,2.4111,2.102,2.0392,1.8272,1.8954,1.8333,1.5856,1.7172,1.5437,1.4465,1.3264,1.3324,1.3162,1.1299,1.1698,1.1043,0.97537,0.81472,1.0057,0.79852,0.86535,0.84915,0.56632,0.72022,0.62302,0.59872,0.51232,0.47115,0.33817,0.45967,0.41985,0.3564
2.3247,2.162,2.1661,2.1209,2.1566,2.2019,2.3112,2.1661,2.189,2.3834,2.4698,2.2275,2.5292,2.4854,2.3585,2.428,2.5886,2.5333,2.5272,2.7135,2.7338,2.9039,3.2366,5.616,3.3021,3.1199,2.6609,2.4563,2.4516,2.214,2.0574,1.7854,1.8049,1.8346,1.7381,1.6895,1.4728,1.5086,1.3675,1.3878,1.2663,1.1407,1.2211,1.1637,1.0321,0.76072,0.9909,0.75667,0.87817,0.77017,0.53257,0.81607,0.5913,0.6507,0.52177,0.55957,0.3915,0.47992,0.40837,0.43672
2.2856,1.9568,2.1654,2.0756,2.0419,2.2066,2.0034,2.0837,2.1107,2.2646,2.2721,2.2046,2.3247,2.43,2.3281,2.2876,2.2835,2.4712,2.4192,2.6352,2.5758,2.7243,2.9275,3.2029,5.3811,3.2218,2.9187,2.6386,2.4482,2.3072,2.1094,1.8036,1.8468,1.813,1.6922,1.7077,1.5653,1.5282,1.3628,1.3716,1.3777,1.1779,1.1927,1.1475,1.0098,0.84645,1.0982,0.81607,0.87615,0.78975,0.65272,0.81742,0.63652,0.64597,0.5184,0.567,0.36247,0.43875,0.39757,0.4212
2.133,1.8994,2.0736,1.9582,1.9129,2.0365,2.0432,1.9649,1.9852,2.158,2.1904,2.135,2.1566,2.3382,2.1431,2.1573,2.3065,2.3031,2.2869,2.3848,2.3645,2.4469,2.6244,2.8445,2.8127,5.3548,3.0341,2.8154,2.5151,2.3713,2.1992,1.8097,1.9116,1.8799,1.7928,1.7199,1.57,1.4863,1.3952,1.4681,1.3588,1.1873,1.1495,1.1927,1.0982,0.92542,1.0368,0.8289,0.90652,0.75262,0.63315,0.8397,0.70942,0.70942,0.58252,0.5292,0.43875,0.38745,0.43672,0.42727
1.9636,1.8252,1.9001,1.9723,1.9109,2.0176,1.9008,1.8799,1.9609,2.0594,2.1114,2.0898,2.1107,2.2187,2.0783,2.077,2.0952,2.162,2.241,2.2518,2.2025,2.2876,2.3807,2.6231,2.6231,2.887,5.2157,2.8168,2.6717,2.538,2.2592,1.9278,1.9453,1.8657,1.7867,1.7422,1.5181,1.5174,1.4357,1.4344,1.3513,1.1947,1.1806,1.1495,1.0867,0.87952,1.0442,0.87142,0.90112,0.81067,0.63855,0.88695,0.65947,0.71685,0.54,0.46642,0.4536,0.3942,0.37935,0.4455
1.9386,1.7705,1.8637,1.755,1.8319,1.8481,1.8596,1.8542,1.8839,1.9757,1.9784,2.0351,1.9845,2.0905,1.9345,2.1182,1.9966,2.1566,2.2052,2.162,2.1371,2.0446,2.2667,2.5326,2.3058,2.5508,2.7027,4.9788,2.7317,2.5846,2.4563,2.0311,2.0007,1.9467,1.8576,1.7671,1.6814,1.514,1.4553,1.4425,1.3297,1.2231,1.0901,1.1225,1.0746,0.91935,1.1205,0.82957,0.95175,0.75667,0.65272,0.84982,0.73237,0.71617,0.4941,0.4806,0.52785,0.36247,0.36382,0.51772
1.9136,1.7307,1.7199,1.7395,1.6983,1.7894,1.7604,1.7982,1.8232,1.9575,1.9291,1.8421,1.84,1.9615,1.8961,1.8664,2.05,1.9642,2.0392,2.0615,1.8913,2.0453,2.0527,2.2802,2.2025,2.3551,2.4104,2.6325,5.0294,2.7297,2.5144,2.183,2.1492,2.0574,1.867,1.8097,1.6814,1.4526,1.5964,1.4816,1.4317,1.246,1.2069,1.1549,1.0516,0.91867,1.1043,0.86602,0.87615,0.79042,0.6885,0.81337,0.7047,0.648,0.46305,0.51435,0.46912,0.4374,0.3726,0.513
1.8414,1.6321,1.6922,1.7698,1.6936,1.6895,1.6585,1.7293,1.7462,1.7482,1.7746,1.809,1.8731,1.8988,1.8076,1.8427,1.894,1.7476,2.0412,2.0054,1.894,1.9487,1.9852,2.1728,2.0999,2.2424,2.2505,2.482,2.5704,4.7878,2.5076,2.266,2.2241,2.1674,1.9885,1.8954,1.6753,1.5214,1.5336,1.4438,1.3979,1.2879,1.1731,1.1738,1.1252,0.88897,1.0611,0.8181,0.90922,0.65475,0.74385,0.8262,0.67972,0.69997,0.51502,0.55215,0.50287,0.42997,0.35167,0.5103
1.7462,1.6342,1.6747,1.7482,1.5862,1.6031,1.5505,1.6267,1.5721,1.7557,1.7496,1.7442,1.8137,1.9217,1.7604,1.8076,1.9089,1.7509,1.8414,1.8873,1.7368,1.7786,1.9109,1.9926,1.9136,1.9811,2.0399,2.2208,2.3747,2.4557,4.8209,2.4179,2.3031,2.2154,2.0648,1.9008,1.7509,1.6139,1.539,1.5052,1.3277,1.3432,1.2008,1.2136,1.0888,0.99225,1.1205,0.86467,0.85455,0.7884,0.67635,0.76275,0.72495,0.69052,0.48465,0.51502,0.47115,0.39757,0.33952,0.43402
1.6834,1.543,1.5815,1.5613,1.5349,1.6402,1.5032,1.5532,1.591,1.6767,1.5525,1.6828,1.6814,1.7401,1.674,1.5741,1.7968,1.676,1.7077,1.7408,1.6348,1.6436,1.89,1.8718,1.8171,1.9798,1.8967,2.0108,2.1148,2.1479,2.4509,4.5887,2.3517,2.3099,2.0891,1.9973,1.7995,1.6578,1.5613,1.5714,1.3041,1.3122,1.2703,1.1455,1.1117,0.99157,1.0739,0.8532,0.87142,0.7668,0.7695,0.83835,0.65002,0.73035,0.50557,0.53527,0.486,0.41377,0.34695,0.41715
1.5559,1.5025,1.5957,1.597,1.4998,1.5903,1.5295,1.5275,1.4965,1.4236,1.4668,1.6294,1.6281,1.6315,1.6362,1.57,1.7219,1.5424,1.5559,1.7557,1.5248,1.6767,1.7422,1.8677,1.7665,1.8198,1.8542,1.9048,2.0304,2.0034,2.2451,2.1661,4.617,2.3072,2.2039,2.0804,1.8718,1.7354,1.5329,1.5484,1.3041,1.2629,1.1833,1.1968,1.192,0.9909,1.053,0.95377,0.87075,0.79852,0.67567,0.78232,0.64057,0.75532,0.54067,0.5508,0.46305,0.39825,0.3402,0.351
1.456,1.3014,1.5181,1.4209,1.3412,1.4674,1.3723,1.5673,1.3858,1.4195,1.4094,1.5687,1.5673,1.6706,1.4809,1.5417,1.6018,1.4823,1.5748,1.597,1.3716,1.5349,1.5808,1.7584,1.7577,1.6807,1.7192,1.7462,1.8758,1.9156,2.0358,2.0284,2.2808,4.451,2.2032,2.237,1.9399,1.8502,1.5775,1.6544,1.3932,1.2352,1.2629,1.2859,1.1873,1.0105,1.0753,0.9288,0.79447,0.78367,0.68917,0.78907,0.73035,0.69525,0.51232,0.58117,0.47317,0.42795,0.35235,0.4077
1.4377,1.3594,1.4357,1.3527,1.2643,1.3939,1.3149,1.3898,1.3844,1.3682,1.3885,1.4985,1.5268,1.5343,1.4836,1.5876,1.5613,1.4323,1.3777,1.431,1.4229,1.4944,1.6456,1.701,1.5174,1.6544,1.6551,1.6429,1.7563,1.7813,1.8171,1.8198,2.0223,2.1114,4.5124,2.4557,2.0027,2.027,1.7131,1.5079,1.5106,1.3,1.3473,1.2008,1.082,0.98482,1.1306,0.8478,0.7857,0.77085,0.73777,0.85387,0.68647,0.69322,0.48532,0.58185,0.43605,0.41782,0.33952,0.4077
1.3905,1.2575,1.2987,1.3088,1.2393,1.2622,1.2022,1.3648,1.3648,1.2805,1.3021,1.3952,1.4519,1.4479,1.3858,1.456,1.4695,1.3689,1.3405,1.4911,1.3405,1.3372,1.4796,1.5471,1.5248,1.6099,1.593,1.6389,1.5822,1.6348,1.6234,1.703,1.9129,1.9561,2.1222,4.5961,2.0169,2.0088,1.7631,1.7239,1.62,1.3608,1.2933,1.3075,1.1185,0.98752,1.0753,0.90112,0.8208,0.80325,0.7857,0.83295,0.69255,0.68782,0.55755,0.58995,0.47182,0.44617,0.32197,0.3186
1.3189,1.219,1.2535,1.2859,1.2305,1.2346,1.1488,1.267,1.3183,1.2204,1.2953,1.3277,1.381,1.4256,1.3534,1.2278,1.3824,1.3162,1.2798,1.3142,1.2643,1.3311,1.4398,1.5322,1.4175,1.3864,1.5221,1.4796,1.6058,1.591,1.5727,1.6301,1.7044,1.757,1.9156,2.1884,4.1999,2.1701,1.7604,1.7941,1.6139,1.4647,1.3473,1.3912,1.2109,1.1117,1.134,0.93825,0.87615,0.74722,0.7965,0.90787,0.74115,0.74452,0.52582,0.6345,0.48465,0.46642,0.32535,0.37192
1.3122,1.1482,1.2562,1.2251,1.1374,1.192,1.0537,1.1954,1.1596,1.2494,1.1873,1.2616,1.2926,1.2994,1.2595,1.3756,1.379,1.2595,1.1495,1.3473,1.2501,1.3081,1.3972,1.4735,1.3918,1.3014,1.3891,1.4168,1.4951,1.537,1.4803,1.5181,1.4985,1.5086,1.7955,2.0047,1.8697,4.1972,2.0027,1.8974,1.7354,1.4978,1.4769,1.3507,1.2103,1.1488,1.1738,1.0597,0.90382,0.77085,0.85185,0.86467,0.79582,0.77355,0.52447,0.64732,0.43132,0.51637,0.4131,0.34357
1.2595,1.107,1.165,1.2103,1.1448,1.1394,1.1124,1.2001,1.1434,1.1785,1.136,1.2427,1.2508,1.2406,1.1556,1.2352,1.2805,1.1981,1.1893,1.2197,1.1293,1.2265,1.3196,1.3709,1.2852,1.3027,1.379,1.406,1.3439,1.3986,1.408,1.404,1.4364,1.3905,1.5943,1.7908,1.7172,1.8583,4.1438,1.9156,1.7773,1.6058,1.4803,1.4593,1.159,1.1718,1.0881,1.0226,0.8856,0.87547,0.77557,0.90112,0.81202,0.71752,0.57915,0.62167,0.45495,0.43807,0.37327,0.36247
1.1961,1.0881,1.2204,1.1806,1.1178,1.0975,1.0449,1.1448,1.1002,1.1947,1.1475,1.1569,1.1414,1.2062,1.1731,1.2487,1.2197,1.0827,1.1792,1.2177,1.0489,1.213,1.19,1.3108,1.2211,1.2427,1.2298,1.3412,1.2913,1.3075,1.3351,1.2393,1.3952,1.3135,1.5403,1.649,1.6409,1.7118,1.8157,4.0925,1.7152,1.5916,1.543,1.5147,1.2798,1.1785,1.2339,1.0921,0.87075,0.89977,0.83497,0.89842,0.78907,0.7506,0.594,0.62842,0.5103,0.47182,0.35842,0.34965
1.1455,1.0159,1.0604,1.1212,1.0388,1.0645,0.98415,1.0773,1.0591,1.1151,1.0813,1.0746,1.0847,1.134,1.1387,1.1468,1.2076,1.057,1.0786,1.165,1.0921,1.1441,1.136,1.1684,1.1131,1.1151,1.2089,1.2494,1.273,1.3048,1.2643,1.2535,1.3331,1.294,1.4303,1.5127,1.516,1.6321,1.6382,1.6787,3.9521,1.6186,1.6389,1.5397,1.3304,1.2467,1.2136,1.0692,0.92407,0.99157,0.88897,0.90787,0.78232,0.75735,0.54742,0.69187,0.4752,0.48127,0.378,0.37395
1.0665,0.99832,1.0955,1.0975,0.93757,1.0442,0.88762,0.9693,0.95445,1.0226,1.0692,1.0186,1.0105,1.0712,1.0496,1.082,1.0341,1.057,1.0537,1.0368,0.99697,1.1698,1.0456,1.1549,1.0246,1.1792,1.0847,1.1846,1.1448,1.215,1.1556,1.1353,1.2278,1.1947,1.2953,1.431,1.3405,1.4296,1.4587,1.5133,1.5822,3.8927,1.5862,1.6416,1.4512,1.2244,1.2258,1.2116,0.94567,1.0503,0.81877,0.93892,0.8019,0.79515,0.61155,0.59872,0.54202,0.48802,0.37732,0.38407
1.0523,0.9477,1.0597,1.0132,0.8964,0.9855,0.94297,0.95985,0.9396,0.91935,0.96322,0.95175,0.90855,1.0557,1.0294,1.1198,0.95175,0.9936,0.93757,1.0388,0.8748,1.0955,1.03,1.1212,1.0057,1.0827,1.051,1.2062,1.0645,1.1023,1.1164,1.111,1.2001,1.0881,1.2454,1.2724,1.2886,1.2582,1.3378,1.4701,1.4843,1.4944,3.8549,1.6463,1.4958,1.3507,1.3338,1.2332,1.0003,1.0645,0.92272,0.9234,0.79245,0.77895,0.59535,0.71145,0.50692,0.49072,0.36382,0.4374
0.98347,0.90922,0.9693,1.0132,0.90247,1.0111,0.77895,0.85455,0.92137,0.95377,0.95377,0.86467,0.95917,1.0078,1.0665,1.0381,0.96727,0.90652,0.87952,0.93892,0.88425,0.99697,0.95107,1.0388,0.93757,1.0564,0.99292,1.1765,1.1286,1.0516,1.0577,1.0462,1.0665,1.0989,1.1218,1.2373,1.2258,1.2724,1.2589,1.3378,1.3561,1.4688,1.5471,3.8759,1.4128,1.3075,1.3817,1.2305,1.0786,1.1272,0.9153,0.89505,0.8586,0.82282,0.6399,0.6399,0.53392,0.46035,0.3834,0.41985
0.95445,0.80932,0.94027,0.95985,0.82822,0.81135,0.8343,0.90045,0.89505,0.891,0.9423,0.9234,0.87952,0.91192,0.91395,1.001,0.93217,0.91597,0.8262,0.93555,0.88762,0.95107,0.95242,0.96457,0.89842,0.9207,0.93352,1.0071,0.99765,0.97065,0.97065,1.001,1.1347,1.0186,1.1434,1.1745,1.1475,1.1947,1.1488,1.2737,1.2636,1.1941,1.4269,1.5248,3.724,1.3858,1.4175,1.3041,1.2049,1.1461,1.0375,0.9882,0.82417,0.81405,0.621,0.74047,0.48262,0.5319,0.3483,0.38137
0.95917,0.82282,0.8964,0.918,0.83767,0.84577,0.76815,0.76275,0.77287,0.83835,0.89235,0.7803,0.80392,0.89302,0.8721,0.99495,0.8316,0.84375,0.79582,0.8478,0.81472,0.91057,0.87885,0.88897,0.88357,0.9828,0.86872,0.96322,0.89505,0.91935,0.94837,0.92475,0.9666,0.97807,0.9558,1.163,0.99832,1.134,1.0354,1.188,1.0921,1.1961,1.2967,1.4479,1.3095,3.6329,1.3642,1.3351,1.1833,1.1914,0.99495,1.0773,0.8343,0.80797,0.69997,0.7344,0.49612,0.46035,0.3807,0.34695
0.9099,0.75262,0.73777,0.87277,0.7479,0.77827,0.67162,0.75802,0.72765,0.79785,0.8208,0.7884,0.84915,0.8748,0.82485,0.95985,0.7587,0.82687,0.76882,0.82957,0.7047,0.89707,0.84982,0.84982,0.80865,0.85522,0.87547,0.91462,0.85657,0.86332,0.8613,0.8586,0.92475,0.9126,1.0253,0.99697,0.92745,1.0496,1.0327,1.0651,1.0705,1.1657,1.165,1.2926,1.1779,1.3156,3.5309,1.2575,1.1779,1.3048,1.0267,1.0746,0.87412,0.86805,0.66217,0.7533,0.49072,0.55215,0.3915,0.39352
0.93285,0.67972,0.74452,0.76342,0.71685,0.75802,0.67837,0.71887,0.67432,0.7479,0.77557,0.75397,0.75465,0.75667,0.73777,0.93217,0.79177,0.79042,0.70132,0.729,0.6993,0.75937,0.81202,0.8208,0.71685,0.891,0.73912,0.89032,0.8208,0.84847,0.75262,0.85792,0.95175,0.78165,0.93757,0.9126,0.91327,0.95107,0.9477,0.97942,0.9801,1.0273,1.0051,1.2548,1.1252,1.1293,1.2204,3.5363,1.1029,1.3068,1.082,1.1158,0.89842,0.91125,0.66082,0.74857,0.5022,0.53392,0.40432,0.4239
0.79177,0.675,0.74587,0.7749,0.6588,0.7074,0.62707,0.68985,0.64935,0.73575,0.69592,0.71212,0.74317,0.77355,0.6777,0.84375,0.72292,0.69862,0.72427,0.8505,0.70402,0.67905,0.77017,0.79245,0.74047,0.82822,0.6912,0.82485,0.81405,0.7371,0.74992,0.8073,0.83092,0.70672,0.90045,0.92812,0.83632,0.90112,0.87547,1.0199,0.94905,0.9936,0.90787,1.0341,1.0003,1.1475,1.1934,1.2724,3.4594,1.3466,1.0861,1.0746,1.0118,0.9531,0.77625,0.75802,0.54067,0.60142,0.48397,0.47115
0.73237,0.59872,0.73507,0.71077,0.6102,0.594,0.56902,0.63922,0.6399,0.75735,0.66892,0.71077,0.68985,0.68175,0.6723,0.81202,0.67027,0.7236,0.621,0.74182,0.63855,0.60547,0.71415,0.7722,0.76545,0.76545,0.69525,0.71415,0.72427,0.71617,0.70875,0.7992,0.83295,0.65137,0.77827,0.79312,0.80122,0.83092,0.87412,0.87952,0.88222,0.87615,0.90112,0.93285,0.83632,0.9855,1.0233,1.1036,1.136,3.4709,1.2231,1.0935,0.96997,0.97402,0.81337,0.74047,0.6021,0.56227,0.4914,0.4212
0.70807,0.61695,0.5913,0.66352,0.62437,0.63787,0.55282,0.66285,0.66825,0.72225,0.69187,0.62235,0.6156,0.64732,0.62302,0.77625,0.65475,0.6318,0.6372,0.6723,0.57712,0.65812,0.68445,0.65002,0.68107,0.71752,0.6642,0.67972,0.72697,0.6723,0.6021,0.68985,0.81877,0.65137,0.74385,0.77355,0.7641,0.71887,0.77827,0.83835,0.83362,0.86535,0.81607,0.9207,0.75397,0.837,0.95175,1.0591,1.0381,1.2265,3.3575,1.1171,1.0051,0.98685,0.8235,0.81742,0.5994,0.61155,0.47857,0.45225
0.63855,0.52852,0.59062,0.61965,0.5778,0.57172,0.57307,0.57172,0.53932,0.64597,0.61492,0.6345,0.62977,0.59535,0.55485,0.7047,0.59467,0.55012,0.5238,0.6237,0.58725,0.61357,0.6426,0.61357,0.6345,0.65947,0.6129,0.66825,0.65542,0.61695,0.6021,0.74385,0.73777,0.60007,0.66825,0.68715,0.73372,0.67905,0.65542,0.81202,0.783,0.77895,0.7479,0.8316,0.72765,0.83632,0.89707,0.82147,0.98887,1.0793,0.9531,3.427,3.3419,1.0685,0.88222,0.81607,0.68445,0.6588,0.4968,0.5319
0.56632,0.47722,0.61155,0.594,0.50962,0.56767,0.53122,0.53325,0.54945,0.55417,0.63517,0.59332,0.5913,0.59872,0.53865,0.6318,0.61425,0.55147,0.5184,0.57982,0.54472,0.5454,0.567,0.67162,0.60142,0.62032,0.4914,0.62572,0.59737,0.56362,0.61087,0.67162,0.67635,0.54742,0.64732,0.69187,0.70875,0.63315,0.6237,0.76882,0.65542,0.69322,0.6993,0.76072,0.7749,0.75735,0.81472,0.7857,0.8883,0.9342,0.96592,1.0928,0.99495,1.0732,0.91935,0.93825,0.7506,0.58455,0.4887,0.53595
0.54675,0.47587,0.55417,0.5427,0.4887,0.52447,0.6183,0.48735,0.49477,0.57105,0.58455,0.50692,0.57375,0.56902,0.44212,0.6318,0.54135,0.52852,0.5211,0.57577,0.45495,0.53055,0.55687,0.5535,0.58117,0.60885,0.4914,0.55552,0.54945,0.51705,0.50085,0.567,0.6426,0.44752,0.6426,0.63045,0.62775,0.63045,0.61897,0.6858,0.63652,0.68107,0.5616,0.72765,0.60142,0.63787,0.70942,0.72022,0.7506,0.87885,0.85927,1.0314,0.98617,3.2704,0.90922,0.95715,0.79987,0.73642,0.57982,0.59265
0.47115,0.4077,0.5238,0.54742,0.44145,0.50085,0.45157,0.4428,0.5157,0.50085,0.54945,0.47182,0.50895,0.53325,0.43875,0.47655,0.49747,0.4644,0.46372,0.4968,0.47925,0.4833,0.4698,0.47992,0.57037,0.50692,0.5346,0.49072,0.59062,0.53122,0.47385,0.4914,0.594,0.50152,0.567,0.64395,0.57037,0.6021,0.61897,0.59265,0.5265,0.61627,0.55822,0.58725,0.57847,0.64125,0.7074,0.63585,0.72022,0.77895,0.75195,0.90517,0.8991,0.9855,3.188,0.99292,0.79042,0.72225,0.58657,0.62302
0.45225,0.43065,0.49815,0.51907,0.45562,0.4725,0.4995,0.49545,0.44887,0.41242,0.55012,0.48262,0.49612,0.49207,0.44482,0.53932,0.45562,0.40837,0.4725,0.46845,0.39082,0.46575,0.43065,0.45427,0.53662,0.52987,0.4347,0.46507,0.48195,0.47182,0.47655,0.51772,0.5751,0.43807,0.4887,0.5427,0.51907,0.53257,0.49005,0.56565,0.52785,0.57172,0.5508,0.58657,0.52987,0.58522,0.6453,0.567,0.61425,0.6858,0.63382,0.8235,0.783,0.85927,0.87075,3.2096,0.84105,0.76882,0.60277,0.62842
0.46372,0.39622,0.47655,0.5103,0.41715,0.43807,0.42255,0.40972,0.37867,0.47317,0.50085,0.43065,0.43132,0.46237,0.41377,0.48262,0.47385,0.43065,0.42795,0.45157,0.34087,0.4752,0.3726,0.42052,0.47047,0.51502,0.36112,0.49342,0.43807,0.41985,0.40567,0.43605,0.51232,0.36517,0.45697,0.50422,0.4779,0.52582,0.46507,0.52515,0.47722,0.4941,0.44752,0.51367,0.486,0.50692,0.61357,0.63315,0.58657,0.6372,0.67162,0.84307,0.73642,0.81607,0.76275,0.87952,3.049,0.7668,0.65947,0.73575
0.45765,0.3537,0.39825,0.40702,0.39892,0.43537,0.40027,0.41917,0.33277,0.37597,0.43807,0.40837,0.44887,0.4455,0.3753,0.47182,0.3942,0.35842,0.36112,0.4266,0.32872,0.39757,0.45967,0.46912,0.35572,0.33682,0.33547,0.4428,0.41917,0.3996,0.51435,0.42187,0.44347,0.36247,0.43672,0.4671,0.4563,0.45157,0.41647,0.5319,0.43875,0.486,0.4401,0.5211,0.45495,0.42862,0.53122,0.55552,0.52582,0.57712,0.54202,0.73777,0.69457,0.74115,0.7047,0.88425,0.7317,2.9396,0.57105,0.8208
0.405,0.35775,0.38542,0.38205,0.33885,0.3753,0.378,0.38407,0.35977,0.31657,0.39622,0.4185,0.42525,0.45765,0.2808,0.4185,0.34897,0.36315,0.37867,0.39757,0.3159,0.40095,0.43942,0.39555,0.36855,0.34762,0.31522,0.41985,0.41647,0.40567,0.37125,0.3807,0.48397,0.36585,0.35235,0.44145,0.46777,0.45022,0.42187,0.42457,0.4455,0.4806,0.3726,0.45832,0.41917,0.45562,0.45292,0.486,0.46237,0.50895,0.48465,0.7047,0.54202,0.64462,0.68715,0.80797,0.67567,0.64057,2.9153,0.75195
0.38947,0.30577,0.37462,0.3618,0.35775,0.37597,0.35302,0.41107,0.3024,0.34762,0.39555,0.36855,0.39555,0.43065,0.29565,0.33345,0.33952,0.33885,0.2673,0.34357,0.32737,0.36855,0.41917,0.37327,0.36517,0.35167,0.28957,0.35842,0.38745,0.30105,0.34627,0.35707,0.4266,0.35775,0.3915,0.43402,0.42795,0.41647,0.3186,0.50287,0.47722,0.39622,0.42187,0.3915,0.36045,0.38137,0.45562,0.42052,0.41377,0.49072,0.43402,0.59602,0.6048,0.61762,0.58927,0.71617,0.59062,0.62167,0.6102,3.1327
0.34965,0.3024,0.36045,0.3699,0.31522,0.31185,0.33952,0.3375,0.32265,0.30982,0.3996,0.39352,0.38542,0.378,0.27135,0.36787,0.34695,0.3294,0.33142,0.35707,0.3429,0.46237,0.39082,0.37935,0.32265,0.3834,0.27337,0.35775,0.39757,0.30982,0.3456,0.34695,0.40837,0.25785,0.31657,0.41985,0.43267,0.41445,0.37192,0.46035,0.46372,0.43875,0.32197,0.39285,0.4131,0.33682,0.48667,0.4428,0.43537,0.51772,0.4563,0.6183,0.56902,0.5913,0.5697,0.6453,0.61492,0.60952,0.6291,0.8586
0.33142,0.27202,0.32535,0.3051,0.29767,0.32467,0.3186,0.33412,0.25177,0.3186,0.38475,0.34965,0.42795,0.3861,0.28012,0.34965,0.324,0.26865,0.29767,0.36922,0.2754,0.4158,0.37057,0.39015,0.32805,0.3807,0.30375,0.3375,0.3348,0.30982,0.3483,0.31117,0.40432,0.27202,0.32535,0.4374,0.3672,0.34627,0.35167,0.42187,0.42322,0.41782,0.3456,0.36585,0.4212,0.32467,0.4536,0.4455,0.40162,0.39825,0.41782,0.57172,0.49747,0.55957,0.5697,0.60142,0.58455,0.57037,0.58252,0.89032
0.324,0.27337,0.31185,0.34627,0.35775,0.32737,0.32197,0.32737,0.25785,0.3429,0.37192,0.33615,0.35167,0.3537,0.2916,0.35302,0.28755,0.30105,0.3321,0.3213,0.27067,0.40567,0.3213,0.378,0.33075,0.36045,0.25717,0.37395,0.3456,0.30037,0.324,0.33817,0.38002,0.3132,0.36585,0.3996,0.3672,0.41647,0.35167,0.4185,0.46912,0.42052,0.33615,0.3726,0.34695,0.32872,0.39757,0.43132,0.3591,0.40297,0.41715,0.5562,0.51097,0.5481,0.47925,0.58657,0.5427,0.60345,0.5589,0.75465
0.31455,0.26662,0.30442,0.27405,0.30442,0.31522,0.2727,0.32535,0.2754,0.26662,0.43065,0.33547,0.40432,0.34155,0.2808,0.35842,0.32062,0.30105,0.27675,0.27945,0.3024,0.35167,0.3294,0.35437,0.2754,0.38475,0.25312,0.38812,0.36787,0.29295,0.31117,0.3186,0.34357,0.22207,0.2997,0.4023,0.31927,0.33277,0.33615,0.39555,0.41985,0.3807,0.33142,0.3348,0.29025,0.28822,0.38947,0.38002,0.32062,0.43942,0.35167,0.5076,0.49882,0.49545,0.486,0.48667,0.53325,0.5157,0.46845,0.7695
0.27202,0.21802,0.32062,0.28147,0.31387,0.27,0.30375,0.30375,0.23895,0.2673,0.38407,0.3483,0.34627,0.33615,0.18562,0.34762,0.2754,0.3186,0.32062,0.31995,0.2295,0.3375,0.35505,0.36517,0.28012,0.31792,0.25515,0.34762,0.26122,0.29565,0.36517,0.32197,0.35572,0.28687,0.32332,0.4185,0.3375,0.34695,0.38542,0.39825,0.36517,0.31185,0.28552,0.38137,0.30105,0.2916,0.35437,0.28687,0.36247,0.42322,0.29902,0.49275,0.40635,0.43537,0.4428,0.47182,0.5076,0.4644,0.55215,0.63585
0.297,0.29295,0.33412,0.29565,0.29767,0.27472,0.27,0.24165,0.22815,0.3105,0.33007,0.32872,0.28957,0.33952,0.22612,0.3186,0.2565,0.2781,0.2727,0.25987,0.1836,0.297,0.33075,0.32197,0.24367,0.29835,0.26325,0.29092,0.24907,0.3186,0.32872,0.32332,0.27607,0.27135,0.29362,0.38137,0.29362,0.30577,0.29497,0.38745,0.324,0.3321,0.28147,0.30645,0.29295,0.3159,0.35505,0.32332,0.3078,0.40162,0.35235,0.45697,0.38272,0.47452,0.41107,0.43942,0.49747,0.45225,0.50355,0.67162
0.28755,0.2133,0.28147,0.2889,0.2889,0.27337,0.26932,0.28012,0.23962,0.297,0.3456,0.26055,0.29025,0.3051,0.2646,0.26122,0.25312,0.25177,0.19912,0.28957,0.21262,0.3591,0.33547,0.27945,0.2295,0.2592,0.22882,0.32332,0.27607,0.26932,0.31725,0.30577,0.32467,0.2646,0.29632,0.39015,0.29295,0.28012,0.34087,0.34695,0.42592,0.35572,0.23085,0.32062,0.1917,0.24975,0.37057,0.28282,0.3078,0.38812,0.31927,0.4563,0.38407,0.44752,0.39352,0.4671,0.47385,0.40702,0.4833,0.57375
0.26257,0.1836,0.25312,0.28282,0.30577,0.29835,0.23355,0.26527,0.2052,0.2889,0.30307,0.27067,0.31117,0.30375,0.22275,0.26797,0.20655,0.34087,0.2106,0.32805,0.2457,0.28957,0.28822,0.3078,0.24705,0.25785,0.17482,0.30982,0.26257,0.29767,0.31455,0.23625,0.28215,0.22072,0.3078,0.36517,0.26932,0.3375,0.30915,0.36855,0.35167,0.2997,0.30037,0.32197,0.21735,0.28147,0.3699,0.29497,0.30172,0.36315,0.35572,0.4779,0.3483,0.41512,0.39015,0.4239,0.47047,0.45832,0.36585,0.53932
0.28485,0.27675,0.27742,0.26122,0.2835,0.22545,0.27067,0.1944,0.20317,0.29092,0.3024,0.32737,0.24772,0.22882,0.2781,0.29227,0.24097,0.3186,0.26595,0.2673,0.21667,0.297,0.27405,0.21735,0.22545,0.2727,0.24165,0.28687,0.27337,0.27675,0.27202,0.28012,0.24097,0.22342,0.29902,0.3375,0.2943,0.3375,0.31792,0.29362,0.3618,0.28215,0.2997,0.297,0.21667,0.27945,0.35235,0.26392,0.2781,0.37935,0.25785,0.45495,0.3294,0.35977,0.3969,0.39217,0.42525,0.3645,0.38137,0.50625
0.27877,0.2349,0.20452,0.25582,0.2646,0.24637,0.2079,0.2214,0.21667,0.26797,0.33952,0.33615,0.2511,0.21937,0.24367,0.30307,0.25177,0.27337,0.19507,0.25042,0.2349,0.23422,0.2646,0.2727,0.19575,0.22882,0.23962,0.30712,0.26392,0.24975,0.243,0.21465,0.2241,0.22275,0.28147,0.3618,0.30645,0.30442,0.3186,0.30105,0.37665,0.29767,0.21262,0.32737,0.2511,0.27405,0.38137,0.30172,0.25785,0.31657,0.25717,0.43267,0.3618,0.3483,0.3915,0.42457,0.40837,0.45697,0.39217,0.4401
0.28215,0.22612,0.23962,0.2889,0.2484,0.2214,0.24975,0.2484,0.1782,0.25312,0.32062,0.28485,0.21937,0.21262,0.2538,0.2943,0.26325,0.26257,0.24975,0.23287,0.21262,0.324,0.2295,0.30172,0.21802,0.2619,0.1998,0.33952,0.2754,0.25515,0.26932,0.21667,0.25042,0.22815,0.2727,0.37867,0.30105,0.3186,0.28147,0.30577,0.33615,0.26055,0.27337,0.26527,0.19845,0.2295,0.37867,0.27742,0.26865,0.32467,0.20587,0.39015,0.31185,0.3618,0.37395,0.41107,0.3726,0.4239,0.27945,0.48667
0.27135,0.2295,0.23085,0.28012,0.24637,0.30915,0.2592,0.2025,0.17685,0.24232,0.25312,0.27945,0.22342,0.2592,0.23422,0.28687,0.26122,0.24705,0.23422,0.29497,0.16672,0.25785,0.25177,0.30915,0.24232,0.2673,0.20452,0.2835,0.26325,0.2106,0.21735,0.2106,0.2376,0.20722,0.22275,0.32265,0.29025,0.35032,0.31185,0.30037,0.34897,0.24637,0.26797,0.2916,0.20722,0.18765,0.31522,0.19575,0.2565,0.3186,0.27405,0.40095,0.29835,0.35505,0.3267,0.4347,0.38205,0.39757,0.31117,0.47047
0.2727,0.18427,0.24907,0.26055,0.24907,0.25447,0.2484,0.1674,0.17955,0.24975,0.27742,0.2592,0.19845,0.20587,0.17482,0.32602,0.26257,0.25515,0.19912,0.22342,0.17887,0.21465,0.27405,0.25987,0.24165,0.2376,0.23692,0.22005,0.28215,0.17685,0.18157,0.20182,0.2835,0.17482,0.2133,0.3321,0.2808,0.31185,0.23557,0.31725,0.30442,0.26662,0.1944,0.25515,0.18225,0.23962,0.3483,0.24367,0.24232,0.2754,0.21735,0.35505,0.31387,0.3105,0.3051,0.38272,0.3375,0.41107,0.33007,0.3861
0.20452,0.20115,0.24502,0.24435,0.26055,0.25717,0.26325,0.24165,0.15795,0.20992,0.27877,0.24232,0.189,0.2592,0.22005,0.26865,0.2376,0.21802,0.162,0.243,0.1836,0.21802,0.2052,0.27675,0.23287,0.19912,0.22882,0.28485,0.24232,0.20722,0.21465,0.16942,0.19237,0.16605,0.30172,0.30577,0.26932,0.28147,0.26257,0.25515,0.25987,0.1998,0.21937,0.27067,0.1647,0.25312,0.34627,0.18157,0.22815,0.28147,0.24435,0.3537,0.3024,0.35302,0.28485,0.38137,0.3132,0.34762,0.3132,0.4212
0.216,0.1944,0.18562,0.22545,0.27472,0.24097,0.20047,0.2079,0.20925,0.23152,0.29092,0.28417,0.2214,0.2457,0.216,0.28552,0.23422,0.22545,0.23152,0.23355,0.18292,0.2511,0.20655,0.24637,0.22342,0.18967,0.22545,0.216,0.1917,0.18562,0.1917,0.19305,0.16807,0.216,0.2403,0.25177,0.27405,0.2538,0.30915,0.2943,0.25312,0.2565,0.21195,0.22342,0.11947,0.15862,0.3105,0.1809,0.22815,0.243,0.2754,0.3105,0.29835,0.3294,0.33075,0.31387,0.24637,0.30577,0.32737,0.37125
0.19237,0.1674,0.243,0.21532,0.25785,0.2592,0.21667,0.2079,0.16942,0.26797,0.27675,0.25515,0.20115,0.25042,0.21127,0.2835,0.22612,0.19507,0.18495,0.189,0.10597,0.2241,0.17415,0.2349,0.24165,0.17955,0.22882,0.21937,0.21532,0.20182,0.21937,0.20857,0.25447,0.22747,0.20182,0.27,0.2673,0.29835,0.25042,0.32467,0.24232,0.21802,0.20857,0.21802,0.14512,0.25582,0.2484,0.19035,0.24165,0.2052,0.21532,0.34492,0.29902,0.2889,0.24165,0.32602,0.25042,0.3888,0.2754,0.36787
0.16807,0.23085,0.22612,0.22005,0.24232,0.22342,0.2484,0.18697,0.20857,0.18225,0.29767,0.22275,0.17617,0.24435,0.18562,0.27067,0.28822,0.20317,0.15592,0.23962,0.2403,0.17482,0.26325,0.22612,0.18765,0.20992,0.20385,0.2511,0.20385,0.16875,0.1728,0.19237,0.22275,0.1944,0.1728,0.32197,0.2484,0.2538,0.19575,0.26662,0.2295,0.19575,0.18967,0.21195,0.18495,0.17212,0.2916,0.23085,0.26595,0.25312,0.25312,0.36585,0.33547,0.26932,0.30105,0.33075,0.21532,0.3213,0.22612,0.3375
0.1782,0.18967,0.2538,0.20722,0.22545,0.2052,0.2403,0.16537,0.20385,0.18832,0.25245,0.24772,0.1458,0.2295,0.20182,0.2943,0.23355,0.24975,0.14985,0.15795,0.15255,0.17415,0.23422,0.23287,0.17887,0.12825,0.2403,0.19777,0.19102,0.22005,0.18427,0.1971,0.22072,0.15592,0.20655,0.3051,0.2565,0.23152,0.2295,0.27742,0.2457,0.23827,0.14782,0.22477,0.17415,0.13297,0.27,0.22477,0.28485,0.28755,0.24097,0.32197,0.27337,0.2835,0.28687,0.29497,0.2025,0.28215,0.24232,0.30172
0.2538,0.19237,0.1971,0.15795,0.22342,0.19845,0.20587,0.18495,0.16402,0.19305,0.28215,0.22477,0.13297,0.1998,0.17955,0.22815,0.20452,0.22275,0.1647,0.2241,0.11002,0.18697,0.24502,0.22545,0.21667,0.17617,0.18562,0.19912,0.18292,0.2133,0.21127,0.14377,0.17347,0.15727,0.15525,0.32332,0.27202,0.21802,0.20385,0.2268,0.23422,0.2376,0.2295,0.18292,0.13635,0.1485,0.30847,0.1998,0.20385,0.24435,0.18225,0.27337,0.2349,0.31252,0.24502,0.24637,0.20047,0.2538,0.22477,0.29767
0.16335,0.2187,0.16942,0.18022,0.21127,0.15795,0.19305,0.17617,0.15862,0.1701,0.24435,0.20925,0.1836,0.17617,0.20722,0.23557,0.2646,0.20385,0.09045,0.18292,0.14107,0.16267,0.22815,0.19507,0.13567,0.135,0.2295,0.20655,0.1701,0.21937,0.19845,0.16605,0.22207,0.12622,0.1296,0.25312,0.29902,0.2295,0.2376,0.29295,0.22207,0.21667,0.20655,0.20857,0.17955,0.14917,0.31522,0.2241,0.21735,0.2592,0.22882,0.29227,0.25177,0.2268,0.29295,0.3024,0.2241,0.24975,0.216,0.29632
0.09855,0.1917,0.13095,0.2268,0.20317,0.16807,0.20385,0.13905,0.12487,0.17887,0.28012,0.17617,0.25447,0.2214,0.1863,0.27742,0.15525,0.24637,0.18832,0.1728,0.0999,0.16335,0.22477,0.23085,0.1701,0.13972,0.1944,0.1836,0.16065,0.17752,0.18765,0.1755,0.20587,0.108,0.14985,0.29767,0.21465,0.2997,0.1809,0.2646,0.22342,0.19102,0.14512,0.23625,0.19642,0.17212,0.22612,0.13027,0.2241,0.2349,0.14985,0.3132,0.22005,0.19507,0.26325,0.23962,0.1917,0.24165,0.216,0.2322
0.13095,0.1755,0.16942,0.19305,0.17347,0.15997,0.18225,0.17347,0.16132,0.18562,0.27472,0.162,0.16672,0.22747,0.15255,0.24975,0.13635,0.2376,0.18225,0.24772,0.11205,0.17212,0.20047,0.1998,0.13905,0.1998,0.1647,0.19305,0.16672,0.13432,0.12555,0.17617,0.21397,0.14917,0.1701,0.20655,0.24772,0.20047,0.21735,0.1458,0.22882,0.19102,0.19305,0.1998,0.14242,0.097875,0.20655,0.14445,0.1782,0.22477,0.2889,0.25447,0.189,0.25987,0.20925,0.21262,0.20452,0.29632,0.21127,0.23895
0.1188,0.1539,0.1701,0.12825,0.21667,0.19845,0.23152,0.16605,0.17887,0.18967,0.16402,0.189,0.23895,0.13702,0.14647,0.18765,0.15255,0.2052,0.19507,0.2133,0.095175,0.13972,0.1647,0.1863,0.14782,0.15862,0.16132,0.14782,0.12757,0.1188,0.12757,0.13972,0.15862,0.10867,0.12487,0.27202,0.20925,0.1917,0.18697,0.17212,0.20047,0.16605,0.1431,0.2268,0.15997,0.11272,0.22882,0.17752,0.22342,0.23557,0.17685,0.25245,0.25852,0.24502,0.24705,0.23422,0.15255,0.2295,0.14647,0.26527
0.0513,0.12892,0.162,0.17685,0.22207,0.1431,0.14647,0.16672,0.14377,0.17347,0.18697,0.189,0.19237,0.17887,0.12555,0.23355,0.16132,0.20115,0.12622,0.1728,0.12825,0.12757,0.1404,0.20047,0.17145,0.14445,0.21465,0.21397,0.1755,0.18157,0.1701,0.18697,0.17482,0.07155,0.14175,0.24502,0.1674,0.23827,0.1566,0.18427,0.23422,0.16267,0.16672,0.21667,0.12757,0.07965,0.23152,0.22477,0.16875,0.17617,0.17482,0.2538,0.18292,0.19507,0.1998,0.19102,0.20992,0.21735,0.1539,0.23692
0.13297,0.15862,0.12555,0.2079,0.1566,0.1323,0.15592,0.16402,0.11205,0.12892,0.19507,0.17212,0.18832,0.1755,0.12352,0.19777,0.12757,0.14445,0.11272,0.15592,0.093825,0.0891,0.1539,0.17077,0.21397,0.16402,0.17685,0.16402,0.17617,0.18022,0.11205,0.18495,0.21195,0.062775,0.1404,0.24975,0.21937,0.1809,0.189,0.1755,0.17212,0.17212,0.17145,0.15592,0.10732,0.11745,0.14985,0.20655,0.1539,0.2187,0.19372,0.21937,0.15727,0.23557,0.24165,0.21262,0.19507,0.28012,0.16132,0.27607
0.15457,0.1431,0.18225,0.162,0.17685,0.1269,0.20992,0.14107,0.12757,0.15592,0.1728,0.15727,0.15457,0.17145,0.0945,0.23557,0.189,0.19845,0.15255,0.15997,0.11812,0.13635,0.14715,0.162,0.18157,0.12217,0.16065,0.1728,0.18225,0.11407,0.13297,0.14715,0.15255,0.0621,0.1674,0.23355,0.189,0.21397,0.13702,0.22815,0.15727,0.17347,0.1053,0.216,0.13297,0.11475,0.14715,0.18022,0.135,0.25245,0.2106,0.24097,0.20925,0.23152,0.1971,0.19845,0.1917,0.19035,0.1998,0.27202
0.13297,0.15457,0.13972,0.16335,0.16132,0.18495,0.2322,0.1512,0.10462,0.13972,0.17752,0.13432,0.20587,0.16605,0.13297,0.216,0.135,0.1755,0.0945,0.1809,0.027675,0.093825,0.11407,0.13837,0.089775,0.14782,0.12082,0.10597,0.12825,0.1161,0.11137,0.18022,0.16605,0.080325,0.15727,0.20385,0.21262,0.22207,0.1917,0.14985,0.108,0.1863,0.12285,0.20182,0.15052,0.15457,0.1944,0.20925,0.18292,0.25312,0.13972,0.22072,0.16605,0.23692,0.18765,0.23827,0.18157,0.2106,0.1674,0.22815
0.15795,0.11542,0.14782,0.14175,0.17415,0.1539,0.17752,0.12892,0.11947,0.14647,0.17347,0.13432,0.1458,0.14377,0.12352,0.19237,0.10597,0.15525,0.08235,0.17482,0.05805,0.097875,0.15322,0.18495,0.11475,0.10057,0.097875,0.11475,0.14985,0.12352,0.13095,0.11272,0.0945,0.0702,0.099225,0.23422,0.18292,0.14715,0.12015,0.14647,0.14782,0.19575,0.1161,0.17887,0.07965,0.11407,0.18225,0.135,0.13432,0.1917,0.1431,0.26932,0.162,0.21937,0.22477,0.22612,0.17752,0.1809,0.17685,0.2268
0.13027,0.1026,0.17482,0.15322,0.1188,0.19507,0.13972,0.1269,0.13635,0.16065,0.14985,0.1674,0.16672,0.1566,0.11745,0.15862,0.13095,0.20452,0.06885,0.13432,0.068175,0.088425,0.11272,0.11205,0.12285,0.1188,0.10732,0.10057,0.0999,0.13972,0.10935,0.15525,0.0972,0.0513,0.10192,0.19507,0.1863,0.15727,0.11677,0.16335,0.1188,0.17955,0.14377,0.19575,0.1161,0.08775,0.20115,0.15862,0.13837,0.16132,0.16942,0.27675,0.15727,0.21802,0.21397,0.18157,0.13432,0.22815,0.15997,0.1917
0.1431,0.15457,0.19035,0.11475,0.13567,0.14985,0.12892,0.1296,0.1134,0.15727,0.1809,0.13432,0.1377,0.13567,0.064125,0.12217,0.09315,0.20992,0.0567,0.1566,0.053325,0.11407,0.11002,0.11677,0.12825,0.1026,0.087075,0.13432,0.15457,0.13095,0.13635,0.12285,0.1188,0.10395,0.083025,0.19102,0.13905,0.17077,0.12555,0.1431,0.13365,0.20047,0.1539,0.17955,0.08235,0.095175,0.1701,0.16605,0.1323,0.23017,0.22747,0.2133,0.14647,0.17482,0.20587,0.17955,0.15255,0.25042,0.10057,0.15525
0.1134,0.07695,0.13365,0.09585,0.09855,0.189,0.1458,0.1323,0.1053,0.12757,0.1836,0.14377,0.14917,0.12082,0.10192,0.1485,0.10867,0.1512,0.070875,0.15795,0.05805,0.062775,0.11677,0.14175,0.14242,0.10665,0.14917,0.12555,0.095175,0.12352,0.1377,0.19372,0.14445,0.07695,0.14715,0.1674,0.1377,0.13432,0.108,0.14782,0.11745,0.20317,0.085725,0.16807,0.11002,0.08235,0.1917,0.18765,0.1188,0.17685,0.15525,0.23422,0.15052,0.18292,0.1728,0.28215,0.17415,0.15727,0.1323,0.17347
0.12892,0.1188,0.12622,0.13635,0.17887,0.16065,0.10395,0.08505,0.0702,0.1242,0.14782,0.13905,0.17617,0.15457,0.10935,0.1863,0.1134,0.11272,0.06345,0.1539,0.091125,0.13567,0.15187,0.11205,0.076275,0.14512,0.10665,0.14107,0.12555,0.13365,0.1485,0.10665,0.099225,0.15525,0.12757,0.1593,0.14647,0.1431,0.13297,0.14377,0.11407,0.1458,0.11002,0.11812,0.089775,0.0459,0.1134,0.17077,0.074925,0.2457,0.09585,0.25987,0.18562,0.17955,0.21667,0.18495,0.13837,0.18495,0.11745,0.17887
0.14512,0.09585,0.1107,0.12082,0.13702,0.10057,0.092475,0.10125,0.0756,0.10125,0.1863,0.11812,0.12352,0.14107,0.14715,0.15187,0.073575,0.1566,0.047925,0.081,0.037125,0.12082,0.08775,0.1593,0.0972,0.1458,0.1377,0.12892,0.11272,0.076275,0.10462,0.16537,0.081,0.097875,0.12825,0.1431,0.13702,0.21262,0.12015,0.1593,0.07155,0.14647,0.06615,0.13162,0.10665,0.041175,0.12555,0.13297,0.1215,0.19777,0.12015,0.21735,0.12015,0.18697,0.24772,0.19372,0.0891,0.18292,0.0756,0.13297
0.1269,0.10867,0.14647,0.14647,0.18225,0.15862,0.13702,0.11407,0.0864,0.083025,0.0972,0.14175,0.0945,0.1944,0.1107,0.10867,0.08775,0.080325,0.05535,0.12825,0.053325,0.097875,0.0864,0.0972,0.10057,0.1377,0.0891,0.108,0.081675,0.12757,0.10057,0.11947,0.1107,0.0945,0.12082,0.16402,0.1458,0.1809,0.0972,0.12285,0.1215,0.16065,0.0702,0.11542,0.0864,0.054675,0.12555,0.17887,0.09585,0.17145,0.1647,0.24165,0.13162,0.17145,0.18495,0.16267,0.1242,0.15727,0.1431,0.14377
0.0837,0.08505,0.10057,0.13297,0.10935,0.1593,0.099225,0.0702,0.0891,0.0999,0.1242,0.10867,0.08235,0.087075,0.093825,0.10462,0.054675,0.11272,0.056025,0.11475,0.085725,0.083025,0.10867,0.12352,0.10597,0.14647,0.072225,0.13905,0.068175,0.11272,0.10192,0.12757,0.088425,0.093825,0.046575,0.1674,0.11677,0.13567,0.09045,0.15322,0.14445,0.18157,0.1215,0.14647,0.11745,0.088425,0.084375,0.1242,0.09315,0.20182,0.12487,0.16605,0.1323,0.14242,0.1755,0.1269,0.0972,0.14782,0.1134,0.1593
0.11812,0.0621,0.068175,0.0999,0.15052,0.13095,0.10192,0.083025,0.049275,0.087075,0.047925,0.12757,0.095175,0.13095,0.10057,0.14445,0.06345,0.0729,0.0486,0.078975,0.026325,0.073575,0.1026,0.10327,0.06345,0.0756,0.0972,0.13635,0.076275,0.11407,0.07965,0.10395,0.08235,0.023625,0.11272,0.1593,0.13702,0.13905,0.10057,0.080325,0.07695,0.17347,0.10462,0.10935,0.087075,0.01215,0.16065,0.11677,0.10597,0.16807,0.1539,0.21667,0.20182,0.12825,0.15457,0.10597,0.092475,0.10395,0.11272,0.15727
0.13162,0.12217,0.087075,0.10867,0.10327,0.13365,0.10327,0.02835,0.03645,0.10395,0.1026,0.080325,0.10057,0.12217,0.08505,0.17145,0.062775,0.13635,0.037125,0.093825,0.043875,0.13702,0.095175,0.084375,0.10395,0.099225,0.073575,0.11272,0.0513,0.11407,0.06075,0.13095,0.11745,0.061425,0.081675,0.15525,0.10057,0.135,0.083025,0.1458,0.13972,0.13365,0.083025,0.15322,0.07965,0.049275,0.080325,0.15187,0.0918,0.17415,0.095175,0.15525,0.072225,0.10192,0.17482,0.13972,0.089775,0.12622,0.097875,0.1647
0.11542,0.0891,0.11272,0.054675,0.10462,0.15187,0.0648,0.04455,0.0729,0.050625,0.10935,0.09315,0.10462,0.15997,0.09585,0.15322,0.0594,0.10867,0.076275,0.0945,0.019575,0.0702,0.054675,0.0999,0.081,0.0972,0.034425,0.11002,0.0918,0.07965,0.061425,0.11407,0.0783,0.045225,0.093825,0.11812,0.1431,0.09855,0.10597,0.051975,0.0999,0.18292,0.0675,0.0972,0.080325,0.066825,0.12487,0.1026,0.062775,0.19035,0.10935,0.15322,0.14512,0.1026,0.14107,0.14715,0.080325,0.11205,0.06885,0.08505
0.06075,0.08235,0.12082,0.069525,0.0486,0.1026,0.1053,0.081,0.058725,0.068175,0.09045,0.10935,0.0567,0.062775,0.06885,0.1134,0.05265,0.0405,0.031725,0.11002,-0.0027,0.043875,0.096525,0.07965,0.0999,0.10192,0.051975,0.0945,0.092475,0.064125,0.06615,0.083025,0.1107,0.0324,0.077625,0.07965,0.099225,0.08775,0.083025,0.061425,0.10462,0.16402,0.0648,0.081675,0.0864,0.08505,0.12082,0.11475,0.0648,0.1188,0.054,0.13972,0.13837,0.091125,0.1134,0.1539,0.07965,0.11745,0.089775,0.10732
0.068175,0.10192,0.14985,0.087075,0.02295,0.096525,0.092475,0.06885,0.05805,0.083025,0.095175,0.12622,0.0675,0.077625,0.076275,0.1242,0.11677,0.064125,0.034425,0.0567,-0.016875,0.0675,0.038475,0.046575,0.06885,0.08235,0.08505,0.092475,0.06885,0.076275,0.09585,0.097875,0.02025,0.03645,0.089775,0.15795,0.060075,0.068175,0.058725,0.0999,0.14782,0.17077,0.073575,0.074925,0.033075,0.003375,0.12015,0.072225,0.068175,0.15187,0.10395,0.1161,0.15052,0.0702,0.093825,0.07695,0.05805,0.16807,0.058725,0.12825
0.05805,0.0432,0.096525,0.10867,0.0702,0.1323,0.0324,0.04185,0.095175,0.042525,0.087075,0.0729,0.051975,0.061425,0.0243,0.0621,0.089775,0.095175,0.0675,0.089775,-0.0054,0.078975,0.09855,-0.0054,0.051975,0.06075,0.0567,0.033075,0.0567,0.06075,0.083025,0.0864,0.11002,0.0081,0.068175,0.10935,0.11272,0.1431,0.077625,0.0837,0.11812,0.14917,0.088425,0.06345,0.039825,0.0432,0.10665,0.10462,0.07425,0.13635,0.047925,0.092475,0.1431,0.084375,0.080325,0.080325,0.0297,0.0945,-0.015525,0.10395
0.0594,0.07425,0.0891,0.069525,0.053325,0.060075,0.068175,0.050625,0.06075,0.0756,0.046575,0.072225,0.027675,0.08775,0.020925,0.097875,0.061425,0.10665,0.07695,0.0486,-0.029025,0.045225,0.09045,0.0594,0.0459,0.0216,0.0243,0.037125,0.069525,0.026325,0.051975,0.065475,0.0783,0.047925,0.096525,0.096525,0.069525,0.13297,0.07695,0.12825,0.135,0.16605,0.077625,0.11002,0.06345,0.039825,0.0837,0.05805,0.09045,0.12217,0.051975,0.13365,0.1188,0.058725,0.043875,0.09585,0.08775,0.11407,0.061425,0.07425
0.046575,0.054675,0.08235,0.047925,0.05265,0.05805,0.0324,0.08235,0.08505,0.023625,0.04185,0.099225,0.06885,0.04185,0.04725,0.078975,0.070875,0.016875,0.02025,0.096525,-0.0243,0.0945,0.077625,0.0243,0.064125,0.0297,0.047925,0.0432,0.097875,0.062775,0.038475,0.072225,0.060075,0.00675,0.0567,0.088425,0.092475,0.0729,0.05805,0.070875,0.053325,0.1161,0.00945,0.070875,0.061425,0.045225,0.108,0.0405,0.11745,0.11272,0.030375,0.13095,0.085725,0.0945,0.054675,0.062775,0.00405,0.12555,0.02565,0.061425
0.029025,0.0972,0.060075,0.054675,0.042525,0.033075,0.016875,0.029025,0.0594,0.0135,0.0432,0.0459,0.04995,0.035775,0.02565,0.11745,0.070875,0.0648,-0.015525,0.054675,-0.010125,0.073575,0.0432,0.0243,0.0351,0.0216,0.01485,0.0459,0.000675,0.045225,0.026325,0.039825,0.062775,0.02835,0.06075,0.0621,0.076275,0.13837,0.042525,0.084375,0.073575,0.07425,0.0459,0.09315,0.0513,0.027,0.06615,0.069525,0.069525,0.15457,0.00945,0.1215,0.11745,0.12825,0.0675,0.0972,0.064125,0.13095,0.051975,0.087075
0.01485,0.0351,0.06075,0.076275,0.0405,0.01485,0.024975,0.0081,0.020925,0.043875,0.03375,0.027,0.0486,0.057375,0.018225,0.0567,0.027675,0.05805,0.016875,0.074925,-0.03645,0.0405,0.0756,-0.018225,0.0297,0.0189,0.039825,0.0351,0.035775,0.00945,0.04455,0.081,0.0486,-0.038475,0.0405,0.068175,0.095175,0.008775,0.00135,0.10327,0.02565,0.11205,0.019575,0.027,0.06615,-0.0108,0.10395,0.0378,0.0486,0.11002,0.022275,0.10057,0.13432,0.02835,0.077625,0.058725,0.0351,0.108,0.0135,0.0108
0.0081,0.020925,0.042525,0.056025,0.09045,0.047925,0,0.0405,0.00405,0.046575,0.03105,0.042525,0.0216,0.06615,0.046575,0.0135,0.006075,0.0324,-0.042525,0.0486,-0.014175,0.00675,-0.0243,0.0432,-0.019575,-0.0297,0.01215,-0.015525,0.0432,0.05805,0.018225,0.07695,0.0324,-0.0108,0.069525,0.0351,0.0405,0.06345,0.01485,0.1053,0.027675,0.069525,0.0216,0.031725,0.037125,0.0405,0.09315,0.064125,0.0432,0.058725,-0.007425,0.11475,0.06615,0.05805,0.10192,0.04995,0.03105,0.05535,-0.0054,0.04455
-0.01485,0.0297,0.0162,0.0621,0.047925,-0.00945,-0.019575,0.03105,0.00135,0.0486,0.04455,0.023625,0.04725,0.0243,-0.0135,0.07965,0.05535,0.03645,0.006075,0.039825,-0.015525,0.003375,0.061425,-0.0081,0.0108,0.02565,-0.008775,0.015525,0.018225,0.047925,0.0216,0.0594,0.0081,-0.010125,0.085725,0.04995,0.01215,0.046575,0.03645,-0.01485,0.0351,0.0756,-0.02835,0.022275,-0.02025,-0.03105,0.03915,0.046575,0.035775,0.11137,-0.00405,0.06075,0.0972,0.02565,0.049275,0.0567,0.01755,0.053325,-0.027,0.03375
0.022275,-0.011475,0.030375,0.035775,-0.0027,0.023625,0.00135,-0.006075,0.0621,0.0378,0.018225,0.062775,-0.0054,-0.007425,-0.026325,0.081,-0.003375,-0.0243,0.0081,0.02025,-0.08235,-0.024975,0.04455,-0.0243,0.002025,-0.039825,-0.011475,0.030375,-0.008775,0.018225,0.008775,0.00135,0.034425,-0.015525,0.0108,0.0216,0.027675,0.076275,-0.010125,0.03105,0.006075,0.045225,-0.012825,0.0351,-0.0027,-0.0162,0.0216,0.0108,-0.000675,0.0324,-0.0405,0.042525,0.03375,0.0108,-0.003375,0.0351,-0.058725,0.004725,-0.0135,0.030375
0,0,0,0,0,0,0,0,0,0,0,0,0,0,0,0,0,0,0,0,0,0,0,0,0,0,0,0,0,0,0,0,0,0,0,0,0,0,0,0,0,0,0,0,0,0,0,0,0,0,0,0,0,0,0,0,0,0,0,0
