TIMESTAMP,TA_F_MDS,TA_F_MDS_QC,TA_F_MDS_NIGHT,TA_F_MDS_NIGHT_SD,TA_F_MDS_NIGHT_QC,TA_F_MDS_DAY,TA_F_MDS_DAY_SD,TA_F_MDS_DAY_QC,TA_ERA,TA_ERA_NIGHT,TA_ERA_NIGHT_SD,TA_ERA_DAY,TA_ERA_DAY_SD,TA_F,TA_F_QC,TA_F_NIGHT,TA_F_NIGHT_SD,TA_F_NIGHT_QC,TA_F_DAY,TA_F_DAY_SD,TA_F_DAY_QC,SW_IN_F_MDS,SW_IN_F_MDS_QC,SW_IN_ERA,SW_IN_F,SW_IN_F_QC,LW_IN_F_MDS,LW_IN_F_MDS_QC,LW_IN_ERA,LW_IN_F,LW_IN_F_QC,LW_IN_JSB,LW_IN_JSB_QC,LW_IN_JSB_ERA,LW_IN_JSB_F,LW_IN_JSB_F_QC,VPD_F_MDS,VPD_F_MDS_QC,VPD_ERA,VPD_F,VPD_F_QC,PA_ERA,PA_F,PA_F_QC,P_ERA,P_F,P_F_QC,WS_ERA,WS_F,WS_F_QC,USTAR,USTAR_QC,NETRAD,NETRAD_QC,PPFD_IN,PPFD_IN_QC,PPFD_OUT,PPFD_OUT_QC,SW_OUT,SW_OUT_QC,LW_OUT,LW_OUT_QC,CO2_F_MDS,CO2_F_MDS_QC,TS_F_MDS_1,TS_F_MDS_2,TS_F_MDS_3,TS_F_MDS_1_QC,TS_F_MDS_2_QC,TS_F_MDS_3_QC,SWC_F_MDS_1,SWC_F_MDS_2,SWC_F_MDS_3,SWC_F_MDS_1_QC,SWC_F_MDS_2_QC,SWC_F_MDS_3_QC,G_F_MDS,G_F_MDS_QC,LE_F_MDS,LE_F_MDS_QC,LE_CORR,LE_RANDUNC,H_F_MDS,H_F_MDS_QC,H_CORR,H_RANDUNC,EBC_CF_N,EBC_CF_METHOD,NIGHT_RANDUNC_N,DAY_RANDUNC_N,NEE_CUT_REF,NEE_VUT_REF,NEE_CUT_REF_QC,NEE_VUT_REF_QC,NEE_CUT_REF_RANDUNC,NEE_VUT_REF_RANDUNC,NEE_CUT_REF_JOINTUNC,NEE_VUT_REF_JOINTUNC,NEE_CUT_USTAR50,NEE_VUT_USTAR50,NEE_CUT_USTAR50_QC,NEE_VUT_USTAR50_QC,NEE_CUT_USTAR50_RANDUNC,NEE_VUT_USTAR50_RANDUNC,NEE_CUT_USTAR50_JOINTUNC,NEE_VUT_USTAR50_JOINTUNC,NEE_CUT_MEAN,NEE_VUT_MEAN,NEE_CUT_MEAN_QC,NEE_VUT_MEAN_QC,NEE_CUT_SE,NEE_VUT_SE,NEE_CUT_05,NEE_CUT_16,NEE_CUT_25,NEE_CUT_50,NEE_CUT_75,NEE_CUT_84,NEE_CUT_95,NEE_VUT_05,NEE_VUT_16,NEE_VUT_25,NEE_VUT_50,NEE_VUT_75,NEE_VUT_84,NEE_VUT_95,NEE_CUT_05_QC,NEE_CUT_16_QC,NEE_CUT_25_QC,NEE_CUT_50_QC,NEE_CUT_75_QC,NEE_CUT_84_QC,NEE_CUT_95_QC,NEE_VUT_05_QC,NEE_VUT_16_QC,NEE_VUT_25_QC,NEE_VUT_50_QC,NEE_VUT_75_QC,NEE_VUT_84_QC,NEE_VUT_95_QC,NEE_CUT_REF_NIGHT,NEE_VUT_REF_NIGHT,NEE_CUT_REF_NIGHT_SD,NEE_VUT_REF_NIGHT_SD,NEE_CUT_REF_NIGHT_QC,NEE_VUT_REF_NIGHT_QC,NEE_CUT_REF_NIGHT_RANDUNC,NEE_VUT_REF_NIGHT_RANDUNC,NEE_CUT_REF_NIGHT_JOINTUNC,NEE_VUT_REF_NIGHT_JOINTUNC,NEE_CUT_REF_DAY,NEE_VUT_REF_DAY,NEE_CUT_REF_DAY_SD,NEE_VUT_REF_DAY_SD,NEE_CUT_REF_DAY_QC,NEE_VUT_REF_DAY_QC,NEE_CUT_REF_DAY_RANDUNC,NEE_VUT_REF_DAY_RANDUNC,NEE_CUT_REF_DAY_JOINTUNC,NEE_VUT_REF_DAY_JOINTUNC,NEE_CUT_USTAR50_NIGHT,NEE_VUT_USTAR50_NIGHT,NEE_CUT_USTAR50_NIGHT_SD,NEE_VUT_USTAR50_NIGHT_SD,NEE_CUT_USTAR50_NIGHT_QC,NEE_VUT_USTAR50_NIGHT_QC,NEE_CUT_USTAR50_NIGHT_RANDUNC,NEE_VUT_USTAR50_NIGHT_RANDUNC,NEE_CUT_USTAR50_NIGHT_JOINTUNC,NEE_VUT_USTAR50_NIGHT_JOINTUNC,NEE_CUT_USTAR50_DAY,NEE_VUT_USTAR50_DAY,NEE_CUT_USTAR50_DAY_SD,NEE_VUT_USTAR50_DAY_SD,NEE_CUT_USTAR50_DAY_QC,NEE_VUT_USTAR50_DAY_QC,NEE_CUT_USTAR50_DAY_RANDUNC,NEE_VUT_USTAR50_DAY_RANDUNC,NEE_CUT_USTAR50_DAY_JOINTUNC,NEE_VUT_USTAR50_DAY_JOINTUNC,NEE_CUT_05_NIGHT,NEE_CUT_16_NIGHT,NEE_CUT_25_NIGHT,NEE_CUT_50_NIGHT,NEE_CUT_75_NIGHT,NEE_CUT_84_NIGHT,NEE_CUT_95_NIGHT,NEE_VUT_05_NIGHT,NEE_VUT_16_NIGHT,NEE_VUT_25_NIGHT,NEE_VUT_50_NIGHT,NEE_VUT_75_NIGHT,NEE_VUT_84_NIGHT,NEE_VUT_95_NIGHT,NEE_CUT_05_NIGHT_QC,NEE_CUT_16_NIGHT_QC,NEE_CUT_25_NIGHT_QC,NEE_CUT_50_NIGHT_QC,NEE_CUT_75_NIGHT_QC,NEE_CUT_84_NIGHT_QC,NEE_CUT_95_NIGHT_QC,NEE_VUT_05_NIGHT_QC,NEE_VUT_16_NIGHT_QC,NEE_VUT_25_NIGHT_QC,NEE_VUT_50_NIGHT_QC,NEE_VUT_75_NIGHT_QC,NEE_VUT_84_NIGHT_QC,NEE_VUT_95_NIGHT_QC,NEE_CUT_05_DAY,NEE_CUT_16_DAY,NEE_CUT_25_DAY,NEE_CUT_50_DAY,NEE_CUT_75_DAY,NEE_CUT_84_DAY,NEE_CUT_95_DAY,NEE_VUT_05_DAY,NEE_VUT_16_DAY,NEE_VUT_25_DAY,NEE_VUT_50_DAY,NEE_VUT_75_DAY,NEE_VUT_84_DAY,NEE_VUT_95_DAY,NEE_CUT_05_DAY_QC,NEE_CUT_16_DAY_QC,NEE_CUT_25_DAY_QC,NEE_CUT_50_DAY_QC,NEE_CUT_75_DAY_QC,NEE_CUT_84_DAY_QC,NEE_CUT_95_DAY_QC,NEE_VUT_05_DAY_QC,NEE_VUT_16_DAY_QC,NEE_VUT_25_DAY_QC,NEE_VUT_50_DAY_QC,NEE_VUT_75_DAY_QC,NEE_VUT_84_DAY_QC,NEE_VUT_95_DAY_QC,RECO_NT_VUT_REF,RECO_NT_VUT_USTAR50,RECO_NT_VUT_MEAN,RECO_NT_VUT_SE,RECO_NT_VUT_05,RECO_NT_VUT_16,RECO_NT_VUT_25,RECO_NT_VUT_50,RECO_NT_VUT_75,RECO_NT_VUT_84,RECO_NT_VUT_95,RECO_NT_CUT_REF,RECO_NT_CUT_USTAR50,RECO_NT_CUT_MEAN,RECO_NT_CUT_SE,RECO_NT_CUT_05,RECO_NT_CUT_16,RECO_NT_CUT_25,RECO_NT_CUT_50,RECO_NT_CUT_75,RECO_NT_CUT_84,RECO_NT_CUT_95,GPP_NT_VUT_REF,GPP_NT_VUT_USTAR50,GPP_NT_VUT_MEAN,GPP_NT_VUT_SE,GPP_NT_VUT_05,GPP_NT_VUT_16,GPP_NT_VUT_25,GPP_NT_VUT_50,GPP_NT_VUT_75,GPP_NT_VUT_84,GPP_NT_VUT_95,GPP_NT_CUT_REF,GPP_NT_CUT_USTAR50,GPP_NT_CUT_MEAN,GPP_NT_CUT_SE,GPP_NT_CUT_05,GPP_NT_CUT_16,GPP_NT_CUT_25,GPP_NT_CUT_50,GPP_NT_CUT_75,GPP_NT_CUT_84,GPP_NT_CUT_95,RECO_DT_VUT_REF,RECO_DT_VUT_USTAR50,RECO_DT_VUT_MEAN,RECO_DT_VUT_SE,RECO_DT_VUT_05,RECO_DT_VUT_16,RECO_DT_VUT_25,RECO_DT_VUT_50,RECO_DT_VUT_75,RECO_DT_VUT_84,RECO_DT_VUT_95,RECO_DT_CUT_REF,RECO_DT_CUT_USTAR50,RECO_DT_CUT_MEAN,RECO_DT_CUT_SE,RECO_DT_CUT_05,RECO_DT_CUT_16,RECO_DT_CUT_25,RECO_DT_CUT_50,RECO_DT_CUT_75,RECO_DT_CUT_84,RECO_DT_CUT_95,GPP_DT_VUT_REF,GPP_DT_VUT_USTAR50,GPP_DT_VUT_MEAN,GPP_DT_VUT_SE,GPP_DT_VUT_05,GPP_DT_VUT_16,GPP_DT_VUT_25,GPP_DT_VUT_50,GPP_DT_VUT_75,GPP_DT_VUT_84,GPP_DT_VUT_95,GPP_DT_CUT_REF,GPP_DT_CUT_USTAR50,GPP_DT_CUT_MEAN,GPP_DT_CUT_SE,GPP_DT_CUT_05,GPP_DT_CUT_16,GPP_DT_CUT_25,GPP_DT_CUT_50,GPP_DT_CUT_75,GPP_DT_CUT_84,GPP_DT_CUT_95,RECO_SR,RECO_SR_N
2004,-9999,-9999,-9999,-9999,-9999,-9999,-9999,-9999,16.552,14.189,2.222,18.671,3.345,16.747,0.655225,14.625,2.077,0.655868,18.659,3.012,0.654726,-9999,-9999,243.114,240.215,0.655339,-9999,-9999,299.854,304.229,0.655225,-9999,-9999,312.721,314.499,0.655225,-9999,-9999,14.069,14.361,0.655225,84.901,84.972,0.654429,300.63,289.767,0.654485,3.28,3.735,0.653632,0.23770799662607486,0.6536316029143898,91.57740882376268,0.6544854280510018,491.2587272494857,0.6544285063752278,57.35980828126421,0.6544285063752278,48.73504015917201,0.6544854280510018,426.0189579285864,0.6544854280510018,-9999,-9999,-9999,-9999,-9999,-9999,-9999,-9999,-9999,-9999,-9999,-9999,-9999,-9999,0.863046,0.655225,26.9967,0.652721,29.9342,0.16725,64.1826,0.654372,71.1662,0.213396,0.651924,1,15.3607,17.7377,-124.851,-124.556,0.63018,0.629668,1.96417,1.94947,24.6286,20.9053,-124.669,-108.446,0.629724,0.628586,1.94981,1.9721,24.6274,20.9074,-120.603,-118.318,0.62568,0.625038,3.20048,2.98891,-153.461,-149.693,-135.573,-124.851,-102.367,-100.593,-97.3219,-151.453,-139.862,-135.477,-109.588,-102.616,-98.2336,-96.2801,0.648053,0.6435,0.640084,0.63018,0.62426,0.617714,0.615209,0.645036,0.640369,0.639743,0.628017,0.62352,0.582935,0.593522,0.458608,0.459657,0.340075,0.339258,0.652688,0.652688,0.00597699,0.00599469,0.128075,0.0925424,-1.05903,-1.05854,0.827087,0.825879,0.611914,0.610981,0.00814437,0.00804879,0.0196281,0.0200591,0.459628,0.542422,0.339263,0.262753,0.652688,0.651811,0.00599657,0.00610678,0.128076,0.0925497,-1.05904,-1.05532,0.82555,0.824978,0.611079,0.609826,0.00804975,0.00811838,0.0195891,0.0200871,0.306294,0.322269,0.402268,0.458608,0.572128,0.57814,0.581815,0.317034,0.393023,0.407659,0.536981,0.574865,0.577719,0.582242,0.655868,0.655868,0.65408,0.652688,0.649578,0.64177,0.640611,0.654181,0.65408,0.654674,0.651551,0.642429,0.648428,0.640611,-1.07491,-1.06935,-1.06594,-1.05669,-1.04712,-1.03363,-1.0306,-1.07418,-1.0699,-1.06571,-1.05623,-1.04406,-1.03315,-1.02798,0.629211,0.600367,0.628028,0.602266,0.598909,0.551314,0.587112,0.62874,0.619594,0.627361,0.608986,0.597045,0.594352,0.585615,199.393,234.315,214.27,5.70396,136.465,183.011,191.804,230.566,242.828,245.928,249.1,199.202,208.102,209.48,6.54677,131.729,143.317,191.953,208.018,242.828,248.077,252.548,331.111,342.761,332.588,2.92402,287.918,317.649,328.045,338.319,345.004,346.393,351.738,331.074,332.77,330.084,3.51892,285.604,290.754,325.549,336.202,345.196,348.104,353.427,287.136,260.17,295.623,8.94738,222.924,239.054,244.758,274.19,362.692,368.642,370.087,257.486,245.19,275.38,9.64136,211.665,217.466,219.42,253.166,342.567,345.968,358.943,366.189,371.294,387.373,8.43465,332.298,340.423,344.797,372.121,403.432,438.7,511.777,366.934,349.453,361.068,8.35581,312.029,316.184,318.404,347.433,382.933,384.086,489.855,-9999,-9999
2005,17.682,1.0,15.585,1.89,1.0,19.567,2.891,1.0,17.391,14.982,2.316,19.568,3.496,17.682,1.0,15.585,1.89,1.0,19.567,2.891,1.0,245.763,1.0,244.142,245.763,1.0,292.006,0.815868,304.625,297.585,0.815868,318.793,1.0,318.166,318.793,1.0,15.182,1.0,15.018,15.182,1.0,84.876,85.095,0.999372,259.989,162.26,1.0,3.183,3.674,0.998858,0.25239485373916487,0.9988584474885845,72.72852070116878,1.0,482.454482233071,0.9999429223744293,57.079834280579036,0.9999429223744293,47.53693300467687,0.7841894977168951,403.3367557063264,0.7841894977168951,373.757,0.999258,19.653,19.332,19.36,1.0,1.0,1.0,2.604,8.168,13.475,1.0,1.0,1.0,0.402013,0.999943,14.8868,0.99863,16.5066,0.0988522,62.8102,0.999886,69.6445,0.168279,1.0,2,22.9452,25.0466,50.245,46.8743,0.977626,0.984361,1.04994,1.07648,6.17881,6.52458,50.3704,48.9646,0.976884,0.981164,1.05098,1.06889,6.17899,6.52333,50.794,49.6123,0.968863,0.972955,0.906203,0.964514,42.4469,43.9118,46.2439,50.3899,55.5802,56.0898,61.8344,41.4945,43.1844,43.9508,48.6342,55.0097,56.0547,57.7448,0.995434,0.991781,0.989155,0.975171,0.953025,0.943779,0.866324,0.997432,0.994635,0.990868,0.982021,0.948573,0.955879,0.935788,0.259394,0.245512,0.155894,0.172178,0.993244,0.99527,0.0034908,0.0036475,0.0258732,0.0275168,0.0303688,0.0255485,0.459193,0.459085,0.96369,0.974956,0.00424078,0.00429994,0.00869437,0.00891856,0.25969,0.254172,0.156291,0.165245,0.993124,0.994296,0.00349594,0.00359559,0.0258739,0.0275099,0.0306869,0.0283674,0.458606,0.456553,0.962381,0.969794,0.00424381,0.0042882,0.00869585,0.0089129,0.225421,0.234447,0.241887,0.26172,0.283319,0.285721,0.314746,0.218116,0.230538,0.234761,0.252812,0.281951,0.285086,0.294131,0.999493,0.998478,0.998478,0.994058,0.973876,0.959216,0.923232,1.0,0.999391,0.998478,0.994948,0.971127,0.97701,0.951931,0.0191173,0.0214389,0.0249025,0.0290857,0.0364395,0.0366189,0.0401391,0.0190193,0.0212421,0.0215338,0.0269478,0.0345962,0.0368692,0.0385133,0.989375,0.985141,0.981703,0.967894,0.943368,0.935605,0.917869,0.987054,0.994132,0.995219,0.959317,0.932458,0.919981,0.93736,98.7533,103.601,106.279,2.03768,88.4554,94.3694,95.7675,101.745,118.853,120.334,125.285,98.3565,107.945,108.699,1.94891,92.253,95.2174,98.1561,107.739,119.276,122.214,128.599,51.8334,54.6366,56.6668,1.08882,46.961,50.4185,51.3725,53.1108,63.3096,65.3245,67.8322,52.6891,57.5751,57.9046,1.05845,49.8061,51.1857,51.5107,57.4541,63.7498,66.2631,67.9846,160.85,152.875,155.554,3.38398,129.941,134.688,136.207,154.617,162.494,168.154,194.722,150.511,164.075,156.747,3.25955,129.334,138.461,141.795,154.44,162.357,166.187,191.123,95.2397,93.7988,97.279,1.86567,84.0296,86.3137,87.5627,95.6655,102.401,103.6,120.484,98.3595,103.611,98.3343,1.94431,84.6527,87.3802,88.0754,96.5962,102.875,104.94,114.78,-9999,-9999
2006,17.42,1.0,15.427,1.978,1.0,19.234,2.937,1.0,16.95,14.613,2.382,19.115,3.524,17.42,1.0,15.427,1.978,1.0,19.234,2.937,1.0,242.256,1.0,240.359,242.256,1.0,295.993,1.0,301.526,295.993,1.0,315.424,1.0,314.629,315.424,1.0,14.919,1.0,14.16,14.919,1.0,84.908,85.168,0.999258,435.559,274.193,1.0,3.173,3.804,0.980365,0.2570166674814331,0.9787671232876712,71.90748481207152,0.9998287671232877,476.34099613249936,1.0,57.679121598498654,0.9999429223744293,47.31462672653217,0.9998287671232877,417.5625052642361,0.9998287671232877,375.934,0.999543,19.32,19.055,19.131,1.0,1.0,1.0,2.31,6.988,12.296,1.0,1.0,0.572546,0.236235,0.999943,15.8636,0.998288,15.9595,0.101891,57.0252,0.998973,57.3701,0.162349,1.0,2,22.9479,25.0356,-22.7515,-27.5984,0.977397,0.988984,1.42071,1.5327,3.55553,3.84232,-23.2309,-27.2564,0.977112,0.987329,1.42608,1.52896,3.55768,3.84082,-26.6089,-28.8246,0.972894,0.971915,0.448785,0.527902,-31.861,-30.0135,-28.6509,-26.4708,-24.3249,-23.4948,-22.7345,-33.9089,-32.5277,-31.7614,-28.9301,-27.0662,-25.4809,-23.185,0.995605,0.993664,0.990696,0.959304,0.969178,0.976541,0.971062,0.997432,0.996918,0.928368,0.991381,0.957021,0.986986,0.977226,0.286918,0.252891,0.147158,0.174353,0.996058,0.999427,0.00390874,0.00428535,0.0224442,0.0325674,-0.374061,-0.369327,0.75769,0.763029,0.96017,0.979284,0.00623252,0.00668711,0.0134886,0.02722,0.285747,0.254332,0.145883,0.170349,0.996058,0.999541,0.00391706,0.00426865,0.0224457,0.0325652,-0.375138,-0.368606,0.758095,0.764321,0.959624,0.976084,0.00625947,0.00667412,0.0135011,0.0272168,0.230788,0.244638,0.25035,0.284764,0.28754,0.288841,0.292414,0.224946,0.227937,0.239194,0.254324,0.287091,0.292505,0.303792,0.999772,0.999641,0.999427,0.981812,0.995812,0.994337,0.991342,0.999772,0.999772,0.999299,0.999541,0.980947,0.991342,0.925265,-0.419183,-0.39256,-0.390411,-0.377715,-0.369556,-0.368635,-0.36805,-0.434277,-0.421447,-0.392643,-0.372571,-0.3691,-0.368675,-0.368036,0.9034,0.932877,0.934496,0.958687,0.98832,0.971983,0.98571,0.877399,0.906971,0.93353,0.995148,0.97112,0.987864,0.966691,118.665,126.576,129.611,2.38184,109.638,111.982,114.69,125.6,141.818,146.115,151.707,130.693,138.977,134.093,1.84468,113.136,118.693,121.264,139.813,142.189,143.565,146.077,148.456,153.833,158.435,2.28184,142.904,144.684,145.713,151.185,168.078,169.984,183.855,154.513,162.208,160.702,1.67428,144.365,147.344,149.814,162.494,168.224,169.007,169.67,191.498,182.643,187.805,4.68027,149.854,157.98,160.504,180.17,206.23,220.404,241.474,203.045,197.89,195.079,3.20723,163.397,170.998,178.93,194.759,203.16,214.832,221.777,188.443,188.598,192.789,2.14159,177.095,179.415,181.746,188.443,200.922,208.388,219.027,198.408,196.515,194.923,1.6572,178.869,183.81,186.518,193.328,201.721,204.916,208.316,-9999,-9999
2007,17.135,1.0,15.142,2.042,1.0,18.931,2.919,1.0,17.113,14.683,2.366,19.325,3.538,17.135,1.0,15.142,2.042,1.0,18.931,2.919,1.0,249.536,0.999372,244.071,249.53,0.999372,295.405,0.993721,303.457,295.527,0.993721,315.29,0.999372,316.833,315.289,0.999372,14.677,1.0,14.548,14.677,1.0,84.888,85.146,0.998002,395.387,312.928,1.0,3.269,3.695,0.99629,0.26995674604116154,0.9962899543378997,76.47540213061444,1.0,487.3554073287681,0.9725456621004566,67.9561097900272,0.9998858447488584,49.85640763877429,0.9645547945205479,416.25335506774053,0.9645547945205479,371.578,0.9996,19.588,19.119,19.121,0.998973,1.0,1.0,4.554,10.194,10.52,0.999658,1.0,0.0267123,0.747802,1.0,21.5176,0.998174,21.6478,0.11814,53.6185,0.999315,53.9428,0.164763,0.996518,1,22.9397,25.0356,-48.3945,-48.2928,0.976598,0.986872,1.95947,2.05042,5.26541,7.13756,-46.7138,-49.0755,0.976027,0.985731,1.95477,2.0556,5.26366,7.13905,-45.474,-46.2463,0.971497,0.971782,0.807168,1.17312,-52.8851,-50.5061,-49.5658,-48.0709,-41.6988,-40.7317,-39.0354,-55.396,-53.056,-51.265,-49.0539,-41.8206,-39.3826,-30.5586,0.993721,0.991438,0.989384,0.979623,0.972203,0.955594,0.945548,0.995947,0.992865,0.992066,0.984247,0.958961,0.935217,0.907648,0.39351,0.397436,0.22465,0.242927,0.994567,0.997958,0.00471583,0.00513894,0.00834256,0.00930394,-0.526189,-0.526122,0.784601,0.788618,0.961422,0.9772,0.00892216,0.00924408,0.0207363,0.027618,0.39589,0.394743,0.224261,0.236629,0.994567,0.997243,0.00468021,0.0050203,0.00832248,0.00923893,-0.520276,-0.528291,0.781623,0.786794,0.960341,0.975753,0.00891147,0.00932786,0.0207317,0.0276462,0.390857,0.39351,0.394965,0.396557,0.406371,0.407274,0.419029,0.379946,0.388322,0.392188,0.395087,0.397436,0.403834,0.416023,0.998407,0.994567,0.998628,0.911766,0.983787,0.993823,0.988877,0.999696,0.998509,0.999135,0.998628,0.997958,0.982784,0.993603,-0.542307,-0.534639,-0.530337,-0.525964,-0.51351,-0.497202,-0.486572,-0.544127,-0.541987,-0.53681,-0.529492,-0.513034,-0.489937,-0.446618,0.991517,0.984624,0.971549,0.966361,0.956415,0.935084,0.919918,0.992886,0.991416,0.985771,0.973119,0.948746,0.925333,0.892406,182.735,185.6,186.525,1.32054,171.435,177.021,180.341,186.598,191.722,194.649,198.812,191.865,189.134,191.11,1.18766,178.122,182.869,185.236,190.612,194.995,197.269,203.774,232.931,234.676,232.771,0.923547,222.003,226.831,229.396,232.717,235.969,237.639,240.619,238.516,235.847,236.584,0.862342,227.375,231.912,234.428,236.072,238.616,241.184,245.746,236.658,210.628,239.785,4.63768,206.589,211.704,218.736,228.172,264.395,283.823,289.963,223.921,214.099,235.107,4.36612,203.791,209.412,216.115,224.121,251.196,271.407,290.81,248.315,246.306,264.64,2.31024,247.858,249.667,253.726,259.928,275.018,283.08,291.96,252.291,249.862,261.412,2.21801,242.933,248.871,252.664,256.603,269.445,276.624,285.863,-9999,-9999
2008,16.886,1.0,14.8,2.055,1.0,18.758,3.043,1.0,17.15,14.622,2.481,19.446,3.656,16.886,1.0,14.8,2.055,1.0,18.758,3.043,1.0,254.032,1.0,246.82,254.032,1.0,301.533,0.840562,299.699,302.239,0.840562,308.41,1.0,312.544,308.41,1.0,14.355,1.0,14.829,14.355,1.0,84.868,85.124,0.997439,307.508,311.912,1.0,3.51,3.924,0.996186,0.2645162058319284,0.996186247723133,83.00461745727026,0.987818761384335,487.26602445235545,0.9951047358834244,68.90166385537951,0.9924294171220401,51.78597703805699,0.8078324225865209,424.42825813170367,0.8085154826958104,380.344,0.999658,18.974,18.816,19.584,0.978484,0.999943,0.999943,7.093,11.248,9.066,0.988616,0.999943,0.999943,0.804673,1.0,20.5388,0.998122,22.3666,0.122127,55.183,0.99926,60.0937,0.16364,0.983379,1,22.9508,25.0301,-46.4981,-52.3111,0.976378,0.983037,1.71466,1.76196,13.283,14.7845,-47.124,-49.4754,0.975467,0.979679,1.69793,1.73308,13.2808,14.7811,-49.6979,-50.9936,0.970633,0.968498,1.63916,1.82949,-67.5626,-63.7055,-58.362,-47.2384,-41.6644,-37.3617,-36.0381,-67.2746,-66.2492,-60.9629,-49.8942,-39.9768,-36.8909,-35.5129,0.994365,0.991177,0.986851,0.973987,0.960041,0.95247,0.928962,0.993511,0.992771,0.990836,0.98002,0.958732,0.939891,0.909551,0.449745,0.429437,0.171979,0.201674,0.988765,0.993139,0.00422132,0.0044888,0.0412179,0.0420262,-0.577725,-0.588577,0.836385,0.848211,0.965175,0.974049,0.00774025,0.00788268,0.0294144,0.0359326,0.444414,0.439632,0.169034,0.189426,0.988461,0.989565,0.00421011,0.00436301,0.0412168,0.0420129,-0.576764,-0.584058,0.833364,0.846208,0.96368,0.970701,0.0076509,0.00777824,0.029391,0.0359098,0.374638,0.383646,0.401763,0.443236,0.461454,0.465649,0.468696,0.375805,0.381033,0.393421,0.440231,0.461804,0.464605,0.470399,0.998686,0.998543,0.996678,0.987244,0.977932,0.921868,0.967457,0.998889,0.998745,0.998543,0.989565,0.934722,0.920801,0.940131,-0.616875,-0.606623,-0.596374,-0.577725,-0.567485,-0.549868,-0.541761,-0.617908,-0.616142,-0.60125,-0.586465,-0.559119,-0.546028,-0.534686,0.988751,0.984486,0.979391,0.965175,0.943491,0.917277,0.908359,0.987587,0.987253,0.983837,0.971298,0.940752,0.934143,0.888272,171.992,187.224,186.604,3.43221,156.288,159.344,165.61,187.802,205.791,210.713,214.867,187.512,195.552,189.528,3.2628,156.288,160.261,167.383,195.464,205.429,210.099,220.086,233.489,236.699,237.597,1.66496,223.562,225.659,227.52,237.793,245.944,246.703,252.047,238.961,242.676,239.226,1.68229,223.171,224.468,226.697,241.962,246.195,247.306,257.314,217.112,227.446,221.151,1.67436,208.392,209.478,211.699,218.874,227.263,228.305,242.758,233.436,226.326,225.19,1.36788,210.786,214.376,218.773,226.481,231.445,232.292,237.19,275.165,278.385,272.481,0.688628,266.057,269.557,270.364,271.363,275.345,276.795,278.732,274.554,272.869,273.001,0.579133,267.243,269.034,270.164,272.849,275.414,276.033,279.706,-9999,-9999
2009,17.381,1.0,15.288,1.973,1.0,19.267,2.957,1.0,17.575,15.076,2.403,19.86,3.642,17.381,1.0,15.288,1.973,1.0,19.267,2.957,1.0,241.747,1.0,244.466,241.747,1.0,307.126,1.0,303.025,307.126,1.0,315.852,1.0,316.34,315.852,1.0,15.305,1.0,15.527,15.305,1.0,84.867,85.065,0.991952,209.451,246.253,1.0,3.385,3.729,0.990354,0.2536940873870593,0.9898972602739726,83.84154055585313,0.9845890410958904,471.43736370776253,1.0,66.58995673116439,1.0,44.60279931650756,0.9917808219178083,418.8880492046802,0.9917808219178083,384.533,0.999372,19.3,19.194,20.019,1.0,1.0,1.0,8.087,10.304,8.484,1.0,1.0,1.0,0.278233,1.0,17.5539,0.998345,19.7929,0.112389,57.3934,0.999829,64.714,0.163168,0.98145,1,22.9452,25.0493,-4.41963,-6.7186,0.975114,0.978995,1.29271,1.27576,5.95994,5.85255,-3.99451,-5.83498,0.974829,0.977112,1.29399,1.27988,5.96022,5.85345,-6.5927,-6.84172,0.972424,0.976009,0.851858,0.77105,-17.1279,-13.2607,-10.8788,-4.41963,-1.87721,-1.62457,-0.793802,-15.6119,-13.0354,-10.8299,-6.17275,-2.66519,-1.6118,-0.805503,0.994235,0.991724,0.987728,0.975114,0.970947,0.944235,0.968721,0.993322,0.990411,0.9875,0.978311,0.964612,0.967637,0.940982,0.311713,0.300649,0.137489,0.142754,0.992252,0.993399,0.00396554,0.00391653,0.0260021,0.024663,-0.277892,-0.28025,0.57106,0.57156,0.959897,0.966151,0.00543746,0.00536449,0.00907414,0.00874876,0.31298,0.305891,0.137019,0.140742,0.992147,0.992663,0.00397721,0.00392742,0.0260039,0.0246647,-0.276883,-0.279905,0.569983,0.572217,0.959523,0.963451,0.0054381,0.00538286,0.00907453,0.00876004,0.254274,0.272062,0.281933,0.310269,0.321776,0.323458,0.32477,0.263726,0.273813,0.283428,0.303649,0.319028,0.322513,0.325919,1.0,0.999886,0.999641,0.991599,0.985985,0.988862,0.979742,1.0,0.999886,0.999641,0.992663,0.982751,0.978325,0.987104,-0.292792,-0.288142,-0.285868,-0.27957,-0.275478,-0.273612,-0.271254,-0.291679,-0.28756,-0.285789,-0.279898,-0.275881,-0.273737,-0.271676,0.991866,0.886259,0.975028,0.961999,0.924072,0.95136,0.954262,0.987192,0.985162,0.977179,0.965606,0.957445,0.951164,0.951083,123.291,128.609,125.883,0.810508,115.322,119.563,122.593,126.577,129.439,130.539,131.661,126.163,130.851,125.632,0.987246,112.192,117.104,123.892,127.697,129.471,130.328,132.105,134.453,134.444,132.724,0.299174,129.793,130.5,130.985,132.507,134.387,134.645,135.789,131.86,134.845,132.225,0.360717,128.732,130.173,130.737,131.86,134.08,134.582,135.356,170.96,171.443,172.183,1.29526,160.262,162.477,166.235,171.002,176.053,179.402,185.002,165.947,172.093,171.611,1.11141,160.984,163.868,165.969,171.474,175.116,177.128,183.994,162.773,163.533,164.88,0.719668,158.954,159.844,160.7,163.963,167.787,169.532,171.753,165.573,165.866,165.497,0.684241,159.553,160.543,161.866,165.26,168.308,170.248,171.194,-9999,-9999
2010,16.678,1.0,14.619,1.982,1.0,18.531,3.001,1.0,17.128,14.681,2.388,19.358,3.602,16.678,1.0,14.619,1.982,1.0,18.531,3.001,1.0,244.07,1.0,245.349,244.07,1.0,305.555,1.0,302.382,305.555,1.0,313.706,1.0,315.607,313.706,1.0,14.113,1.0,14.66,14.113,1.0,84.815,85.05,0.995148,378.595,335.534,1.0,3.38,3.766,0.990811,0.24503293010512672,0.9889840182648403,91.25271578030862,0.9941210045662101,490.38525114896015,0.9532534246575343,62.73129824812433,0.9995433789954338,45.46272974898654,0.9941210045662101,411.1570364117897,0.9941210045662101,383.959,0.999886,18.625,16.555,19.262,1.0,0.455537,1.0,9.864,16.305,12.467,1.0,0.619521,1.0,0.202258,1.0,26.8975,0.998801,29.6431,0.131874,55.9141,0.999315,61.6216,0.160865,0.993493,1,22.937,25.0301,-84.5013,-90.706,0.970491,0.976998,1.79543,1.80257,17.0746,16.7576,-84.0064,-90.5188,0.97032,0.974429,1.78814,1.79533,17.0738,16.7568,-86.7077,-88.4804,0.961535,0.966006,2.33578,2.25576,-112.646,-103.554,-98.2285,-84.5013,-77.2097,-69.5937,-65.7599,-111.549,-104.232,-100.459,-90.706,-78.0629,-70.9117,-67.3667,0.994863,0.989098,0.985502,0.970491,0.94903,0.93339,0.92129,0.993893,0.990982,0.986358,0.976998,0.948916,0.937215,0.924772,0.581172,0.568623,0.208046,0.214595,0.992648,0.995488,0.00445001,0.00464761,0.0467957,0.0477206,-0.846982,-0.866311,0.969342,0.987049,0.95117,0.961064,0.00811749,0.00806544,0.0399229,0.0396825,0.582242,0.564076,0.208859,0.213252,0.992648,0.993863,0.00440527,0.0044562,0.0467914,0.0477023,-0.845516,-0.862656,0.967405,0.980232,0.950996,0.957628,0.00809646,0.00811468,0.0399187,0.0396926,0.466445,0.51009,0.534716,0.566478,0.585345,0.603257,0.612528,0.469902,0.504704,0.524179,0.565398,0.583967,0.599692,0.608711,0.999168,0.996407,0.996956,0.982616,0.987721,0.897555,0.953204,0.998757,0.996764,0.997389,0.982094,0.987852,0.971887,0.95389,-0.887813,-0.878952,-0.875482,-0.846982,-0.813642,-0.800774,-0.779201,-0.885161,-0.880458,-0.876399,-0.863942,-0.819183,-0.802749,-0.782103,0.99096,0.980036,0.967126,0.95117,0.931587,0.922161,0.898104,0.989547,0.983215,0.976732,0.958117,0.926774,0.922644,0.90379,220.677,231.855,232.186,3.46774,194.507,206.073,214.088,230.32,250.186,259.141,262.438,221.741,243.011,235.18,3.55749,193.765,207.172,217.94,241.015,253.429,261.102,263.665,318.202,322.374,320.667,1.3016,306.055,310.387,314.547,319.767,326.579,329.506,332.739,321.953,327.018,321.887,1.32614,306.411,311.445,316.134,322.289,328.779,330.792,332.633,262.057,268.458,261.331,4.60347,216.663,229.634,235.497,262.416,274.033,282.157,306.444,264.663,257.55,265.297,5.09377,212.353,232.439,238.942,264.751,275.019,290.724,327.841,346.343,346.822,342.795,1.50126,329.125,333.675,334.695,342.575,346.343,350.1,360.079,350.734,340.862,344.421,1.80455,329.913,333.596,334.832,341.821,348.257,354.706,364.515,-9999,-9999
2011,17.168,1.0,14.937,2.052,1.0,19.162,3.111,1.0,17.334,14.708,2.492,19.716,3.714,17.168,1.0,14.937,2.052,1.0,19.162,3.111,1.0,248.516,1.0,251.433,248.516,1.0,303.164,1.0,298.807,303.164,1.0,308.781,0.999829,311.526,308.795,0.999829,15.685,0.999829,15.619,15.685,0.999829,84.851,85.101,0.985616,219.847,290.322,1.0,3.411,3.889,0.993094,0.24336498208373153,0.9916666666666666,86.27066645937833,0.9918949771689497,494.69307701246004,0.9999429223744293,69.46136949724328,0.9999429223744293,48.83615422796808,0.9918949771689497,414.0477209288456,0.9918949771689497,387.208,0.999715,18.802,19.607,9.442,1.0,1.0,0.0272831,8.098,10.214,10.613,1.0,1.0,0.0272831,0.392026,1.0,20.4464,0.998858,21.277,0.124152,62.5935,0.999543,65.1363,0.174102,0.991667,1,22.8986,25.0384,68.7574,65.416,0.970263,0.970605,1.86024,1.91762,16.3707,14.0749,68.6704,68.3646,0.97032,0.970662,1.87422,1.86468,16.3723,14.0678,70.5134,69.6585,0.963091,0.965364,2.71872,2.12828,42.4499,51.7569,57.3905,68.7574,81.9914,84.2862,96.4596,44.7919,55.0143,62.5648,67.8312,80.2503,82.9017,85.5792,0.993607,0.988014,0.983904,0.970263,0.937957,0.932877,0.922374,0.992352,0.984989,0.978653,0.970833,0.95234,0.949543,0.947774,0.503312,0.493108,0.24069,0.242874,0.98411,0.984377,0.0060697,0.00615879,0.0503557,0.0412238,-0.0786938,-0.0863868,0.757971,0.757,0.956881,0.95742,0.0075896,0.00788898,0.0367402,0.0329508,0.501421,0.506304,0.242807,0.240351,0.98411,0.984377,0.00613618,0.00596789,0.0503637,0.0411957,-0.0775723,-0.0827299,0.759818,0.761038,0.956972,0.957397,0.0076325,0.00768481,0.0367491,0.0329025,0.411441,0.450427,0.463121,0.502775,0.544154,0.550404,0.596678,0.421876,0.462315,0.486541,0.501703,0.537208,0.543837,0.554892,0.999212,0.996651,0.9949,0.984377,0.960908,0.952649,0.9379,0.998883,0.995267,0.992774,0.982956,0.961831,0.96902,0.957472,-0.130027,-0.116352,-0.100392,-0.0786938,-0.0490355,-0.0444562,-0.0234851,-0.127308,-0.110532,-0.0943698,-0.0832405,-0.0523026,-0.0465475,-0.0407351,0.988769,0.980237,0.973811,0.956881,0.938812,0.928525,0.908665,0.986735,0.975471,0.965739,0.957755,0.942483,0.929021,0.935603,207.625,217.448,218.415,4.22844,163.267,190.736,202.303,216.339,241.139,247.767,250.516,206.254,217.767,218.92,5.04535,160.541,187.008,193.647,217.689,247.287,248.738,256.404,144.333,149.083,148.757,2.19349,118.68,135.722,139.775,148.508,160.788,163.874,167.266,143.796,149.097,148.406,2.49698,118.091,134.596,136.439,148.931,161.663,164.039,168.083,296.092,298.136,288.913,3.89234,241.495,261.135,270.852,293.548,304.33,309.812,321.736,255.319,279.902,290.987,4.00427,254.375,259.26,271.882,292.135,305.862,310.396,335.476,206.598,209.831,205.31,1.78033,184.046,191.79,198.973,205.115,211.727,214.608,223.461,202.734,204.458,212.777,1.90221,196.731,201.437,203.759,211.518,216.95,226.943,230.746,-9999,-9999
2012,17.967,1.0,15.797,1.973,1.0,19.923,3.021,1.0,17.967,15.378,2.491,20.325,3.772,17.967,1.0,15.797,1.973,1.0,19.923,3.021,1.0,249.245,1.0,250.712,249.245,1.0,306.108,1.0,301.841,306.108,1.0,315.246,1.0,314.988,315.246,1.0,15.969,1.0,16.218,15.969,1.0,84.892,84.929,0.972279,227.752,314.96,1.0,3.261,3.627,0.987762,0.23108535367353739,0.9850865209471766,91.55382120256185,0.9876479963570126,498.7518808963042,0.9996015482695811,60.56814757439521,0.9996015482695811,43.7057900853634,0.9876479963570126,419.28680446488073,0.9876479963570126,393.272,0.999089,19.543,10.431,20.29,1.0,0.103313,1.0,8.909,12.759,12.475,1.0,1.0,1.0,1.1193,1.0,23.255,0.997837,25.338,0.120682,59.7342,0.998748,65.0845,0.16726,0.984574,1,22.9563,25.0383,3.81465,1.49636,0.966473,0.967896,1.8506,1.85231,17.1789,18.2896,3.90329,3.81731,0.965847,0.966473,1.84958,1.85031,17.1788,18.2894,1.47248,1.63962,0.959601,0.959001,2.53075,2.49374,-27.9646,-18.0259,-11.3797,3.26251,14.7812,16.132,21.424,-28.8022,-19.3274,-11.2313,3.54615,15.7166,17.0637,20.8001,0.989583,0.98577,0.98133,0.963513,0.945867,0.94194,0.895093,0.990323,0.986396,0.979508,0.966758,0.937443,0.949055,0.89885,0.685046,0.671805,0.182141,0.179254,0.987389,0.988148,0.00434409,0.00434179,0.0666163,0.0731355,-0.529169,-0.529988,0.9439,0.941366,0.947687,0.949867,0.00844796,0.00845852,0.0273779,0.0289009,0.685036,0.68501,0.182555,0.182156,0.98696,0.987389,0.00433449,0.00434211,0.0666157,0.0731355,-0.528652,-0.529112,0.943084,0.943842,0.946901,0.947687,0.00844642,0.00844724,0.0273774,0.0288976,0.556421,0.599212,0.628888,0.682293,0.728575,0.732161,0.743074,0.552737,0.5933,0.627724,0.68274,0.729956,0.739313,0.742604,0.995317,0.995583,0.994559,0.985809,0.962209,0.964051,0.905314,0.996742,0.995583,0.994559,0.987389,0.970066,0.940258,0.936331,-0.576405,-0.563691,-0.558163,-0.529427,-0.513568,-0.511607,-0.500271,-0.5773,-0.565169,-0.555861,-0.528582,-0.513164,-0.509898,-0.498273,0.984741,0.977324,0.970218,0.946933,0.930324,0.926572,0.90251,0.98485,0.97845,0.968963,0.948257,0.927036,0.914029,0.906099,252.586,254.623,263.193,3.63161,225.48,238.46,249.6,253.702,282.537,285.913,302.091,251.169,253.564,262.142,3.59004,226.895,240.204,249.85,254.661,279.416,283.297,301.058,253.653,250.806,261.554,1.56569,250.116,252.07,254.282,257.788,266.38,269.326,280.896,253.599,249.66,260.67,1.51754,250.169,251.753,253.883,257.501,263.705,267.711,279.26,308.443,307.307,302.237,3.1716,269.665,279.73,285.835,301.331,315.158,322.158,327.309,288.759,302.928,296.431,3.08122,266.25,274.011,279.407,297.534,309.898,315.605,323.819,296.634,297.378,298.378,1.09242,289.749,291.917,293.436,296.509,302.098,303.841,307.173,296.353,297.492,298.453,1.11593,288.83,292.987,293.892,296.946,301.499,302.814,307.472,-9999,-9999
2013,17.052,0.999658,14.977,1.994,1.0,18.906,2.891,0.999433,17.297,14.772,2.465,19.615,3.746,17.052,0.999658,14.977,1.994,1.0,18.906,2.892,0.999433,247.654,1.0,248.154,247.654,1.0,304.778,1.0,300.23,304.778,1.0,313.007,0.999658,313.15,313.01,0.999658,14.784,0.999658,15.441,14.784,0.999658,84.883,84.711,0.979224,202.731,263.652,1.0,3.421,3.834,0.99629,0.2407387152925593,0.9962899543378995,88.84549079714625,0.9992009132420091,493.63800543607306,1.0,66.81794672031963,1.0,46.696139425330905,0.9992009132420091,415.21041356017884,0.9992009132420091,394.308,0.998801,19.002,20.358,19.681,1.0,1.0,1.0,9.62,12.592,9.459,1.0,1.0,1.0,0.693537,0.999943,21.4325,0.998288,23.9766,0.113356,57.5522,0.999372,64.3837,0.164859,0.997146,1,22.9425,25.0438,65.3504,64.6445,0.966267,0.966838,1.47355,1.47588,14.9161,15.4444,65.3918,66.5552,0.965868,0.96484,1.47531,1.46946,14.9163,15.4438,65.7118,66.7419,0.961391,0.960144,2.3508,2.23731,42.8425,49.8932,54.0725,65.3504,72.9268,79.5795,91.0432,42.6553,50.8477,55.3034,66.3542,75.5511,81.5952,90.275,0.991838,0.988356,0.98282,0.966267,0.951427,0.940811,0.917409,0.99121,0.986473,0.977454,0.965925,0.946632,0.93847,0.919235,0.559395,0.558236,0.194819,0.196262,0.982998,0.983683,0.00432419,0.00434564,0.0480318,0.0494341,-0.137204,-0.139649,0.726375,0.728044,0.950403,0.950811,0.00631457,0.00631597,0.0328949,0.0340851,0.559162,0.564113,0.195132,0.193216,0.982998,0.982174,0.00432883,0.00427681,0.0480322,0.0494281,-0.136593,-0.135061,0.725533,0.724691,0.94971,0.948433,0.00632242,0.00631731,0.0328964,0.0340853,0.468265,0.498923,0.512362,0.560509,0.58542,0.594596,0.638958,0.465598,0.502719,0.52159,0.561601,0.589855,0.601205,0.638699,0.997834,0.996871,0.994911,0.983996,0.97875,0.970821,0.940031,0.997341,0.995185,0.988169,0.98277,0.974301,0.969073,0.941457,-0.171514,-0.162216,-0.15426,-0.137204,-0.1205,-0.0976498,-0.0808793,-0.170489,-0.160738,-0.153724,-0.134139,-0.113653,-0.0937481,-0.0821398,0.986119,0.980365,0.968551,0.950403,0.928604,0.913066,0.879572,0.985278,0.978376,0.971741,0.949968,0.921032,0.910182,0.896573,226.688,235.334,232.248,3.43096,191.41,204.985,212.314,235.023,249.874,252.515,260.241,224.035,236.465,231.063,3.73135,191.069,204.966,207.535,235.328,246.525,252.773,261.012,171.462,168.779,165.506,1.37309,148.755,154.137,155.803,167.873,172.414,173.261,175.68,166.861,171.073,165.351,1.51298,148.226,154.054,155.763,168.64,171.607,173.719,177.638,272.155,267.139,267.115,3.9334,229.988,238.41,243.887,266.04,283.881,289.926,303.851,261.848,277.623,273.971,4.54212,231.878,245.793,247.91,271.865,292.679,302.935,322.479,203.249,205.049,205.273,1.63316,190.158,191.039,197.6,204.245,212.811,216.217,219.906,207.997,208.155,212.873,2.07037,194.245,195.486,198.349,213.073,223.183,224.518,234.15,-9999,-9999
2014,17.898,1.0,15.795,1.913,1.0,19.803,2.873,1.0,17.832,15.248,2.499,20.192,3.85,17.898,1.0,15.795,1.913,1.0,19.803,2.873,1.0,243.724,1.0,243.028,243.724,1.0,307.154,0.925514,306.456,307.023,0.925514,320.726,1.0,320.256,320.726,1.0,14.809,1.0,15.273,14.809,1.0,84.894,84.761,0.964783,401.298,414.528,1.0,3.23,3.651,0.994349,0.22853462862664414,0.9943493150684931,86.07769659373626,0.9996575342465753,473.00132969992814,0.9996575342465753,55.4925346423416,0.9996575342465753,42.24090288792123,0.9997716894977168,416.79351146717437,0.8976027397260274,393.496,0.997146,19.648,20.531,20.102,0.9996,0.9996,0.9996,10.144,13.29,13.079,0.9996,0.9996,1.0,0.457021,1.0,24.8286,0.996233,26.5878,0.116615,54.927,0.99863,58.8187,0.163364,0.995034,1,22.9479,25.0493,-27.0992,-22.9094,0.954509,0.940753,1.55546,1.49222,20.959,21.1593,-26.3262,-21.2156,0.953995,0.936929,1.55467,1.47827,20.9589,21.1583,-29.9094,-27.3734,0.94389,0.938048,2.98595,3.03019,-64.0089,-53.9675,-45.9728,-27.0992,-15.5662,-12.1651,-1.97683,-62.6853,-53.9189,-46.0091,-21.2124,-13.2939,-11.7056,-2.18143,0.9871,0.981678,0.975057,0.954509,0.927797,0.905822,0.874715,0.986929,0.98105,0.975057,0.9379,0.914555,0.912785,0.864555,0.693471,0.698791,0.190204,0.18347,0.972681,0.959946,0.00446754,0.00426918,0.0752024,0.0779782,-0.762817,-0.747981,1.10987,1.10613,0.938272,0.923524,0.00672057,0.00645666,0.039558,0.0408577,0.694949,0.706002,0.189352,0.185684,0.972201,0.956163,0.00446741,0.00426785,0.0752024,0.0779781,-0.760103,-0.745216,1.1076,1.10547,0.937735,0.919147,0.00671598,0.00637476,0.0395573,0.0408448,0.541186,0.582329,0.614853,0.689041,0.728376,0.732468,0.744978,0.546632,0.580915,0.614739,0.704727,0.728331,0.736638,0.749845,0.990677,0.988965,0.987305,0.967012,0.952644,0.933825,0.863113,0.990677,0.988828,0.987305,0.957273,0.944377,0.931183,0.890737,-0.815428,-0.80166,-0.790308,-0.762817,-0.736374,-0.723694,-0.693793,-0.81374,-0.800408,-0.790356,-0.746323,-0.725724,-0.719719,-0.693501,0.983757,0.975151,0.964184,0.938272,0.90807,0.891241,0.860723,0.983456,0.973998,0.964184,0.91751,0.893528,0.883785,0.859781,280.195,284.781,275.486,4.29947,224.744,232.937,246.496,285.065,294.487,296.949,310.25,270.53,287.875,272.784,4.34858,222.054,234.824,246.516,280.764,292.622,295.504,307.681,309.326,305.997,302.859,1.42634,286.856,288.936,292.506,306.072,308.377,309.515,314.328,305.341,314.201,302.693,1.49464,285.82,288.783,292.488,305.388,308.934,310.221,314.824,381.174,364.241,355.464,6.01848,297.629,313.581,325.599,351.791,370.348,386.299,414.514,361.566,389.658,359.392,5.67823,296.408,320.753,326.297,363.088,382.5,385.359,416.648,363.377,369.12,365.923,2.22548,342.639,354.393,357.778,363.377,372.428,381.296,392.851,381.947,385.809,366.166,2.42029,338.141,346.763,355.99,366.88,378.792,382.475,384.459,-9999,-9999
2015,17.238,1.0,15.112,1.899,1.0,19.152,2.926,1.0,17.339,15.069,2.27,19.408,3.397,17.238,1.0,15.112,1.899,1.0,19.152,2.926,1.0,239.017,0.999715,236.761,239.027,0.999715,301.545,1.0,309.508,301.545,1.0,327.139,0.999715,323.739,327.142,0.999715,13.436,1.0,13.443,13.436,1.0,84.889,84.74,0.987272,365.17,386.334,0.999943,3.231,3.575,0.996176,0.2474716631670307,0.9949771689497716,89.23202941114965,0.9960045662100457,458.2324580900049,0.9995433789954339,55.036498795817735,0.9995433789954339,41.364237817212285,0.9960045662100457,409.4306898416147,0.9960045662100457,400.783,0.99903,18.324,19.188,18.903,0.998973,0.998973,0.998973,11.872,14.308,15.522,0.998973,0.998973,1.0,-0.513819,1.0,31.9778,0.998516,33.2506,0.16182,53.8318,0.999658,55.9745,0.181301,0.994749,1,22.9425,25.0466,-82.9968,-79.6654,0.969977,0.968322,2.29258,2.22907,32.9963,26.8481,-82.3646,-74.0105,0.969863,0.966553,2.27755,2.20071,32.9952,26.8457,-86.2746,-82.1956,0.96039,0.960265,4.36731,3.84997,-138.43,-123.931,-108.127,-82.9968,-62.1476,-58.0981,-52.1511,-128.481,-113.031,-100.28,-74.3539,-61.5302,-59.5198,-54.3074,0.992295,0.988242,0.984532,0.969977,0.948858,0.92226,0.900856,0.990354,0.985788,0.981849,0.967295,0.939212,0.937215,0.916153,0.950373,0.961645,0.298141,0.281254,0.990294,0.989208,0.00739036,0.00686398,0.134272,0.104352,-1.18144,-1.17636,1.33539,1.3272,0.95137,0.949191,0.00941607,0.00936027,0.0485153,0.0438932,0.952086,0.98375,0.296892,0.271254,0.990294,0.987695,0.00729216,0.00687798,0.134266,0.104353,-1.18002,-1.16854,1.33518,1.3277,0.951101,0.947133,0.00938691,0.00917811,0.0485097,0.0438548,0.709862,0.776019,0.855195,0.950373,1.03574,1.04415,1.05783,0.757066,0.835458,0.889149,0.981543,1.03662,1.04371,1.04929,0.999856,0.999348,0.998975,0.990294,0.971361,0.959529,0.894383,0.999348,0.999224,0.997657,0.987898,0.972471,0.959673,0.962545,-1.25374,-1.23731,-1.22527,-1.18144,-1.15492,-1.14213,-1.12941,-1.24448,-1.23361,-1.2151,-1.16938,-1.15454,-1.14784,-1.13739,0.985322,0.977803,0.97101,0.95137,0.925248,0.887933,0.88263,0.981871,0.973265,0.966918,0.946068,0.918849,0.909854,0.889124,374.764,395.454,379.343,5.74908,308.422,334.858,353.977,394.811,402.716,408.985,422.826,361.498,384.537,373.9,6.91445,286.2,313.428,347.999,381.269,404.154,409.592,439.204,464.266,469.465,461.539,2.048,436.903,447.888,455.445,463.816,467.678,469.165,477.133,460.675,466.901,460.174,2.68309,424.63,437.565,454.257,462.998,467.118,469.624,491.356,409.956,408.506,401.254,3.2778,358.992,384.786,389.26,402.953,413.972,417.907,435.541,399.882,417.618,398.263,3.91531,340.662,367.635,386.679,397.961,411.454,425.389,438.647,484.511,483.74,487.323,1.98241,473.015,479.439,482.447,484.776,489.541,491.951,504.665,489.792,549.557,485.983,2.07715,465.204,475.338,479.447,483.438,489.792,493.366,505.027,-9999,-9999
2016,17.832,1.0,15.615,1.941,1.0,19.836,2.993,1.0,17.74,15.291,2.458,19.985,3.703,17.832,1.0,15.615,1.941,1.0,19.836,2.993,1.0,252.149,1.0,245.159,252.149,1.0,297.12,0.999829,305.767,297.123,0.999829,318.134,1.0,319.469,318.134,1.0,15.222,1.0,14.978,15.222,1.0,84.936,84.793,0.965562,335.18,376.174,1.0,3.323,3.626,0.986396,0.24798205409555318,0.983094262295082,90.59759821446603,0.9775159380692167,478.87105506033697,1.0,56.79751536885246,1.0,44.03115783627818,0.9901525500910748,410.3337569456116,0.9775159380692167,401.281,0.995389,18.548,19.39,19.045,1.0,1.0,1.0,11.542,14.406,14.772,1.0,1.0,0.999658,0.144997,1.0,26.0127,0.99408,27.1111,0.127361,61.2705,0.995105,63.8576,0.17298,0.974385,1,22.9044,25.0273,-30.6364,-30.6092,0.957081,0.957081,2.00313,2.00327,30.8484,28.9453,-30.7601,-28.1635,0.955658,0.956056,2.0019,2.00016,30.8484,28.9451,-30.6739,-31.6577,0.951301,0.955746,4.54856,4.03745,-84.6774,-65.5773,-54.7201,-30.3147,-8.70439,-4.01062,8.97126,-83.3796,-64.4575,-52.2425,-29.8561,-13.1174,-6.70576,-3.2807,0.984973,0.980305,0.975751,0.958447,0.937955,0.926685,0.911714,0.984574,0.980191,0.974214,0.955601,0.943306,0.935394,0.922245,0.744572,0.744819,0.283672,0.283623,0.980104,0.980104,0.00693583,0.0069343,0.118575,0.111768,-0.766286,-0.766393,1.06545,1.0653,0.936016,0.936016,0.00785713,0.0078592,0.0463106,0.043239,0.743057,0.753475,0.282392,0.283478,0.979931,0.979065,0.00690838,0.00690331,0.118573,0.111766,-0.765786,-0.762032,1.06458,1.06311,0.933492,0.934816,0.00786941,0.00786175,0.0463127,0.0432395,0.522454,0.597415,0.637846,0.747079,0.81736,0.834158,0.888547,0.528027,0.599551,0.650535,0.750064,0.809297,0.822657,0.835131,0.996362,0.995902,0.995132,0.981901,0.956219,0.936597,0.922572,0.996362,0.995902,0.995031,0.979686,0.963815,0.953372,0.943405,-0.8363,-0.806703,-0.789264,-0.763654,-0.723574,-0.715424,-0.689366,-0.834494,-0.803422,-0.788378,-0.761423,-0.738135,-0.718384,-0.711989,0.975279,0.967008,0.959136,0.941442,0.920223,0.914377,0.89076,0.974563,0.966774,0.95619,0.940516,0.923776,0.917851,0.907196,302.552,316.935,305.106,6.66032,224.851,251.499,261.873,316.131,332.131,335.849,351.209,291.323,315.334,301.913,7.99192,211.924,244.06,259.763,311.741,332.53,350.393,376.273,342.875,345.099,336.763,2.73667,303.778,313.7,319.585,342.836,347.783,349.529,355.193,336.843,346.094,328.869,8.99257,303.013,313.451,316.673,342.093,348.835,353.499,372.823,306.874,317.811,317.112,4.39912,273.681,292.08,295.304,315.092,330.149,345.998,358.726,342.07,352.695,322.287,4.84364,275.234,290.509,299.488,318.065,340.632,349.506,380.4,364.728,370.498,358.628,2.54458,329.208,339.947,344.181,357.209,368.222,375.361,381.817,361.914,378.008,360.961,2.5862,332.062,342.997,346.459,361.914,371.663,377.29,381.55,-9999,-9999
2017,18.615,1.0,16.347,1.976,1.0,20.652,3.005,1.0,18.39,16.034,2.57,20.531,3.764,18.615,1.0,16.347,1.976,1.0,20.652,3.005,1.0,250.703,1.0,245.498,250.703,1.0,305.97,0.975457,308.772,305.221,0.975457,320.912,1.0,322.899,320.912,1.0,16.513,1.0,15.919,16.513,1.0,84.91,84.789,0.928995,263.053,358.267,1.0,3.309,3.546,0.995034,0.2323803702731695,0.9940068493150684,89.70253839096466,0.9571347031963471,479.1758295081811,0.9993150684931507,60.234660927511406,0.9993150684931507,43.48915579505929,0.9993721461187216,422.83334249205853,0.9269977168949772,404.366,0.992523,20.175,19.857,19.846,1.0,1.0,1.0,13.104,13.993,11.308,1.0,1.0,0.976427,0.346498,0.999886,23.0768,0.991381,24.6484,0.118855,60.531,0.993436,64.6533,0.167239,0.950514,1,22.9233,24.9945,-65.7617,-65.5485,0.941495,0.943379,1.96136,1.9776,19.316,17.3943,-65.0661,-67.1478,0.935674,0.942295,1.95683,1.96202,19.3155,17.3925,-62.7353,-64.8897,0.928279,0.937499,2.9396,2.49162,-95.9829,-84.451,-79.375,-64.5517,-50.524,-46.0187,-37.74,-93.8518,-83.312,-79.0786,-65.0156,-50.9232,-48.7491,-45.6702,0.981164,0.975514,0.97129,0.949201,0.902568,0.90508,0.848916,0.980879,0.974886,0.971747,0.942865,0.908105,0.92089,0.885616,0.648039,0.647999,0.293075,0.290117,0.969143,0.969848,0.00670324,0.0067747,0.0707631,0.0676909,-0.815706,-0.815133,1.0456,1.04695,0.918065,0.920865,0.00779511,0.00784846,0.0326378,0.0252352,0.650706,0.641375,0.29769,0.293652,0.960322,0.969447,0.00670527,0.00670723,0.0707633,0.0676842,-0.814584,-0.817229,1.04382,1.04345,0.91606,0.919298,0.00776401,0.00779652,0.0326304,0.0252191,0.506203,0.567246,0.58584,0.648039,0.70339,0.708136,0.724997,0.516433,0.571423,0.586541,0.648476,0.696801,0.706125,0.715439,0.996759,0.994831,0.994898,0.969143,0.938093,0.924932,0.856353,0.996759,0.994527,0.995101,0.974991,0.842115,0.896622,0.93895,-0.843417,-0.837809,-0.829198,-0.810572,-0.78826,-0.774422,-0.748204,-0.842024,-0.83628,-0.828381,-0.811355,-0.795035,-0.788313,-0.77134,0.966781,0.9577,0.946246,0.927527,0.893389,0.881837,0.848164,0.962301,0.956912,0.945479,0.916145,0.895939,0.893389,0.881247,278.284,302.675,287.567,5.01411,225.783,251.38,260.054,295.522,312.055,316.626,324.481,277.26,301.415,288.218,5.10829,223.153,250.006,263.183,295.748,312.752,316.843,324.828,351.825,369.823,352.457,2.91103,318.58,334.692,339.602,350.448,368.661,370.802,382.741,344.301,366.481,350.954,2.66736,318.952,334.457,340.05,347.804,361.773,368.946,377.495,339.868,345.542,339.465,4.97926,296.383,307.798,315.176,335.522,350.304,362.533,388.557,339.429,345.885,350.452,5.69939,295.569,312.242,325.177,343.168,370.228,383.795,408.103,373.688,376.63,375.018,1.77522,357.913,363.503,367.542,374.201,380.272,383.602,392.485,371.337,373.764,377.358,2.0702,357.148,364.696,368.078,374.792,382.876,391.655,398.321,-9999,-9999
2018,17.844,1.0,15.588,1.907,1.0,19.857,2.965,1.0,17.85,15.562,2.439,19.927,3.626,17.844,1.0,15.588,1.907,1.0,19.857,2.965,1.0,247.044,1.0,243.126,247.044,1.0,305.072,0.996518,307.817,305.113,0.996518,318.382,1.0,321.809,318.382,1.0,15.439,1.0,15.218,15.439,1.0,84.925,84.67,0.977283,335.277,396.24,1.0,3.322,3.609,0.977169,0.2409593506339453,0.9748858447488585,93.05342029239947,0.9752283105022832,469.68385119317134,0.9999429223744293,60.42776346764019,0.9996004566210045,43.67386980438854,0.9752283105022832,416.6281486626771,0.9752283105022832,401.427,0.996233,19.6,19.111,19.342,0.999429,0.999429,0.999429,15.521,19.273,14.41,0.999429,0.97403,0.999429,-0.81532,0.999943,26.239,0.99589,27.8134,0.128816,61.2051,0.996347,64.8777,0.169689,0.97637,1,22.9397,25.0384,25.2338,27.9215,0.963984,0.963699,1.83577,1.82647,25.6031,23.7558,27.827,30.6969,0.963756,0.9629,1.82654,1.77429,25.6025,23.7518,17.0761,18.6837,0.958219,0.960644,3.58676,3.38666,-24.7322,-13.9964,-4.77748,25.2338,35.9104,37.0781,40.9832,-23.0297,-10.6466,0.441665,27.9215,35.2427,36.7244,37.8845,0.99121,0.985388,0.979966,0.963984,0.929338,0.944635,0.910217,0.990411,0.98516,0.977797,0.963699,0.94863,0.924429,0.94492,0.794781,0.807703,0.243484,0.239662,0.987233,0.987347,0.00624389,0.00618069,0.103884,0.0962094,-0.550358,-0.548277,0.933439,0.932894,0.943535,0.942935,0.00731615,0.00730156,0.0400861,0.0375428,0.807327,0.818773,0.239746,0.228457,0.987347,0.98568,0.00618062,0.00585719,0.10388,0.0961892,-0.548421,-0.54461,0.933053,0.937637,0.943065,0.942835,0.0073021,0.00719553,0.0400835,0.0375224,0.585434,0.63168,0.670638,0.794781,0.829314,0.839072,0.845497,0.590212,0.64857,0.692429,0.807703,0.834429,0.840592,0.845099,0.999543,0.997938,0.994775,0.987233,0.926824,0.962214,0.960313,0.998174,0.997938,0.994353,0.987347,0.972466,0.960144,0.968625,-0.616732,-0.603829,-0.590872,-0.550358,-0.533634,-0.525003,-0.503607,-0.61205,-0.601063,-0.584484,-0.548277,-0.535861,-0.527412,-0.518986,0.983178,0.973965,0.966573,0.943535,0.925034,0.916179,0.893513,0.982957,0.973568,0.962956,0.942935,0.935003,0.91925,0.913944,295.012,326.732,305.006,5.44272,238.235,256.145,279.882,323.013,331.49,332.5,335.308,294.545,318.82,302.895,5.82555,236.862,253.319,266.931,314.769,331.864,332.5,342.527,290.919,296.035,286.322,2.10372,261.265,266.178,279.44,291.392,294.978,298.418,300.304,280.948,290.993,285.819,2.29152,261.187,266.592,271.709,289.505,296.131,299.916,304.48,272.635,265.886,265.945,3.2988,235.395,245.873,253.301,266.392,272.413,276.566,316.86,270.677,261.979,270.356,2.97126,241.648,250.55,256.952,270.139,278.52,282.421,312.284,292.624,292.038,292.773,1.26876,281.916,285.248,287.864,292.423,295.525,296.99,310.822,299.83,297.526,300.576,1.03997,289.508,291.625,296.866,300.105,304.455,305.797,312.773,-9999,-9999
2019,17.046,0.998687,14.908,1.882,1.0,18.929,2.903,0.997791,17.413,15.22,2.487,19.392,3.579,17.044,0.998687,14.908,1.882,1.0,18.927,2.907,0.997791,233.048,0.998858,238.181,233.062,0.998858,313.041,0.984989,308.533,312.975,0.984989,325.581,0.998687,322.626,325.574,0.998687,14.295,0.998687,14.864,14.293,0.998687,84.873,84.618,0.946404,454.447,426.085,1.0,3.406,3.566,0.946347,0.25207579775011907,0.9464041095890411,97.13308769415441,0.9441780821917808,459.8528012042297,0.9972602739726028,53.208541325120194,0.9972602739726028,36.24457423242247,0.9441780821917808,413.1181019750458,0.9026826484018265,405.019,0.998687,18.072,17.86,17.821,1.0,1.0,1.0,10.234,14.64,19.59,1.0,1.0,0.670034,-0.761415,0.998744,27.6901,0.996518,30.3099,0.133122,61.3819,0.996804,67.1893,0.177693,0.943893,1,22.937,25.0438,-39.756,-33.1148,0.969977,0.966267,2.1219,2.06062,23.8747,15.1191,-38.51,-30.6788,0.967808,0.964155,2.12107,2.05932,23.8746,15.119,-39.3291,-35.0249,0.963596,0.96261,3.53832,2.39313,-80.1506,-66.145,-58.3775,-39.756,-25.2425,-18.5846,-3.7521,-63.4998,-50.5865,-44.3662,-31.8148,-25.2489,-20.6303,-15.5948,0.993893,0.989498,0.985959,0.969977,0.951142,0.937842,0.914555,0.988584,0.982763,0.976199,0.964498,0.950913,0.944349,0.933847,0.781079,0.809078,0.284537,0.276213,0.989701,0.986768,0.00570861,0.00542571,0.0937222,0.0568965,-0.834691,-0.824636,1.07771,1.07975,0.952412,0.948331,0.00937333,0.00915604,0.0375827,0.0264305,0.78552,0.823252,0.281856,0.274415,0.987473,0.986022,0.00566034,0.00539096,0.0937192,0.0568932,-0.832372,-0.824311,1.07773,1.08326,0.950499,0.945078,0.00939305,0.0091657,0.0375876,0.0264338,0.605519,0.670913,0.709143,0.781079,0.847144,0.858009,0.905755,0.68204,0.742651,0.766025,0.817926,0.846692,0.855926,0.867392,0.999772,0.999255,0.998693,0.989701,0.974432,0.959418,0.929201,0.999255,0.996621,0.994786,0.986022,0.973374,0.968439,0.955198,-0.883033,-0.869823,-0.863972,-0.834691,-0.817766,-0.797033,-0.764046,-0.866646,-0.854185,-0.844246,-0.824636,-0.81761,-0.804597,-0.791012,0.988329,0.98066,0.974279,0.952412,0.931355,0.9204,0.903995,0.978849,0.970226,0.958275,0.948331,0.931544,0.923365,0.913385,330.486,348.702,338.12,4.23893,286.78,307.783,321.052,347.804,352.79,365.104,371.352,319.192,332.84,329.036,6.3241,248.116,280.825,293.993,330.626,352.212,367.511,384.465,372.316,379.38,373.145,1.88618,349.188,358.369,366.814,375.141,380.511,385.434,387.064,370.728,371.35,368.365,2.85997,328.266,346.97,352.371,371.997,380.551,385.198,391.25,382.256,375.931,361.983,4.11397,315.341,328.706,342.709,366.529,378.69,386.499,397.62,334.509,342.228,341.449,3.51098,312.251,318.512,320.887,334.706,358.239,364.957,380.407,411.426,420.076,414.037,1.871,391.982,400.02,404.329,414.017,423.384,426.852,430.512,391.858,394.72,392.932,1.5605,380.882,382.585,384.453,391.023,400.063,405.049,408.629,-9999,-9999
2020,18.425,1.0,16.123,1.947,1.0,20.484,3.059,1.0,18.2,15.729,2.624,20.47,3.877,18.425,1.0,16.123,1.947,1.0,20.484,3.059,1.0,241.266,1.0,248.746,241.266,1.0,311.473,1.0,305.183,311.473,1.0,321.765,1.0,318.803,321.765,1.0,17.479,1.0,17.078,17.479,1.0,84.941,84.651,0.994137,193.865,176.276,1.0,3.402,3.59,0.998122,0.23949660652429924,0.9984631147540983,93.22413193920403,0.9981215846994536,492.07901655772366,0.9998861566484517,54.34798485650789,0.9998861566484517,36.268188211972706,0.9981215846994536,420.44283094081595,0.9981215846994536,408.842,0.999374,20.669,20.51,20.296,1.0,1.0,1.0,5.984,15.205,27.689,1.0,0.91365,0.879838,0.381738,1.0,22.8677,0.998691,24.7406,0.112244,62.9047,0.999658,68.0567,0.166508,0.9963,1,22.9481,24.9973,53.1963,55.6686,0.969661,0.966758,1.39838,1.37783,20.5546,17.8719,54.2971,57.1447,0.968978,0.964936,1.3929,1.37416,20.5542,17.8716,52.6935,57.0747,0.963046,0.956586,2.82078,2.5022,19.18,30.0454,38.7934,53.1963,66.9051,71.0592,77.1646,26.4964,37.9333,47.2891,56.2484,69.8416,73.5706,79.0236,0.991746,0.98742,0.982297,0.969661,0.954975,0.947575,0.91826,0.989356,0.98224,0.97911,0.965904,0.95025,0.934597,0.876935,0.610415,0.617106,0.205663,0.199567,0.984922,0.982351,0.00438126,0.00429394,0.0837904,0.0712465,-0.201208,-0.195307,0.714093,0.711712,0.956623,0.953304,0.00580444,0.00573373,0.0291986,0.0269409,0.613742,0.620943,0.203323,0.197872,0.984347,0.980313,0.00436304,0.00426491,0.0837894,0.0712448,-0.198749,-0.190649,0.713799,0.71138,0.95573,0.952074,0.00578238,0.0057298,0.0291943,0.0269401,0.446433,0.506359,0.544777,0.610415,0.660637,0.67371,0.698188,0.486114,0.539759,0.580148,0.618,0.670732,0.681994,0.710507,0.999899,0.997777,0.994558,0.984922,0.970192,0.960989,0.918417,0.999595,0.994558,0.99405,0.984347,0.96463,0.942734,0.780627,-0.228151,-0.224364,-0.21502,-0.200451,-0.17741,-0.167133,-0.158939,-0.226397,-0.215373,-0.206303,-0.192471,-0.171545,-0.162726,-0.159022,0.982116,0.978309,0.971675,0.957812,0.94234,0.933837,0.901921,0.979463,0.971574,0.959124,0.952367,0.938031,0.927778,0.901726,245.378,259.635,255.693,4.27794,205.031,220.356,238.077,251.073,278.264,283.189,289.535,239.219,248.244,248.189,4.87589,189.953,211.464,222.481,248.739,274.142,280.274,290.451,194.691,202.49,198.618,1.79769,178.534,182.422,190.788,198.823,207.701,209.549,213.517,195.25,193.947,195.495,2.07068,170.773,180.53,183.688,194.642,207.237,209.225,213.287,238.212,233.371,245.405,2.33538,216.407,232.162,234.463,243.809,253.992,260.093,266.564,241.222,241.295,240.343,2.84437,203.587,222.28,230.722,240.228,253.658,259.37,264.149,209.685,210.02,211.378,0.912238,198.767,206.481,208.586,211.1,215.124,216.293,219.476,210.891,209.276,208.924,1.07427,192.911,201.24,205.575,209.56,214.226,215.392,216.26,-9999,-9999
2021,17.869,1.0,15.702,1.97,1.0,19.831,2.992,1.0,17.662,15.311,2.502,19.817,3.677,17.869,1.0,15.702,1.97,1.0,19.831,2.992,1.0,239.678,1.0,244.689,239.678,1.0,308.932,1.0,305.152,308.932,1.0,321.131,1.0,318.768,321.131,1.0,15.389,1.0,15.024,15.389,1.0,84.912,84.645,0.997089,357.293,286.004,1.0,3.321,3.533,0.982877,0.2845446685333381,0.9803082191780822,92.99336460083198,0.9996575342465753,484.7035097556836,0.9999429223744293,59.9573783463748,0.9944634703196348,36.78068896668522,0.9996575342465753,416.02417999213935,0.9996575342465753,410.441,0.999543,20.655,20.541,20.398,1.0,1.0,1.0,4.588,11.681,26.311,1.0,1.0,1.0,-0.0183313,1.0,20.0111,0.998402,23.0336,0.138104,60.7838,0.99903,69.9647,0.177246,0.996347,1,22.9425,25.0329,14.1773,14.6786,0.97637,0.97637,2.05511,2.0552,14.796,13.7114,14.3991,13.998,0.97597,0.974943,2.05756,2.05685,14.7963,13.7117,14.6955,17.2132,0.969316,0.964055,2.07993,2.26309,-5.27269,-2.57943,4.00753,14.1773,25.1534,26.7257,31.0561,-4.2771,0.959613,6.08372,14.4861,25.3703,28.0727,41.8819,0.99492,0.992352,0.989897,0.97637,0.959418,0.958505,0.921461,0.992979,0.991153,0.987614,0.977454,0.95879,0.940011,0.900571,0.465625,0.468548,0.211526,0.211835,0.992317,0.992317,0.00503476,0.00501677,0.0674894,0.0623237,-0.300533,-0.300418,0.86919,0.869494,0.962403,0.962403,0.00931853,0.00932718,0.0178854,0.0158187,0.466473,0.462952,0.211951,0.212035,0.992061,0.99092,0.00504498,0.00503624,0.0674902,0.0623253,-0.300073,-0.299436,0.868793,0.867517,0.961883,0.961055,0.00932771,0.00932769,0.0178902,0.015819,0.383725,0.39517,0.421053,0.463455,0.52134,0.529772,0.533718,0.385277,0.407617,0.430877,0.465751,0.522897,0.53186,0.552659,0.999863,0.999863,0.998767,0.992454,0.973613,0.973096,0.973096,0.999863,0.999644,0.997899,0.992061,0.969973,0.92158,0.897803,-0.327625,-0.324064,-0.314676,-0.299863,-0.294834,-0.293532,-0.277561,-0.324247,-0.317541,-0.311009,-0.299373,-0.294316,-0.291988,-0.243574,0.990999,0.986702,0.981772,0.940196,0.942408,0.930471,0.918772,0.986812,0.983675,0.979253,0.940379,0.957788,0.956357,0.904284,196.82,209.469,204.178,3.54364,164.263,174.096,187.228,211.046,221.793,225.372,229.097,190.171,212.683,200.254,3.75695,161.664,168.636,181.129,207.754,220.711,222.981,226.854,188.48,195.471,187.976,1.75039,168.54,173.136,180.509,191.033,194.268,199.701,203.958,180.256,198.284,186.422,1.98258,166.937,170.729,176.977,190.159,195.042,198.869,203.382,235.066,234.443,246.816,3.97696,221.291,224.219,230.637,237.602,251.777,275.099,306.141,243.001,241.919,247.353,4.17045,220.035,226.533,232.617,238.473,261.576,270.606,280.035,223.487,220.794,229.78,2.2075,219.682,220.099,221.052,223.927,229.463,243.261,259.413,220.552,222.818,229.867,2.10485,217.856,220.043,221.02,224.459,235.037,243.903,250.782,-9999,-9999
