141,0.5,11.13,-1.4857,0.98679,2.6538,421.68,100.94,0.22618,16.637,0.31987,0.33679
141,1,10.53,-3.3143,1.0134,1.4397,432.56,100.92,0.11471,16.66,0.32025,0.24674
141,1.5,10.4,-1.0286,1.0171,2.1681,427.8,100.9,0.15062,16.673,0.32056,0.12065
141,2,11.34,-0.28571,1.0018,4.0628,418.25,100.89,0.32356,16.65,0.32095,0.2462
141,2.5,11.35,-1.1429,1.0135,4.0178,416.05,100.9,0.32274,16.65,0.32133,0.25653
141,3,11.05,-1.1429,1.0195,1.3724,423.54,100.92,0.11501,16.667,0.32165,0.31236
141,3.5,11.04,-0.45714,1.0206,2.1006,422.51,100.91,0.18567,16.667,0.32197,0.39415
141,4,11.1,-0.91429,1.038,2.5576,422.71,100.91,0.2041,16.667,0.32222,0.24862
141,4.5,10.98,-1.6,1.0193,2.4743,420.47,100.9,0.23328,16.67,0.32248,0.51192
141,5,10.78,-0.28571,0.9963,1.9037,423.3,100.91,0.13601,16.67,0.32286,0.14095
141,5.5,10.41,15.314,1.0216,2.5978,424.06,100.92,0.21268,16.667,0.32305,0.28053
141,6,11.04,80.971,1.02,3.4162,418.03,100.93,0.31257,16.643,0.32337,0.45463
141,6.5,11.43,174.97,1.0181,3.8516,413.84,100.91,0.35427,16.62,0.32363,0.4644
141,7,11.76,301.77,1.0088,4.2966,411.69,100.9,0.36306,16.61,0.32375,0.32413
141,7.5,12.33,275.31,1.0256,3.5364,410.89,100.91,0.34603,16.587,0.32395,0.589
141,8,12.56,351.26,1.0295,3.6065,409.76,100.91,0.32987,16.603,0.3242,0.45402
141,8.5,12.34,216.4,1.0136,3.0749,410.83,100.91,0.27396,16.613,0.3242,0.40761
141,9,12.81,301.26,1.0494,3.0899,408.32,100.91,0.32435,16.603,0.3242,0.75324
141,9.5,13.79,605.71,1.083,5.4645,407.15,100.9,0.50851,16.573,0.32427,0.48638
141,10,14.36,821.14,1.1004,5.5584,412.61,100.87,0.5407,16.553,0.32414,0.57633
141,10.5,12.46,247.66,1.0801,4.9147,415.94,100.89,0.44643,16.637,0.32407,0.44148
141,11,13.43,889.14,1.1704,4.6655,402.75,100.88,0.45393,16.573,0.32414,0.57678
141,11.5,14.9,982.86,1.155,6.0705,403.16,100.83,0.60148,16.533,0.32414,0.61654
141,12,14.43,653.71,1.1366,6.4111,406.89,100.82,0.63416,16.577,0.32407,0.61277
141,12.5,14.42,797.71,1.1281,6.6246,402.64,100.79,0.58958,16.593,0.32407,0.40577
141,13,15.56,924.57,1.1134,7.1638,404.42,100.74,0.73761,16.533,0.32414,0.70574
141,13.5,14.17,392.06,1.0758,7.1835,409.39,100.72,0.65912,16.587,0.32388,0.45982
141,14,15.45,999.43,1.1259,8.041,404.81,100.67,0.71648,16.543,0.32414,0.40775
141,14.5,15.15,597.71,1.0681,8.7522,406.04,100.64,0.84292,16.537,0.32414,0.55523
141,15,15.56,820,1.0681,9.071,405.81,100.61,0.83811,16.54,0.32407,0.4728
141,15.5,15.37,692.57,1.0597,8.9165,404.8,100.59,0.85514,16.543,0.32401,0.54647
141,16,14.94,522.29,1.0582,9.0147,405.18,100.54,0.85511,16.567,0.32395,0.52404
141,16.5,14.74,484.57,1.0528,10.145,405.78,100.49,0.88669,16.563,0.32407,0.37574
141,17,14.72,439.54,1.0403,9.6369,404.52,100.47,0.85781,16.57,0.32407,0.40603
141,17.5,14.35,330.4,1.0296,9.2435,404.47,100.49,0.83837,16.577,0.32407,0.43875
141,18,13.88,233.77,1.0351,8.5243,404.66,100.48,0.74667,16.583,0.32414,0.37933
141,18.5,13.39,135.77,1.035,7.8088,405.19,100.48,0.72957,16.59,0.32427,0.49408
141,19,12.77,53.6,1.0359,7.2273,406.12,100.48,0.67467,16.593,0.32459,0.49243
141,19.5,12.06,4.3429,1.0412,5.9848,407.41,100.52,0.55417,16.607,0.32465,0.47691
141,20,11.69,-3.0286,1.0375,5.843,406.97,100.53,0.55307,16.607,0.32471,0.51978
141,20.5,11.77,-1.9429,1.0346,5.9439,406.8,100.55,0.54435,16.6,0.32491,0.45633
141,21,11.85,-1.6,1.0293,5.1437,408.28,100.57,0.46723,16.59,0.3251,0.44147
141,21.5,11.72,-1.7143,1.0396,5.0871,408.55,100.58,0.46798,16.603,0.3251,0.46467
141,22,11.61,-2.2286,1.0252,5.8455,407.85,100.58,0.53669,16.617,0.3251,0.46102
141,22.5,11.6,-0.97143,1.0303,5.8273,407.98,100.58,0.5861,16.623,0.3251,0.65047
141,23,11.46,-1.4286,1.027,5.6138,408.07,100.57,0.56827,16.627,0.32529,0.66539
141,23.5,11.39,-1.0286,1.0326,5.4072,408.31,100.55,0.53287,16.637,0.32542,0.60454
141,24,11.28,-1.2,1.0392,5.3505,408.67,100.53,0.49877,16.643,0.32555,0.48973
142,0.5,11.05,-2.1714,1.049,4.727,409.64,100.51,0.44378,16.65,0.32555,0.50348
142,1,10.55,-2.1714,1.0643,4.4515,410,100.5,0.42628,16.667,0.32555,0.54339
142,1.5,10.36,-1.8286,1.0559,3.5076,410,100.5,0.34062,16.663,0.32555,0.57271
142,2,10.17,-1.2571,1.0463,3.2307,410,100.49,0.29257,16.66,0.32561,0.43602
142,2.5,9.94,-1.0857,1.0425,2.0894,561.88,100.49,0.19499,16.66,0.32574,0.49191
142,3,10,-1.0286,1.0467,2.7403,410,100.49,0.27855,16.66,0.32587,0.67517
142,3.5,9.88,-1.4286,1.0481,2.0533,410,100.5,0.19649,16.653,0.326,0.54192
142,4,9.37,-3.1429,1.0293,0.94422,410,100.5,0.061984,16.667,0.326,0.086766
142,4.5,8.65,-2.8,0.9872,1.7777,410,100.5,0.12461,16.677,0.326,0.12689
142,5,8.25,-1.2571,0.96734,1.7009,410,100.51,0.037804,16.667,0.32606,5.9564e-07
142,5.5,7.983,11.829,0.95958,1.3416,434.64,100.53,0.046585,16.667,0.32606,0.0003873
142,6,9.09,108,1.0135,1.5745,447,100.57,0.10618,16.627,0.32606,0.10175
142,6.5,9.57,208.63,1.0289,2.5978,434.73,100.58,0.23732,16.57,0.32606,0.45183
142,7,9.77,281.66,1.0634,3.5739,430.14,100.6,0.3075,16.567,0.326,0.3511
142,7.5,9.68,218.69,1.0834,3.7717,411.58,100.62,0.29993,16.577,0.326,0.24443
142,8,10.39,304,1.1147,3.9016,405.68,100.63,0.33932,16.57,0.326,0.36786
142,8.5,11.5,465.71,1.1377,3.7499,404.01,100.63,0.33623,16.547,0.32606,0.41849
142,9,12.87,606.86,1.1508,3.9114,400.67,100.61,0.36774,16.527,0.326,0.50634
142,9.5,13.97,705.71,1.1172,4.4934,399.15,100.59,0.36393,16.52,0.32587,0.26677
142,10,14.44,730.86,1.1112,4.1564,398.06,100.59,0.34682,16.527,0.32587,0.30627
142,10.5,15.46,928.57,1.1356,3.7783,398.98,100.56,0.36901,16.53,0.32568,0.58495
142,11,16.01,856.57,1.1573,4.0455,398.5,100.55,0.32347,16.54,0.32536,0.25096
142,11.5,16.87,989.71,1.1645,4.6678,398.84,100.52,0.37417,16.533,0.32516,0.254
142,12,17.82,979.43,1.1877,4.2322,398.42,100.5,0.34906,16.52,0.32497,0.29037
142,12.5,18.38,924.57,1.1799,4.6784,399.32,100.49,0.38718,16.493,0.32452,0.29495
142,13,19.04,886.86,1.1007,5.2592,398.36,100.46,0.41985,16.487,0.32439,0.24907
142,13.5,19.98,957.71,1.0839,5.832,398.22,100.45,0.44367,16.47,0.32407,0.19629
142,14,20.73,964,1.0424,5.6266,396.92,100.43,0.49646,16.46,0.32369,0.3913
142,14.5,20.49,576.57,1.004,5.1076,396.78,100.4,0.39236,16.473,0.32363,0.20619
142,15,21.2,665.14,1.0166,4.8043,395.82,100.36,0.36762,16.473,0.32343,0.20216
142,15.5,21.06,414.69,1.0032,4.1641,394.04,100.32,0.31071,16.473,0.32324,0.17768
142,16,20.84,410.23,1.0335,4.4348,393.17,100.31,0.36156,16.49,0.32318,0.27514
142,16.5,21.21,485.71,0.99458,4.8371,394.74,100.3,0.36158,16.483,0.32324,0.17937
142,17,21.26,321.31,0.98021,4.2554,397.43,100.29,0.34134,16.48,0.32318,0.2548
142,17.5,20.26,184.74,1.034,3.4607,398.71,100.29,0.24374,16.527,0.32331,0.13027
142,18,19.27,110.51,1.0864,2.8943,402.57,100.3,0.18454,16.55,0.32363,0.072639
142,18.5,18.25,85.314,1.2405,3.154,407.82,100.3,0.26932,16.553,0.32363,0.33957
142,19,17.68,58.571,1.2249,2.9996,412.31,100.31,0.26312,16.577,0.32369,0.38165
142,19.5,16.73,10,1.2086,2.4468,420.63,100.33,0.19537,16.59,0.32395,0.24929
142,20,15.5,-3.4857,1.2083,1.8893,431.23,100.34,0.094683,16.623,0.32407,0.013297
142,20.5,14.84,-2.9714,1.2047,1.9233,432.89,100.35,0.10175,16.613,0.32414,0.020226
142,21,14.87,-1.0286,1.2345,2.1219,431.49,100.33,0.14956,16.603,0.3242,0.13084
142,21.5,15.5,-2.3429,1.2437,2.8499,425.34,100.31,0.24234,16.6,0.32427,0.33338
142,22,15.43,-1.6571,1.2504,2.8722,424.38,100.3,0.2655,16.613,0.32433,0.47363
142,22.5,15.7,-2.4571,1.258,3.617,421.73,100.26,0.34232,16.623,0.32446,0.51946
142,23,15.64,-2.6857,1.2464,3.813,419.45,100.26,0.3721,16.65,0.32446,0.58314
142,23.5,15.63,-1.6571,1.2603,3.9371,419.69,100.26,0.37096,16.657,0.32459,0.51059
142,24,14.68,-3.4857,1.2649,3.1817,422.22,100.27,0.29778,16.693,0.32446,0.49742
143,0.5,14.1,-3.2571,1.2609,2.7219,423,100.26,0.24417,16.72,0.32459,0.41935
143,1,13.71,-3.0286,1.2571,2.5294,420.57,100.26,0.22941,16.73,0.32459,0.43872
143,1.5,13.39,-3.2,1.2512,1.7614,425.85,100.24,0.14826,16.74,0.32465,0.31858
143,2,13.26,-2,1.2223,2.2323,427.06,100.22,0.20843,16.74,0.32465,0.49284
143,2.5,13.27,-2.0571,1.2058,2.0334,432.62,100.22,0.14635,16.743,0.32465,0.14674
143,3,13.58,-1.8286,1.18,2.1916,427.51,100.23,0.19215,16.753,0.32465,0.38082
143,3.5,13.63,-2.1714,1.1677,2.5901,425.85,100.24,0.21486,16.757,0.32459,0.29816
143,4,13.57,-3.5429,1.1367,2.1407,430.9,100.25,0.13579,16.767,0.32465,0.070329
143,4.5,11.84,-3.4857,1.1552,1.9868,441.65,100.25,0.14064,16.797,0.32465,0.13394
143,5,11.74,-0.85714,1.1765,1.956,435.79,100.26,0.17674,16.79,0.32465,0.43206
143,5.5,11.94,16.114,1.1894,2.3779,429.97,100.27,0.22646,16.78,0.32459,0.53205
143,6,12.52,52.057,1.2037,2.5459,423.25,100.28,0.21611,16.773,0.32459,0.33074
143,6.5,13.15,85.257,1.2272,2.4653,417.07,100.29,0.22888,16.767,0.32459,0.48194
143,7,13.93,121.26,1.2433,2.7897,412.08,100.3,0.27092,16.757,0.32446,0.57281
143,7.5,14.9,306.91,1.2728,2.9247,406.51,100.33,0.29548,16.753,0.32433,0.66081
143,8,16.78,505.14,1.3043,3.6687,403.25,100.35,0.4538,16.71,0.32414,1.2197
143,8.5,17.99,605.71,1.2373,3.408,400.85,100.37,0.38498,16.74,0.32388,0.94895
143,9,19.02,685.71,1.2442,2.9032,399.98,100.39,0.2946,16.767,0.32356,0.67107
143,9.5,18.65,428.97,1.2259,2.7102,399.89,100.41,0.1968,16.82,0.32331,0.15392
143,10,19.64,720.57,1.2201,2.254,396.82,100.41,0.23821,16.763,0.32318,0.77032
143,10.5,20.28,768.57,1.167,2.7839,399.06,100.41,0.23876,16.823,0.32273,0.3462
143,11,20.48,772,1.1343,0.89645,400.34,100.42,0.25294,16.78,0.32235,3.6356
143,11.5,21.49,984.57,1.1693,1.5041,402.02,100.43,0.22959,16.757,0.32203,1.9172
143,12,21.92,1006.9,1.1711,1.751,401.91,100.43,0.29302,16.767,0.32152,2.2265
143,12.5,22.22,1011.4,1.2096,2.5368,403.6,100.43,0.24618,16.79,0.32107,0.57119
143,13,22.53,1024.6,1.2533,2.8843,402.9,100.43,0.26873,16.807,0.32063,0.4887
143,13.5,22.82,993.71,1.2253,2.4914,402.13,100.43,0.30378,16.797,0.32018,1.175
143,14,22.38,794.29,1.2325,3.089,399.67,100.43,0.32111,16.837,0.31987,0.72903
143,14.5,22.8,737.14,1.2849,3.0295,399.45,100.44,0.29883,16.81,0.31961,0.60661
143,15,22.05,366.86,1.2734,2.647,401.6,100.45,0.21941,16.87,0.31936,0.2971
143,15.5,21.09,164.4,1.3672,1.7094,404.79,100.45,0.11231,16.827,0.31948,0.087181
143,16,21.17,342.46,1.4083,1.8008,400.45,100.47,0.15076,16.82,0.31967,0.31085
143,16.5,22.7,359.37,1.2801,1.058,404.27,100.48,0.13844,16.763,0.31967,1.3997
143,17,22.52,188.34,1.225,0.79889,405.84,100.49,0.11763,16.837,0.31955,1.7949
143,17.5,22.66,337.71,1.384,1.2943,401.76,100.5,0.12027,16.82,0.31955,0.48352
143,18,22.36,150,1.2785,0.604,408.06,100.53,0.18196,16.86,0.31936,3.7599
143,18.5,19.85,31.829,1.3227,1.4897,411.22,100.61,0.13498,16.937,0.31936,0.43693
143,19,19.32,21.314,1.3139,1.5974,412.43,100.69,0.1687,16.95,0.31942,0.76848
143,19.5,18.24,4.5714,1.4018,0.88063,454.11,100.73,0.13106,16.967,0.31948,1.8312
143,20,17.2,-3.7143,1.4168,1.5831,432.82,100.77,0.082555,17.013,0.31967,0.018133
143,20.5,16.43,-3.1429,1.4498,0.71663,447.81,100.81,0.12657,17.03,0.31974,2.4031
143,21,15.17,-3.8857,1.392,1.8089,462.01,100.86,0.12801,17.04,0.3198,0.13377
143,21.5,14.08,-3.2,1.3038,2.2792,429.25,100.88,0.18883,17.047,0.31987,0.2964
143,22,13.62,-3.2,1.2763,1.6647,426.92,100.91,0.14137,17.06,0.31987,0.33149
143,22.5,13.48,-2.9143,1.2709,1.2292,428.16,100.95,0.060465,17.083,0.3198,0.011446
143,23,13.58,-2.9143,1.2605,1.1062,426.32,100.98,0.072411,17.11,0.3198,0.085309
143,23.5,12.94,-3.3143,1.2462,0.18682,451.23,101.01,0.084541,17.133,0.31961,4.3235
143,24,12.5,-2.7429,1.2297,0.63015,493.29,101.03,0.077114,17.157,0.31955,1.1863
144,0.5,11.73,-2.5143,1.1964,1.7384,489.75,101.06,0.062726,17.157,0.31955,0.00059766
144,1,11.57,-2.8,1.1593,1.9382,456.6,101.07,0.07461,17.177,0.31955,0.0011972
144,1.5,11.18,-2.9714,1.1642,2.205,432.11,101.09,0.081717,17.19,0.31955,0.00080088
144,2,11.22,-2.8571,1.1767,1.0735,432.6,101.09,0.09656,17.2,0.31955,0.42401
144,2.5,11.1,-3.0286,1.1647,1.9783,419.23,101.12,0.16378,17.22,0.31955,0.29548
144,3,11.32,-3.3143,1.1778,1.789,413.55,101.11,0.17437,17.223,0.31942,0.58059
144,3.5,11.17,-3.3714,1.1661,1.6913,413.29,101.12,0.17042,17.243,0.31923,0.65476
144,4,11.21,-3.3714,1.1612,2.3733,410.53,101.15,0.23482,17.247,0.3191,0.61337
144,4.5,11,-3.3714,1.1517,2.0944,410.82,101.15,0.18313,17.257,0.3191,0.37647
144,5,10.98,1.2,1.1463,2.3899,409.81,101.15,0.22899,17.257,0.3191,0.54453
144,5.5,11.14,38.743,1.1426,2.3783,409.08,101.17,0.22441,17.257,0.3191,0.51349
144,6,11.95,121.94,1.1776,2.5948,403.83,101.19,0.24013,17.237,0.31904,0.47581
144,6.5,12.67,199.37,1.1966,3.7799,400.39,101.21,0.36767,17.223,0.31904,0.57617
144,7,13.23,306.63,1.2026,4.0852,398.78,101.22,0.44114,17.217,0.31904,0.82589
144,7.5,13.76,408.91,1.2081,3.9188,397.81,101.22,0.43717,17.213,0.31885,0.91389
144,8,14.34,507.43,1.2196,3.9503,399.04,101.23,0.41603,17.207,0.31853,0.76147
144,8.5,14.79,609.14,1.2164,3.4758,399.12,101.24,0.38069,17.213,0.31815,0.8637
144,9,15.47,692,1.2425,2.8272,397.66,101.23,0.32717,17.223,0.3179,1.0181
144,9.5,16.1,777.71,1.2529,2.3196,398.04,101.22,0.30454,17.227,0.31758,1.4108
144,10,16.63,843.43,1.2549,2.3243,398.18,101.23,0.2476,17.213,0.3172,0.79053
144,10.5,17.22,896,1.2868,2.2978,396.38,101.22,0.34387,17.2,0.31695,1.85
144,11,17.76,936.57,1.2996,2.2424,397.32,101.22,0.29185,17.203,0.31664,1.3823
144,11.5,18.3,972.57,1.3243,2.2982,396.28,101.2,0.25574,17.197,0.31632,0.90701
144,12,18.9,986.86,1.3554,2.379,395.27,101.16,0.23269,17.187,0.31594,0.58803
144,12.5,19.28,989.71,1.3573,2.3518,395.95,101.12,0.20532,17.18,0.31563,0.37394
144,13,19.6,975.43,1.3837,2.3558,395.35,101.09,0.24854,17.173,0.31531,0.76586
144,13.5,20.05,950.29,1.398,2.1831,393.43,101.05,0.29729,17.163,0.315,1.5316
144,14,20.5,912.57,1.3941,2.0781,394.13,101.01,0.25233,17.153,0.31462,1.1622
144,14.5,20.94,861.14,1.3915,2.1528,394.56,100.95,0.14606,17.143,0.31449,0.10542
144,15,21.54,776,1.4229,2.3244,392.9,100.89,0.23024,17.143,0.31418,0.61582
144,15.5,22.01,720.57,1.4314,2.2482,393.13,100.84,0.23894,17.153,0.31399,0.7847
144,16,22.29,620,1.4124,2.4682,391.45,100.82,0.28001,17.167,0.31374,0.96092
144,16.5,21.9,443.49,1.3558,2.7708,394.48,100.79,0.23821,17.19,0.31374,0.34988
144,17,20.91,382.86,1.3521,3.2877,394.18,100.77,0.3112,17.23,0.31368,0.5198
144,17.5,20.9,333.49,1.3711,3.5051,394.52,100.77,0.33767,17.217,0.31355,0.55578
144,18,19.81,247.2,1.3051,4.4901,396.49,100.77,0.43749,17.247,0.31349,0.57981
144,18.5,18.44,108.23,1.2433,4.4706,400.2,100.78,0.44303,17.277,0.31343,0.61689
144,19,16.12,21.943,1.2151,5.0223,402.08,100.79,0.49968,17.323,0.31343,0.62575
144,19.5,15.32,4.3429,1.2451,5.2148,403.35,100.78,0.49067,17.34,0.31355,0.5079
144,20,15.03,-2.5143,1.2142,4.2572,405.92,100.78,0.43498,17.323,0.31361,0.68731
144,20.5,14.76,-3.3714,1.1733,3.2502,407.55,100.79,0.33615,17.33,0.31368,0.71658
144,21,14.21,-3.4286,1.1637,3.2483,411.9,100.82,0.32303,17.343,0.31368,0.6247
144,21.5,13.03,-3.6,1.1873,3.1167,411.5,100.82,0.30601,17.367,0.31361,0.59641
144,22,12.51,-3.6,1.1986,2.5751,412.96,100.79,0.24908,17.387,0.31349,0.56427
144,22.5,12.03,-3.8857,1.1852,1.8203,418.27,100.76,0.12958,17.41,0.31349,0.13821
144,23,11.27,-3.9429,1.1445,1.0895,431.37,100.73,0.062497,17.437,0.31349,0.036302
144,23.5,10.84,-3.4857,1.1305,1.1741,439.31,100.71,0.13588,17.453,0.31349,1.0183
144,24,10.33,-3.1429,1.1052,1.3797,448.29,100.71,0.11849,17.467,0.31349,0.34834
145,0.5,11.01,-3.3143,1.1591,0.37303,420.53,100.67,0.059535,17.48,0.31324,2.068
145,1,10.12,-2.8571,1.1059,0.65123,434.97,100.66,0.0448,17.503,0.31317,0.11412
145,1.5,9.71,-3.1429,1.0856,1.2925,465.79,100.62,0.059575,17.503,0.31317,0.0066329
145,2,9.95,-2.2286,1.1093,1.7026,421.15,100.6,0.053177,17.503,0.31317,0.00010688
145,2.5,9.38,-3.0286,1.0629,1.3434,428.62,100.56,0.10483,17.513,0.31317,0.2229
145,3,9.68,-2.7429,1.0942,1.6147,400.91,100.51,0.091383,17.517,0.31305,0.033045
145,3.5,9.77,-3.1429,1.1069,0.090056,394.63,100.49,0.13503,17.533,0.31286,4.9331
145,4,9.51,-3.0857,1.0925,0.67816,410,100.46,0.087705,17.543,0.3128,1.3617
145,4.5,8.35,-3.3143,1.0036,1.5822,447.52,100.51,0.078281,17.54,0.31274,0.011996
145,5,8.72,-0.51429,1.0358,0.57703,410,100.52,0.067844,17.54,0.31274,1.0648
145,5.5,8.23,32.343,1.002,0.66697,410,100.53,0.047862,17.54,0.31255,0.14439
145,6,9.91,110.86,1.0685,0.80609,425.8,100.54,0.15954,17.487,0.31236,2.7569
145,6.5,11.47,198.86,1.1192,1.801,412.36,100.55,0.15641,17.437,0.3123,0.36565
145,7,12.54,304.46,1.1198,2.5332,399.16,100.56,0.24592,17.43,0.31223,0.57201
145,7.5,13.12,436.69,1.0779,2.5679,397.29,100.57,0.25398,17.44,0.31217,0.61257
145,8,13.58,540.57,1.0628,2.6139,398.02,100.6,0.27095,17.437,0.31205,0.7221
145,8.5,14.31,637.71,1.0456,1.9249,397.74,100.6,0.21464,17.423,0.31167,0.91264
145,9,14.95,730.29,1.0762,2.7986,396.95,100.59,0.23961,17.42,0.31136,0.34361
145,9.5,15.48,818.86,1.0906,2.4921,397.03,100.58,0.2261,17.437,0.31105,0.43934
145,10,16.17,860,1.1307,2.2868,395.21,100.59,0.27826,17.417,0.3108,1.1687
145,10.5,16.38,888,1.1524,2.2381,396.89,100.59,0.30388,17.4,0.31036,1.5217
145,11,16.38,759.43,1.2263,2.6713,399.25,100.59,0.27186,17.397,0.31017,0.67786
145,11.5,16.48,708,1.2343,2.3767,398.06,100.58,0.2666,17.39,0.30992,0.92926
145,12,17.14,829.14,1.2504,2.6957,397.3,100.57,0.2888,17.363,0.30961,0.80528
145,12.5,17.7,958.29,1.2698,3.0632,396.24,100.55,0.37305,17.343,0.30943,1.1714
145,13,17.73,708.57,1.259,2.9149,398.34,100.52,0.29633,17.337,0.30912,0.67537
145,13.5,18.41,962.86,1.295,3.4146,396.76,100.5,0.38464,17.313,0.30887,0.94099
145,14,18.92,740,1.2959,2.7846,397.43,100.48,0.31292,17.297,0.30868,0.93425
145,14.5,19.4,766.86,1.2632,3.0238,397.74,100.45,0.33318,17.29,0.30856,0.87991
145,15,20.2,759.43,1.2807,2.2565,397.79,100.43,0.22799,17.267,0.30825,0.661
145,15.5,20.79,729.14,1.2978,1.8618,396.08,100.39,0.22496,17.257,0.30794,1.1472
145,16,21.04,637.14,1.2454,1.9454,397.21,100.35,0.24735,17.263,0.30781,1.3067
145,16.5,20.89,541.71,1.1784,2.4944,397.22,100.33,0.24218,17.28,0.30763,0.57222
145,17,20.62,444.91,1.1704,3.3115,397.81,100.32,0.32438,17.297,0.30744,0.59137
145,17.5,19.74,298.57,1.1941,4.3815,401.8,100.3,0.42582,17.32,0.30744,0.57434
145,18,18.84,213.26,1.1896,4.6257,403.55,100.29,0.43882,17.333,0.30744,0.52422
145,18.5,18.03,123.26,1.171,4.8023,406.75,100.29,0.47149,17.34,0.30738,0.59636
145,19,16.72,48.571,1.1303,4.6752,410.26,100.3,0.43939,17.357,0.30744,0.50561
145,19.5,15.07,5.3143,1.0984,4.1753,412.11,100.29,0.39839,17.383,0.30744,0.53596
145,20,13.84,-3.3143,1.0822,3.0521,414.47,100.29,0.29354,17.373,0.3075,0.55231
145,20.5,13.16,-3.0286,1.062,2.9824,415.25,100.31,0.28525,17.367,0.3075,0.54082
145,21,12.8,-2.4,1.0415,2.9945,413.36,100.31,0.26136,17.363,0.30756,0.37353
145,21.5,12.92,-1.6571,1.0637,4.2059,407.64,100.29,0.38733,17.36,0.30756,0.46664
145,22,12.75,-2.4,1.0511,3.7738,408.39,100.27,0.32049,17.363,0.3075,0.33147
145,22.5,12.45,-1.5429,1.0712,3.3682,408.7,100.25,0.3209,17.383,0.30725,0.53293
145,23,12.53,-1.6571,1.0475,5.1646,406.3,100.21,0.4411,17.39,0.30713,0.3399
145,23.5,12.57,-1.6,1.0243,6.4911,405.17,100.19,0.59061,17.4,0.30713,0.44449
145,24,12.33,-1.6,1.0087,5.8721,404.47,100.19,0.50116,17.413,0.30713,0.33883
146,0.5,12.22,-1.5429,1.0123,5.1048,404.11,100.16,0.46082,17.423,0.30713,0.43037
146,1,12.29,-1.4286,1.0261,4.3993,404.07,100.18,0.39041,17.433,0.30713,0.40089
146,1.5,12.31,-2.2857,1.0393,4.03,412.56,100.18,0.32009,17.437,0.30707,0.24304
146,2,11.67,-4.4571,1.0719,4.0134,443.93,100.18,0.34319,17.46,0.30688,0.34169
146,2.5,11.34,-4.0571,1.0559,4.6955,469.42,100.19,0.39019,17.46,0.30682,0.30051
146,3,10.89,-3.1429,1.0243,5.1225,410,100.2,0.49719,17.463,0.3067,0.57157
146,3.5,10.54,-2.2286,0.98622,5.286,410,100.18,0.46472,17.463,0.30676,0.3853
146,4,10.35,-2.9143,0.95219,5.3713,464.23,100.2,0.49563,17.463,0.30676,0.47035
146,4.5,10.13,-3.8857,0.93124,5.5992,416.49,100.2,0.48604,17.467,0.3067,0.36487
146,5,9.97,-0.62857,0.90907,6.804,418.55,100.22,0.62114,17.457,0.30657,0.45051
146,5.5,9.61,19.314,0.89313,6.7663,407.31,100.25,0.58769,17.457,0.30633,0.36579
146,6,9.92,87.086,0.89395,5.9656,405.22,100.31,0.54036,17.44,0.30633,0.43642
146,6.5,10.17,94.857,0.8924,5.1114,405.17,100.36,0.50956,17.423,0.30633,0.63027
146,7,10.43,134.06,0.87596,4.7298,404.6,100.41,0.51691,17.417,0.30614,0.85786
146,7.5,10.6,194.74,0.87241,6.4212,402.89,100.42,0.56016,17.407,0.30589,0.37277
146,8,11.37,418.17,0.90341,6.0872,400.28,100.44,0.63193,17.383,0.30577,0.72576
146,8.5,12.02,520,0.88186,6.7462,401,100.46,0.66467,17.357,0.30546,0.60402
146,9,12.47,662.29,0.86485,6.5029,399.31,100.47,0.65301,17.363,0.30528,0.64681
146,9.5,12.38,520,0.8425,6.2744,399,100.48,0.61699,17.373,0.30503,0.59977
146,10,13.1,694.86,0.86001,5.7257,397.23,100.51,0.56992,17.347,0.30466,0.62679
146,10.5,13.48,660,0.85365,5.4376,396.98,100.53,0.5553,17.337,0.30435,0.68613
146,11,13.9,772.57,0.86158,5.3779,397.11,100.55,0.51645,17.323,0.3041,0.54919
146,11.5,14.13,764,0.85182,5.0982,396.84,100.57,0.48682,17.313,0.30367,0.53754
146,12,14.51,807.43,0.88442,5.1311,396.18,100.6,0.51435,17.307,0.30324,0.64281
146,12.5,13.82,485.71,0.89374,5.1712,396.79,100.64,0.50088,17.32,0.303,0.5672
146,13,13.57,493.71,0.9208,5.0993,398.24,100.67,0.50152,17.31,0.30281,0.60015
146,13.5,13.16,374.4,0.93779,5.2205,416.55,100.68,0.49758,17.293,0.30288,0.53377
146,14,13.14,456.51,0.92871,5.9238,396.96,100.69,0.58987,17.27,0.30281,0.62765
146,14.5,13.79,672.57,0.94715,6.4494,395.34,100.71,0.67777,17.22,0.30251,0.75607
146,15,13.64,559.43,0.92875,5.8214,396.76,100.74,0.57502,17.22,0.30245,0.60967
146,15.5,13.96,653.14,0.93026,5.6023,396.14,100.76,0.56816,17.22,0.30208,0.66972
146,16,14.32,635.43,0.94195,4.6635,396.71,100.81,0.42372,17.193,0.30202,0.4419
146,16.5,13.87,424.11,0.95002,4.4437,398.73,100.82,0.39248,17.23,0.30202,0.39295
146,17,13.71,305.31,0.9659,3.8638,399.83,100.81,0.36119,17.227,0.30171,0.49513
146,17.5,13.44,318.4,0.94676,4.2418,399.25,100.82,0.34787,17.213,0.30165,0.28282
146,18,13.27,233.94,0.9578,3.4556,399.94,100.87,0.32362,17.2,0.30165,0.49866
146,18.5,12.77,150.51,0.95029,3.7934,401.77,100.9,0.37848,17.2,0.30165,0.63216
146,19,12.01,66.343,0.95911,2.843,404.29,100.91,0.25373,17.203,0.30165,0.4105
146,19.5,10.97,4.5714,0.94769,2.4567,410.47,100.94,0.20474,17.213,0.30171,0.30451
146,20,10.01,-3.9429,0.95081,1.8466,418.45,100.97,0.11091,17.213,0.30171,0.04957
146,20.5,9.42,-3.8857,0.95013,1.4089,430.15,101,0.036948,17.207,0.30171,9.2644e-06
146,21,9.72,-2.8,0.94816,1.1929,431.65,101.05,0.058884,17.193,0.30177,0.011773
146,21.5,9.27,-3.8857,0.92003,1.2232,437.81,101.07,0.062349,17.18,0.30183,0.015196
146,22,8.23,-3.5429,0.89741,0.79566,482.32,101.11,0.060136,17.177,0.30159,0.18985
146,22.5,8.28,-2.5143,0.92123,0.43618,448.69,101.13,0.040675,17.16,0.30141,0.49038
146,23,8.14,-2.7429,0.91576,0.56218,471.96,101.15,0.092297,17.147,0.30141,2.1628
146,23.5,8.37,-2.8,0.93347,1.3664,442.43,101.15,0.031242,17.127,0.30141,9.8518e-07
146,24,8.87,-1.8286,0.97242,1.8402,436.02,101.13,0.047617,17.113,0.30141,7.5447e-06
147,0.5,9.18,-0.97143,1.0069,0.82365,450.69,101.13,0.030756,17.08,0.30135,0.00086842
147,1,9.48,-0.74286,1.0215,0.78904,457.91,101.14,0.049865,17.083,0.3011,0.068734
147,1.5,9.42,-0.74286,1.0233,0.97278,479.97,101.13,0.051951,17.093,0.30098,0.021708
147,2,9.5,-1.3143,1.0336,0.18987,410,101.14,0.074428,17.087,0.30098,4.1603
147,2.5,9.51,-1.8857,1.0307,0.31492,410,101.14,0.026739,17.083,0.30092,0.33116
147,3,9.54,-1.2,1.0138,0.22169,410,101.14,0.041205,17.083,0.30092,2.5653
147,3.5,9.81,-1.2571,1.0214,0.82593,410,101.16,0.047197,17.06,0.30092,0.035352
147,4,9.61,-1.3143,1.0484,1.2638,474.89,101.19,0.090899,17.04,0.30073,0.1462
147,4.5,9.64,-1.3714,1.0625,1.8649,459.79,101.2,0.12366,17.02,0.30055,0.092146
147,5,9.8,-0.11429,1.0679,1.6443,440.3,101.21,0.10533,17.003,0.30049,0.074756
147,5.5,9.9,14.857,1.0678,1.819,431.74,101.22,0.12564,16.983,0.30049,0.11675
147,6,10.18,44.629,1.0545,1.7817,424.75,101.24,0.11836,16.967,0.30049,0.093139
147,6.5,10.7,120.74,1.0685,2.0564,417.03,101.25,0.22732,16.933,0.30049,0.88879
147,7,11.07,174,1.0662,2.3625,409.48,101.3,0.21348,16.913,0.30043,0.43209
147,7.5,11.55,171.6,1.0884,2.2214,406.49,101.33,0.19208,16.887,0.30043,0.35876
147,8,12.2,242.11,1.0983,1.6858,400.47,101.34,0.15459,16.873,0.30043,0.45882
147,8.5,13,347.77,1.1033,1.0492,400.89,101.36,0.10741,16.84,0.30025,0.69193
147,9,14.38,627.43,1.1439,0.74842,407.89,101.34,0.18205,16.8,0.30006,3.3113
147,9.5,15.26,821.14,1.1117,0.85898,403.11,101.33,0.21341,16.783,0.29994,3.3613
147,10,15.55,874.86,1.0925,0.74883,400.1,101.34,0.12272,16.797,0.29958,2.1569
147,10.5,16.48,958.29,1.1131,0.49055,399.99,101.34,0.22617,16.77,0.29933,4.3424
147,11,16.65,854.29,1.1156,1.0975,398.6,101.33,0.11359,16.783,0.29909,0.71844
147,11.5,16.68,925.71,1.149,2.6058,395.15,101.35,0.26969,16.78,0.29878,0.7183
147,12,17.3,940.57,1.1501,2.3889,393.97,101.34,0.2946,16.763,0.29866,1.2102
147,12.5,17.62,741.71,1.1526,3.4393,393.83,101.32,0.38166,16.74,0.29842,0.8993
147,13,17.45,593.14,1.1899,3.8152,394.97,101.33,0.4207,16.75,0.29824,0.88197
147,13.5,18.33,1067.4,1.1699,2.9329,397.13,101.31,0.32939,16.713,0.29818,0.93256
147,14,18.32,752,1.1393,2.3603,398.24,101.31,0.19292,16.713,0.29787,0.27846
147,14.5,18.62,809.71,1.1333,2.7899,396.17,101.29,0.31542,16.697,0.29787,0.95129
147,15,18.87,560,1.1555,2.6175,396.26,101.28,0.2744,16.703,0.29763,0.74995
147,15.5,18.21,287.77,1.1657,2.1595,394.68,101.26,0.18756,16.727,0.29745,0.36576
147,16,18.29,290.74,1.1802,2.4406,395.3,101.25,0.24022,16.723,0.29745,0.6019
147,16.5,18.52,402.91,1.1916,2.6832,395,101.23,0.22611,16.71,0.29745,0.32017
147,17,19.67,502.29,1.1995,2.0078,397.3,101.21,0.28418,16.66,0.29745,1.661
147,17.5,18.47,346.51,1.2204,3.8457,397.11,101.18,0.40673,16.713,0.29745,0.7722
147,18,18.19,294.97,1.2127,2.9214,398.49,101.2,0.29467,16.733,0.29745,0.65703
147,18.5,17.35,151.26,1.1872,3.1421,402.31,101.22,0.29248,16.757,0.29745,0.48695
147,19,15.99,58.686,1.1499,2.9494,405.72,101.24,0.26759,16.793,0.29745,0.4393
147,19.5,14.37,5.7143,1.159,1.9335,412.35,101.26,0.13761,16.83,0.29745,0.13803
147,20,13.33,-3.2571,1.1285,1.9487,415.65,101.27,0.13343,16.817,0.29751,0.11113
147,20.5,12.3,-3.3714,1.1308,1.5243,425.7,101.28,0.062645,16.813,0.29769,0.0023123
147,21,12.01,-2.8,1.1261,1.4859,430.73,101.3,0.041124,16.813,0.29775,2.0619e-05
147,21.5,11.37,-2.8571,1.1266,0.73366,438.43,101.31,0.020789,16.817,0.29757,2.8869e-05
147,22,11.42,-2.4571,1.1222,1.2203,432.08,101.3,0.068966,16.823,0.29763,0.032722
147,22.5,11.22,-2.6857,1.1141,0.21754,439.61,101.29,0.042293,16.84,0.29763,2.7034
147,23,11,-2.5143,1.0979,0.89068,456.66,101.26,0.030012,16.853,0.29763,0.00027261
147,23.5,10.01,-3.1429,1.056,0.78847,544.33,101.27,0.033685,16.867,0.29769,0.003346
147,24,8.74,-2.6286,0.99661,0.12328,585.78,101.26,0.095869,16.873,0.29769,4.7144
148,0.5,9.06,-2.2857,1.0241,0.83813,471.33,101.26,0.063431,16.87,0.29745,0.19116
148,1,8.76,-2.4571,1.0092,1.5367,444.26,101.28,0.053345,16.873,0.29727,0.00038605
148,1.5,8.96,-2.2286,1.0218,1.5795,426.29,101.26,0.10581,16.877,0.29727,0.097894
148,2,9.53,-2.4,1.0547,1.8477,407.06,101.26,0.15004,16.873,0.29727,0.27007
148,2.5,10.11,-2.6857,1.0891,1.1323,408.2,101.26,0.13,16.87,0.29727,0.99527
148,3,10.37,-2.4571,1.1032,2.1808,405.11,101.25,0.1969,16.883,0.29721,0.43065
148,3.5,10.35,-3.5429,1.1092,1.9355,406.78,101.22,0.14895,16.88,0.29697,0.20807
148,4,9.92,-3.4286,1.0949,1.6473,407.45,101.24,0.13724,16.893,0.29678,0.30415
148,4.5,9.51,-3.3143,1.0687,1.1281,423.88,101.25,0.075905,16.91,0.29678,0.10041
148,5,9.42,0.8,1.0764,1.3541,428.44,101.26,0.033434,16.907,0.29684,3.5942e-06
148,5.5,9.4,26.114,1.0797,0.72399,441.49,101.26,0.11653,16.887,0.29684,2.0963
148,6,9.98,104.29,1.1042,1.4156,420.56,101.25,0.11256,16.863,0.29678,0.24431
148,6.5,11.72,201.26,1.1832,3.1464,398.96,101.25,0.32359,16.807,0.29666,0.70301
148,7,12.59,303.43,1.2195,2.3401,406.37,101.24,0.22133,16.79,0.29648,0.5182
148,7.5,13.39,410.4,1.2248,2.075,402.86,101.24,0.25933,16.787,0.2963,1.2522
148,8,14.18,519.43,1.2334,2.1434,402.62,101.25,0.16894,16.78,0.2963,0.23417
148,8.5,14.97,612,1.2621,1.5402,400.76,101.23,0.22267,16.777,0.29606,1.7327
148,9,16.2,698.86,1.3019,1.7145,401.47,101.21,0.2537,16.773,0.29582,1.8117
148,9.5,17.46,798.86,1.3595,2.2021,400.54,101.19,0.24341,16.77,0.29558,0.8886
148,10,18.41,844,1.3688,1.8331,401.61,101.17,0.33242,16.753,0.2954,2.4877
148,10.5,19.08,862.29,1.387,2.385,398.86,101.14,0.27977,16.753,0.29509,1.058
148,11,19.96,940.57,1.4252,3.1687,397.23,101.11,0.34792,16.753,0.29479,0.87041
148,11.5,20.4,983.43,1.442,3.245,397.12,101.09,0.36079,16.75,0.29455,0.90458
148,12,21.32,1008.6,1.4594,3.0276,397.08,101.06,0.35059,16.73,0.29425,1.0199
148,12.5,21.96,889.71,1.4758,2.9025,396.02,101.03,0.337,16.717,0.29413,1.0277
148,13,22.35,941.71,1.4729,1.6273,397.98,101,0.19833,16.707,0.29377,1.1738
148,13.5,22.57,912,1.4958,2.4173,396.3,100.96,0.36596,16.703,0.29371,1.8893
148,14,22.74,932.57,1.5232,3.0725,395.37,100.94,0.34676,16.707,0.29335,0.94629
148,14.5,22.77,872.57,1.5099,4.2666,395.88,100.9,0.43409,16.703,0.29329,0.67727
148,15,22.86,806.29,1.4898,4.6351,396.2,100.86,0.46248,16.71,0.29293,0.63222
148,15.5,23.17,726.86,1.4948,4.3823,395.83,100.85,0.41739,16.707,0.29293,0.53233
148,16,23.08,638.86,1.4432,4.9104,397,100.82,0.46556,16.717,0.29275,0.52309
148,16.5,23.1,547.43,1.3791,4.6857,397.6,100.8,0.43238,16.73,0.29251,0.47035
148,17,22.97,397.03,1.3613,4.412,400.15,100.79,0.4138,16.74,0.29251,0.50159
148,17.5,22.09,236.74,1.3002,3.8641,400.84,100.78,0.36163,16.777,0.29251,0.49732
148,18,21.93,253.26,1.256,4.5823,403.85,100.78,0.44287,16.777,0.29251,0.56258
148,18.5,21.23,173.31,1.2696,4.4358,404.12,100.76,0.42623,16.79,0.29251,0.55042
148,19,19.88,49.543,1.2815,3.5938,408.53,100.76,0.34321,16.827,0.29251,0.5378
148,19.5,18.04,3.9429,1.3006,2.7291,416.26,100.78,0.25498,16.863,0.29251,0.49412
148,20,17.12,-3.4286,1.2777,2.4656,418.13,100.77,0.22639,16.887,0.29257,0.4612
148,20.5,16.39,-3.3714,1.2675,1.6655,422.29,100.79,0.11458,16.9,0.29263,0.11416
148,21,15.6,-2.9143,1.2513,2.0991,425.15,100.82,0.12875,16.9,0.29281,0.056834
148,21.5,15.87,-2.8,1.2186,2.2001,419.62,100.83,0.15084,16.89,0.29281,0.11194
148,22,14.65,-3.1429,1.2538,2.0812,430.21,100.82,0.1324,16.917,0.29275,0.071634
148,22.5,14.55,-2.7429,1.2547,1.9099,429.3,100.8,0.12288,16.933,0.29269,0.076771
148,23,13.85,-2.5714,1.2327,1.6393,439.15,100.78,0.067006,16.957,0.29263,0.0021923
148,23.5,13.04,-2.9714,1.2094,0.6448,466.56,100.77,0.069028,16.98,0.29263,0.80333
148,24,13.25,-1.6571,1.2246,0.36808,437.8,100.76,0.075115,17,0.29263,2.8468
149,0.5,13.35,-1.7714,1.2204,0.64444,441.27,100.73,0.071988,17.017,0.29269,0.9176
149,1,12.61,-2.9714,1.2459,1.2762,518.32,100.74,0.12792,17.017,0.29269,0.64267
149,1.5,12.53,-2.5714,1.2843,1.2504,480.43,100.75,0.083741,17.033,0.29269,0.097697
149,2,12.07,-2.6857,1.2432,0.95557,494.7,100.78,0.068721,17.043,0.29257,0.14609
149,2.5,12.17,-2.3429,1.233,0.42149,499.86,100.78,0.071513,17.067,0.29239,2.272
149,3,12.08,-2.5143,1.1778,0.46878,500.25,100.77,0.06301,17.087,0.29233,1.4882
149,3.5,11.08,-2,1.1447,1.1459,544.77,100.78,0.10959,17.1,0.29233,0.54084
149,4,11.65,-1.4857,1.1997,0.6899,482.08,100.77,0.050996,17.1,0.29233,0.16916
149,4.5,11.92,-1.5429,1.2129,0.25459,449.8,100.77,0.055936,17.11,0.29233,3.0527
149,5,11.88,4.8571,1.2153,0.26939,439.46,100.77,0.037492,17.113,0.29227,1.6043
149,5.5,12.08,54.571,1.2215,0.8693,433.02,100.76,0.047768,17.1,0.29203,0.026776
149,6,12.92,103.26,1.2506,0.3495,524.45,100.77,0.11625,17.06,0.29191,3.928
149,6.5,12.91,134.34,1.3078,1.0548,460.32,100.78,0.1058,17.063,0.29185,0.64401
149,7,14.88,321.26,1.3662,1.5314,414.47,100.77,0.18341,17.037,0.29185,1.1201
149,7.5,16.33,412.11,1.3404,1.2156,411.51,100.79,0.13489,17.027,0.29179,0.89918
149,8,18.37,522.86,1.3211,0.64991,412.31,100.79,0.13258,17.02,0.2915,2.8456
149,8.5,19.11,624,1.329,1.0559,407.92,100.79,0.12097,17.023,0.29132,0.98899
149,9,19.61,632.57,1.3759,1.4918,402.11,100.79,0.21297,17.04,0.29102,1.69
149,9.5,19.92,780,1.37,1.5624,406.19,100.78,0.17886,17.053,0.29072,0.98679
149,10,20.81,838.29,1.3866,1.4955,404.52,100.77,0.18109,17.04,0.29048,1.1537
149,10.5,21.52,893.14,1.3699,1.252,402.19,100.75,0.1649,17.047,0.29013,1.4212
149,11,22.02,941.71,1.3735,1.7896,400.01,100.73,0.20058,17.043,0.28983,0.92686
149,11.5,22.68,968.57,1.3535,1.6507,398.42,100.69,0.16699,17.047,0.28953,0.6638
149,12,23.7,971.43,1.4057,1.1954,399.66,100.65,0.12916,17.03,0.28929,0.82739
149,12.5,24.3,973.71,1.5299,1.45,399.01,100.61,0.22766,17.02,0.28894,2.0126
149,13,24.87,969.71,1.5836,2.0166,399.54,100.57,0.173,17.013,0.28888,0.3466
149,13.5,24.99,957.71,1.6162,3.0089,400.61,100.56,0.30107,17.017,0.28846,0.63864
149,14,25.44,921.71,1.5486,3.3101,398.27,100.53,0.3658,17.013,0.28834,0.88792
149,14.5,25.82,865.71,1.4962,3.0966,395.89,100.49,0.33116,17.007,0.28805,0.80068
149,15,25.77,800,1.5236,3.602,397.12,100.46,0.37346,17.017,0.28793,0.72263
149,15.5,25.36,722.29,1.5128,4.1919,401.09,100.44,0.37559,17.037,0.28764,0.41726
149,16,25.17,633.71,1.4622,4.4419,399.02,100.43,0.48348,17.05,0.28764,0.84697
149,16.5,24.92,541.14,1.4245,4.8036,402.62,100.43,0.49052,17.063,0.28734,0.68596
149,17,24.75,442.29,1.3829,4.17,401.72,100.45,0.43211,17.077,0.28728,0.72126
149,17.5,24.45,340.29,1.3843,4.1004,403.7,100.47,0.442,17.09,0.28728,0.8213
149,18,23.91,242.69,1.3796,3.8486,405.65,100.46,0.36134,17.11,0.28728,0.50365
149,18.5,22.9,159.43,1.3717,3.0331,406.34,100.47,0.28846,17.137,0.28728,0.52934
149,19,21.65,64.8,1.4152,2.5498,411.47,100.48,0.21361,17.17,0.28728,0.31182
149,19.5,19.72,6.5143,1.3853,2.806,417.5,100.51,0.2393,17.21,0.28728,0.33768
149,20,17.41,-4.6286,1.363,1.6924,429.39,100.53,0.11281,17.24,0.28734,0.095048
149,20.5,16.13,-3.9429,1.3093,1.4242,427.24,100.57,0.1258,17.27,0.28734,0.393
149,21,15.49,-3.3143,1.2874,2.0315,426.17,100.62,0.16326,17.26,0.2874,0.25715
149,21.5,14.68,-3.7143,1.2607,1.331,425.82,100.63,0.12228,17.26,0.28746,0.46213
149,22,13.85,-3.4857,1.2198,1.4419,445.44,100.62,0.055498,17.287,0.28746,0.0011955
149,22.5,12.85,-3.0286,1.1945,2.4754,420.52,100.61,0.21156,17.3,0.2874,0.34096
149,23,12.45,-3.3714,1.1693,1.0249,422.68,100.62,0.11914,17.317,0.2874,1.0312
149,23.5,12.09,-3.2,1.1462,0.44634,426.97,100.64,0.038669,17.35,0.28746,0.36177
149,24,11.8,-2.8571,1.1203,0.52956,441.84,100.64,0.069104,17.377,0.28746,1.3908
150,0.5,11.41,-2.2857,1.1174,0.77635,429.75,100.66,0.054061,17.383,0.28746,0.12227
150,1,11.32,-2.2857,1.1135,0.83132,434.33,100.66,0.072737,17.403,0.28746,0.37753
150,1.5,11.71,-2.7429,1.1357,0.35388,416.09,100.66,0.02555,17.413,0.28716,0.14924
150,2,11.11,-2.7429,1.106,0.54229,451.81,100.66,0.064652,17.443,0.2871,1.1064
150,2.5,10.46,-2.4,1.0971,0.37199,449.6,100.66,0.044755,17.453,0.2871,1.1341
150,3,10.22,-2.6857,1.0897,1.6065,461.31,100.68,0.12876,17.45,0.2871,0.25382
150,3.5,10.15,-2.6857,1.0933,0.39497,432.25,100.68,0.079693,17.453,0.28687,2.8137
150,4,10.17,-2.4571,1.0935,1.6754,424.09,100.67,0.071622,17.463,0.28675,0.0033667
150,4.5,10.06,-2.8571,1.1002,1.4083,420.67,100.68,0.09471,17.463,0.28675,0.10013
150,5,9.82,1.6,1.0875,1.6286,419.04,100.72,0.11517,17.47,0.28675,0.13327
150,5.5,10.01,38.971,1.0978,0.90889,432.54,100.74,0.077147,17.467,0.28663,0.33071
150,6,11.07,115.66,1.1663,1.1459,422.63,100.77,0.074754,17.443,0.2864,0.083568
150,6.5,13,201.09,1.2601,0.58837,419.82,100.79,0.019729,17.397,0.28628,0.0002573
150,7,13.84,297.89,1.2741,1.6179,412.75,100.79,0.14503,17.393,0.28622,0.41813
150,7.5,14.62,406.29,1.2507,1.2156,401.26,100.82,0.11224,17.397,0.28622,0.4715
150,8,15.56,506.86,1.2612,0.98849,400.6,100.83,0.14368,17.383,0.28598,1.7509
150,8.5,16.52,605.71,1.2858,0.97068,400.06,100.85,0.12738,17.39,0.28569,1.4092
150,9,17.07,696.57,1.2787,1.4682,398.63,100.85,0.24348,17.393,0.28569,2.1965
150,9.5,17.58,776.57,1.3195,1.6615,397.17,100.85,0.22385,17.39,0.28546,1.4959
150,10,18.3,846.86,1.3453,1.983,396.05,100.84,0.25846,17.383,0.28516,1.3871
150,10.5,19.04,902.86,1.3657,2.2677,395.59,100.83,0.29107,17.38,0.28487,1.3372
150,11,19.61,943.43,1.3458,1.9716,398.34,100.82,0.22827,17.377,0.28452,1.0196
150,11.5,20.4,970.29,1.3761,2.0223,397.86,100.79,0.23339,17.363,0.28428,1.0101
150,12,21.35,988,1.4283,2.0609,399.06,100.74,0.22549,17.347,0.28411,0.86091
150,12.5,21.87,992,1.4328,2.097,398.9,100.71,0.22352,17.34,0.28376,0.79211
150,13,22.49,982.86,1.4188,2.1279,400.17,100.68,0.23554,17.327,0.28364,0.89252
150,13.5,22.85,957.71,1.4249,2.5239,398.36,100.64,0.22767,17.32,0.28335,0.42908
150,14,23.24,921.71,1.4395,2.4143,397.03,100.61,0.20176,17.307,0.28317,0.30833
150,14.5,23.44,868.57,1.4498,2.6673,395.55,100.6,0.28367,17.297,0.28294,0.78628
150,15,23.25,800,1.4692,3.5941,393.83,100.6,0.3834,17.31,0.28288,0.79412
150,15.5,22.89,732.57,1.4493,4.2802,393.84,100.59,0.41532,17.33,0.28253,0.571
150,16,22.2,628.57,1.3726,4.7757,395.05,100.59,0.46298,17.34,0.28253,0.56906
150,16.5,21.61,426.23,1.3919,4.165,395.74,100.6,0.43456,17.36,0.28253,0.73816
150,17,21.42,530.29,1.386,5.5562,399.01,100.59,0.54774,17.343,0.28247,0.60528
150,17.5,20.57,390.23,1.3798,5.6334,400.71,100.57,0.55399,17.363,0.28224,0.59991
150,18,19.89,244.57,1.338,5.3442,402.37,100.58,0.5202,17.387,0.28218,0.5777
150,18.5,18.75,108.91,1.2898,5.0288,405.08,100.6,0.51022,17.413,0.28241,0.6707
150,19,17.92,61.829,1.275,4.5133,406.97,100.63,0.4236,17.427,0.28253,0.50297
150,19.5,17.31,14.514,1.2883,3.2874,410.17,100.66,0.31832,17.437,0.28253,0.56653
150,20,16.48,-2.1714,1.3173,2.6963,413.75,100.71,0.26772,17.463,0.28253,0.62123
150,20.5,16.03,-2.7429,1.299,3.4474,412.64,100.77,0.32766,17.467,0.28259,0.52806
150,21,15.38,-3.1429,1.3185,2.0048,419.69,100.74,0.1759,17.467,0.28259,0.38205
150,21.5,15.31,-2.3429,1.3513,2.5027,420.65,100.74,0.26134,17.48,0.28265,0.74021
150,22,15.13,-3.5429,1.3446,2.8854,420.53,100.73,0.29831,17.483,0.28265,0.7157
150,22.5,13.92,-3.4286,1.3046,2.585,421.25,100.72,0.26627,17.513,0.28265,0.70675
150,23,13.84,-2.7429,1.2678,3.5817,417.28,100.72,0.3636,17.527,0.28265,0.672
150,23.5,13.52,-2.8,1.2123,4.5751,417.86,100.75,0.48583,17.537,0.28265,0.78243
150,24,12.98,-2.9714,1.2017,3.253,422.16,100.75,0.33119,17.553,0.28259,0.6788
151,0.5,12.7,-3.0286,1.2121,3.0396,422.25,100.74,0.34165,17.57,0.28235,0.93491
151,1,12.74,-2.9143,1.2153,3.5546,420.98,100.73,0.37703,17.577,0.28224,0.77951
151,1.5,12.72,-2.8571,1.2196,3.6445,419.63,100.73,0.37646,17.587,0.28224,0.71358
151,2,12.39,-2.9714,1.2194,2.3104,419.7,100.76,0.26582,17.597,0.28224,1.0012
151,2.5,12.16,-2.5714,1.2209,2.2869,421.93,100.75,0.24372,17.613,0.28224,0.79165
151,3,11.78,-2.8571,1.2031,2.7288,421.06,100.76,0.27986,17.623,0.28224,0.69624
151,3.5,11.44,-2.5143,1.1939,2.2952,421.75,100.76,0.23721,17.63,0.28212,0.71488
151,4,11.65,-1.6,1.2065,2.2115,421.18,100.75,0.22018,17.63,0.28195,0.62731
151,4.5,11.59,-2.9143,1.1867,1.9352,424.71,100.74,0.19004,17.633,0.28189,0.59688
151,5,11.08,1.4286,1.1565,2.2116,425,100.74,0.20856,17.647,0.28189,0.5123
151,5.5,11.11,43.886,1.1602,2.1608,423.33,100.75,0.21134,17.633,0.28189,0.58803
151,6,12.09,122.86,1.2026,2.2381,415.76,100.77,0.26025,17.607,0.28189,1.0321
151,6.5,13.44,212.74,1.2522,2.4932,413.99,100.77,0.28948,17.583,0.28183,1.0278
151,7,14.64,314.11,1.3081,2.9175,412.25,100.78,0.32791,17.57,0.28171,0.93468
151,7.5,15.56,419.03,1.3396,2.7487,409.99,100.79,0.29642,17.563,0.28142,0.82239
151,8,16.64,521.71,1.3721,2.4487,407.4,100.78,0.30911,17.577,0.28137,1.2838
151,8.5,17.79,618.86,1.3944,2.4588,407.44,100.77,0.25093,17.58,0.28125,0.68458
151,9,19.31,708,1.4319,2.3538,404.84,100.75,0.27166,17.567,0.28096,1.0103
151,9.5,20.88,785.14,1.4624,2.622,400.79,100.73,0.26339,17.563,0.28084,0.6476
151,10,21.91,853.14,1.4608,2.9811,398.12,100.72,0.3014,17.567,0.28055,0.66257
151,10.5,22.72,905.71,1.446,2.9406,397.98,100.7,0.2934,17.57,0.28026,0.63224
151,11,23.41,946.29,1.4403,2.4784,396.79,100.69,0.30037,17.573,0.27997,1.1563
151,11.5,23.92,969.71,1.5046,2.8988,397.89,100.67,0.32798,17.57,0.27974,0.95343
151,12,24.44,990.86,1.5247,3.1124,397.96,100.64,0.31978,17.567,0.2794,0.70054
151,12.5,24.86,997.14,1.5126,3.0031,396.18,100.61,0.30871,17.56,0.27922,0.7018
151,13,25.8,986.29,1.5077,2.6042,394.89,100.57,0.30698,17.547,0.27899,1.0724
151,13.5,26.23,965.71,1.4791,3.059,394.45,100.54,0.29834,17.547,0.27859,0.58193
151,14,26.77,926.29,1.4598,2.7677,394.26,100.52,0.32725,17.54,0.27842,1.0817
151,14.5,27.09,869.14,1.4872,2.8279,393.91,100.5,0.33693,17.533,0.27819,1.1044
151,15,27.49,798.29,1.4697,2.5484,394.32,100.47,0.27682,17.54,0.27796,0.84164
151,15.5,27.58,720.57,1.483,2.6139,394.09,100.44,0.27574,17.55,0.27778,0.76565
151,16,27.76,633.71,1.5211,2.3451,392.51,100.41,0.25803,17.563,0.27778,0.87612
151,16.5,27.58,538.29,1.4878,2.7093,395.21,100.41,0.26113,17.577,0.2775,0.55683
151,17,26.96,443.14,1.5485,2.9977,397.11,100.39,0.29018,17.607,0.27738,0.56597
151,17.5,25.89,326,1.62,3.5739,401.84,100.39,0.36929,17.633,0.27738,0.71433
151,18,24.38,142.8,1.5638,4.1944,401.15,100.4,0.38464,17.683,0.27744,0.45879
151,18.5,24.19,194.86,1.5624,3.8541,401.36,100.42,0.35828,17.677,0.27761,0.4844
151,19,23.2,92.057,1.5122,3.6408,407.59,100.44,0.3391,17.693,0.27784,0.4881
151,19.5,21.94,18.457,1.4613,3.3473,413.28,100.43,0.32835,17.727,0.27784,0.59439
151,20,20.87,-1.9429,1.4031,3.0699,416.59,100.45,0.31479,17.753,0.27784,0.69586
151,20.5,20.32,-3.4286,1.321,2.8744,420.27,100.47,0.30549,17.767,0.27784,0.78466
151,21,19.44,-4.1143,1.3108,1.5958,437.55,100.5,0.12642,17.79,0.27784,0.24001
151,21.5,18.03,-3.4857,1.3274,1.4168,451.47,100.51,0.1378,17.843,0.2779,0.57599
151,22,17.6,-1.8857,1.3175,1.3175,438.07,100.53,0.056026,17.85,0.27796,0.003204
151,22.5,18.38,-1.4857,1.2868,0.50287,457.22,100.53,0.089329,17.837,0.27796,2.4217
151,23,17.81,-2.7429,1.277,1.7766,456.14,100.52,0.097608,17.87,0.27796,0.02674
151,23.5,16.05,-3.6,1.2699,1.9537,466.41,100.52,0.10625,17.89,0.2779,0.024839
151,24,14.87,-2.6286,1.28,1.7673,469.83,100.49,0.080077,17.923,0.2779,0.0057095
152,0.5,14.87,-2.5143,1.2415,1.5122,450.63,100.46,0.10313,17.937,0.2779,0.10861
152,1,14.23,-3.1429,1.239,1.7391,445.15,100.43,0.10863,17.953,0.2779,0.063883
152,1.5,13.28,-2.9714,1.2666,1.724,454.03,100.42,0.086465,17.977,0.2779,0.013377
152,2,13.38,-2.6286,1.2442,1.3204,467.88,100.4,0.064584,17.99,0.27778,0.010931
152,2.5,12.52,-2.4,1.1965,1.7019,454.75,100.39,0.091044,18.007,0.27755,0.021989
152,3,12.85,-2.1143,1.1871,2.1776,440.66,100.37,0.13336,18.01,0.27755,0.056268
152,3.5,13.09,-2.4571,1.1902,1.6683,445.36,100.36,0.10647,18.02,0.27755,0.073075
152,4,12.69,-2.8571,1.1923,1.3172,467.73,100.36,0.15778,18.03,0.27755,1.1207
152,4.5,12.09,-2.8,1.211,1.2119,481.28,100.39,0.082184,18.047,0.27744,0.10509
152,5,11.99,2.9714,1.2101,1.0364,467.46,100.39,0.054777,18.057,0.27721,0.020088
152,5.5,12.28,45.257,1.1792,1.24,475.01,100.4,0.057503,18.047,0.27721,0.0069929
152,6,13.68,123.26,1.2719,1.8097,438.18,100.43,0.15479,18.013,0.27715,0.34216
152,6.5,15.37,209.89,1.3374,1.1356,417.36,100.45,0.13245,17.987,0.27715,1.0409
152,7,16.58,308.63,1.3751,1.9532,419.97,100.45,0.25176,17.977,0.27709,1.3509
152,7.5,17.67,414.4,1.426,2.1429,414.47,100.45,0.25615,17.99,0.27681,1.1144
152,8,19.4,516.57,1.4935,2.011,413,100.45,0.20991,17.99,0.27664,0.73925
152,8.5,20.8,610.29,1.5298,1.7053,413.12,100.45,0.22021,17.977,0.27646,1.3568
152,9,21.76,697.71,1.562,1.9694,411.82,100.44,0.27393,17.99,0.27623,1.6025
152,9.5,22.55,776,1.5535,1.7004,410.14,100.42,0.1097,17.99,0.27606,0.078079
152,10,23.59,844,1.5201,1.808,406.45,100.42,0.23065,17.99,0.27572,1.3177
152,10.5,24.51,895.43,1.589,1.6374,405.91,100.41,0.21727,17.993,0.27543,1.4456
152,11,26.01,935.43,1.5562,0.97542,405.03,100.39,0.23766,17.987,0.27521,3.3152
152,11.5,26.54,958.86,1.5679,1.7438,403.66,100.37,0.18198,17.983,0.27492,0.73865
152,12,26.81,977.14,1.6304,1.5452,400.71,100.35,0.27917,17.983,0.27469,2.4759
152,12.5,26.85,985.14,1.647,2.3714,399.23,100.34,0.34069,17.983,0.27441,1.7115
152,13,27.75,969.71,1.585,1.6407,399.13,100.31,0.20865,17.97,0.27424,1.3074
152,13.5,28.22,946.29,1.6498,2.223,395.81,100.29,0.27957,17.953,0.27395,1.2719
152,14,28.41,913.71,1.5373,2.3077,396.43,100.26,0.28043,17.953,0.27384,1.1646
152,14.5,28,864.57,1.5966,3.4212,396.51,100.23,0.32576,17.957,0.2735,0.53173
152,15,27.71,801.14,1.5988,3.9644,396.18,100.19,0.42231,17.973,0.2735,0.79057
152,15.5,27.39,725.71,1.5706,4.6472,397.57,100.17,0.47125,17.987,0.27316,0.6695
152,16,27.15,638.29,1.5615,4.5795,398.5,100.17,0.44845,17.993,0.27316,0.59063
152,16.5,26.61,541.71,1.62,4.2178,399.79,100.18,0.45695,18.003,0.27316,0.83455
152,17,25.94,444.51,1.5394,5.3612,401.14,100.17,0.54597,18.023,0.27299,0.67947
152,17.5,25.02,344.8,1.557,5.1462,401.12,100.18,0.51471,18.05,0.27293,0.63766
152,18,23.98,258.06,1.5627,5.4528,400.4,100.21,0.55401,18.07,0.27299,0.67398
152,18.5,23.04,190.8,1.5174,4.993,401.06,100.23,0.53638,18.09,0.27316,0.81239
152,19,21.65,112.63,1.4615,4.4798,404.42,100.26,0.46572,18.11,0.27316,0.72922
152,19.5,20.34,32.286,1.4064,3.8056,408.57,100.27,0.38166,18.147,0.27316,0.64387
152,20,19.29,0.8,1.3776,3.3586,409.1,100.29,0.34183,18.167,0.27316,0.67808
152,20.5,18.7,-1.8857,1.3881,2.2874,416.7,100.34,0.21902,18.18,0.27322,0.54318
152,21,18.53,-1.8857,1.3467,2.7382,418.42,100.36,0.2523,18.197,0.27316,0.46764
152,21.5,18.06,-1.6571,1.3086,3.0932,415.33,100.39,0.33483,18.223,0.27316,0.8324
152,22,17.38,-2.0571,1.2928,2.4947,421.73,100.4,0.2541,18.243,0.27322,0.67991
152,22.5,16.75,-1.3143,1.2955,2.7675,429.36,100.38,0.27476,18.263,0.27322,0.62097
152,23,16.01,-1.8286,1.2968,2.6203,420.73,100.43,0.23663,18.27,0.27322,0.43104
152,23.5,14.88,-2.4571,1.2661,3.2382,417.15,100.44,0.35094,18.297,0.27322,0.83545
152,24,13.83,-2.8,1.2509,4.0811,411.62,100.45,0.43401,18.323,0.27327,0.78623
153,0.5,13.32,-2.8,1.2684,3.4303,412.7,100.4,0.35824,18.343,0.27327,0.74047
153,1,13.1,-2.6857,1.288,3.0642,408.67,100.39,0.32312,18.35,0.27327,0.76467
153,1.5,12.75,-3.1429,1.2691,2.9843,408.25,100.41,0.33648,18.36,0.27305,0.94351
153,2,12.34,-2.8571,1.2541,3.1854,405.56,100.43,0.3541,18.377,0.27293,0.90417
153,2.5,12.14,-2.7429,1.2433,3.7203,402.62,100.44,0.39317,18.387,0.27288,0.77025
153,3,11.96,-2.6857,1.2371,3.6759,399.92,100.45,0.35483,18.397,0.27288,0.55995
153,3.5,11.96,-2.5143,1.2496,3.5313,402.61,100.45,0.38641,18.4,0.27288,0.86115
153,4,12.1,-2.5143,1.2485,4.1763,402.95,100.46,0.46105,18.407,0.27271,0.88513
153,4.5,11.87,-2.6857,1.2311,3.557,403.21,100.48,0.39071,18.417,0.27254,0.87148
153,5,11.67,2,1.2259,2.8353,402.94,100.5,0.30807,18.423,0.27254,0.84224
153,5.5,12.03,44.114,1.2442,2.618,403.95,100.53,0.27702,18.42,0.27254,0.77342
153,6,12.7,120.4,1.2752,3.1177,402.18,100.55,0.36659,18.403,0.27248,1.065
153,6.5,13.46,211.66,1.2893,4.3641,401.3,100.57,0.51306,18.39,0.27242,1.0645
153,7,13.91,311.37,1.2974,4.4984,400.14,100.6,0.52292,18.39,0.27214,1.0313
153,7.5,14.61,414.57,1.3267,4.3601,399.34,100.62,0.47641,18.38,0.27208,0.85724
153,8,15.16,514.86,1.3497,4.3308,398.45,100.65,0.53512,18.38,0.27208,1.2164
153,8.5,15.9,610.29,1.3821,4.1097,398.08,100.66,0.48046,18.387,0.27175,1.0479
153,9,16.63,697.71,1.4088,3.5483,396.7,100.66,0.42738,18.397,0.27163,1.1374
153,9.5,17.42,776.57,1.4422,3.1941,396.36,100.64,0.37266,18.38,0.27158,1.042
153,10,18.52,841.14,1.4778,2.6859,396.42,100.63,0.29045,18.363,0.27129,0.82969
153,10.5,19.32,895.43,1.5074,2.8131,395.68,100.64,0.35008,18.36,0.27124,1.2387
153,11,20.09,936.57,1.5199,3.1729,394.54,100.64,0.37004,18.363,0.27101,1.0409
153,11.5,20.75,966.29,1.5442,4.0576,392.02,100.64,0.43714,18.36,0.27084,0.81983
153,12,21.3,984.57,1.5401,4.0442,390.78,100.63,0.43972,18.357,0.27051,0.84409
153,12.5,21.89,989.14,1.5414,4.1183,391.75,100.61,0.43079,18.34,0.27051,0.74447
153,13,22.54,980.57,1.5742,4.3672,392.39,100.59,0.46788,18.33,0.27023,0.80533
153,13.5,22.85,959.43,1.5351,4.4418,392.79,100.55,0.45641,18.327,0.27011,0.70082
153,14,23.33,921.71,1.5631,4.9151,392.56,100.51,0.525,18.317,0.26994,0.7975
153,14.5,23.26,869.71,1.5511,5.8663,395.31,100.48,0.56844,18.317,0.26972,0.56807
153,15,23.22,814.86,1.5545,5.8382,394.85,100.45,0.62036,18.32,0.26972,0.78413
153,15.5,22.89,697.71,1.5235,5.9826,394.47,100.45,0.61247,18.323,0.26938,0.69196
153,16,22.81,626.86,1.5094,6.0424,394.07,100.46,0.63538,18.333,0.26933,0.75757
153,16.5,22.5,536,1.4764,6.6174,394,100.47,0.69383,18.34,0.26933,0.75034
153,17,22.19,465.71,1.5084,6.1283,393.67,100.48,0.62729,18.347,0.26933,0.69162
153,17.5,21.52,311.83,1.4794,5.5281,394.46,100.5,0.6163,18.367,0.26933,0.91209
153,18,20.93,264.23,1.4474,5.4563,396.02,100.53,0.58738,18.377,0.26933,0.81783
153,18.5,19.76,169.37,1.3931,5.2359,398.55,100.54,0.54584,18.4,0.26933,0.73609
153,19,18.31,110.4,1.3184,5.6064,399.02,100.54,0.59369,18.427,0.26933,0.77534
153,19.5,17.31,33.143,1.2926,4.4299,402.15,100.57,0.50903,18.44,0.26933,0.99756
153,20,16.4,-0.22857,1.2694,4.7188,405.07,100.57,0.51842,18.467,0.26933,0.87197
153,20.5,16.02,-2.2286,1.2487,4.8178,405.36,100.58,0.4973,18.46,0.26938,0.71179
153,21,15.56,-2.4571,1.2384,5.0685,403.88,100.63,0.50102,18.457,0.26938,0.61126
153,21.5,15.02,-2.6286,1.2387,5.0286,404.14,100.66,0.53815,18.473,0.26944,0.80245
153,22,14.42,-2.8,1.2475,5.0693,404.52,100.66,0.54822,18.487,0.26944,0.82985
153,22.5,14.04,-2.6286,1.2435,4.7099,404.94,100.65,0.49108,18.493,0.26944,0.73646
153,23,13.62,-2.7429,1.2336,3.454,406.49,100.68,0.40849,18.51,0.26944,1.0823
153,23.5,13.46,-2.6857,1.243,2.3253,408.48,100.7,0.29265,18.52,0.26938,1.2743
153,24,13.19,-2.4,1.2334,2.3611,409.27,100.71,0.25234,18.53,0.26922,0.79899
154,0.5,12.87,-2.2857,1.2302,1.8608,410.82,100.72,0.22383,18.54,0.26905,1.1333
154,1,12.85,-1.8286,1.236,3.5527,407.44,100.7,0.40828,18.54,0.26905,0.99789
154,1.5,12.81,-2,1.2342,4.9804,403.98,100.68,0.49852,18.543,0.26905,0.63948
154,2,12.5,-2.4,1.234,4.6367,403.49,100.66,0.49157,18.553,0.26905,0.77828
154,2.5,12.34,-2.4,1.234,4.1027,405.11,100.65,0.42902,18.56,0.26894,0.74366
154,3,12,-2.5143,1.2137,3.6379,407.71,100.67,0.39715,18.567,0.26871,0.85493
154,3.5,11.75,-2.4571,1.2118,2.7528,409.13,100.67,0.28465,18.57,0.26871,0.7161
154,4,11.74,-2.5143,1.2165,2.0281,410.78,100.69,0.20878,18.57,0.26871,0.7053
154,4.5,11.51,-2.2857,1.2049,1.9939,411.96,100.68,0.20257,18.57,0.26871,0.6739
154,5,11.59,3.4857,1.2058,1.9689,411.18,100.69,0.17778,18.56,0.26871,0.43079
154,5.5,12.02,45.714,1.2223,1.4707,412.63,100.72,0.15595,18.543,0.26849,0.77886
154,6,12.98,122.17,1.2465,2.0725,406.1,100.76,0.21136,18.517,0.26832,0.6829
154,6.5,13.78,209.14,1.2519,2.8196,404.89,100.78,0.31273,18.497,0.26832,0.89799
154,7,14.15,306.69,1.2674,2.6277,408.26,100.8,0.32307,18.493,0.26832,1.2007
154,7.5,15.1,409.43,1.3003,2.2695,409.15,100.82,0.27611,18.473,0.26827,1.1682
154,8,16.06,510.29,1.3447,2.7685,405.58,100.82,0.32229,18.47,0.26815,1.0354
154,8.5,17.15,607.43,1.399,2.9119,404.39,100.83,0.34134,18.487,0.26782,1.0559
154,9,18.12,693.71,1.4187,2.4408,406.24,100.82,0.26151,18.467,0.26782,0.80545
154,9.5,19.01,770.29,1.4489,1.9116,407.32,100.82,0.21481,18.45,0.26776,0.93422
154,10,20.24,832.57,1.4931,1.4821,406.31,100.81,0.17419,18.437,0.26754,1.0636
154,10.5,20.98,886.86,1.563,1.6948,404.02,100.81,0.26349,18.43,0.26749,1.9793
154,11,21.91,928,1.6016,1.8229,402.67,100.8,0.26436,18.43,0.26743,1.7433
154,11.5,22.83,958.29,1.645,2.2167,400.33,100.79,0.29172,18.423,0.2671,1.4184
154,12,23.86,975.43,1.6651,2.3011,398.7,100.77,0.31065,18.41,0.2671,1.5026
154,12.5,24.87,980.57,1.6996,2.0135,399.79,100.74,0.25202,18.39,0.26676,1.2569
154,13,25.83,969.14,1.7253,1.6801,400.28,100.7,0.23385,18.38,0.26671,1.6047
154,13.5,26.66,945.71,1.7192,1.9294,398.55,100.67,0.23949,18.37,0.26654,1.2306
154,14,27.16,908.57,1.7547,2.1934,395.93,100.64,0.25447,18.367,0.26632,1.0255
154,14.5,27.62,857.14,1.7427,2.3983,395.81,100.61,0.2547,18.357,0.26626,0.78275
154,15,27.92,793.71,1.6565,2.2447,393.34,100.58,0.21978,18.367,0.26615,0.59039
154,15.5,28.11,717.14,1.6609,2.3466,392.65,100.53,0.24929,18.37,0.26593,0.7836
154,16,28.07,630.86,1.6753,2.1111,391.65,100.52,0.21844,18.383,0.26593,0.71765
154,16.5,27.86,537.71,1.7119,2.9923,395.57,100.51,0.3246,18.4,0.26593,0.83796
154,17,26.93,441.94,1.7155,4.1984,401.02,100.5,0.43946,18.43,0.26593,0.74614
154,17.5,26.2,343.09,1.6898,3.7725,396.62,100.54,0.38779,18.443,0.26593,0.70178
154,18,25.51,242.11,1.6338,3.7346,398.55,100.55,0.41002,18.46,0.26593,0.87021
154,18.5,24.88,148.86,1.6204,3.9595,405.1,100.55,0.40823,18.48,0.26593,0.70899
154,19,24.2,71.371,1.6645,3.2761,409.85,100.54,0.32487,18.5,0.26604,0.61831
154,19.5,22.76,13.314,1.6526,2.2049,416.46,100.55,0.1838,18.53,0.26632,0.30482
154,20,21.12,-2.7429,1.6497,1.6168,432.17,100.57,0.078229,18.567,0.26632,0.010001
154,20.5,20.31,-2.7429,1.5908,1.4302,431.58,100.58,0.10731,18.58,0.26632,0.1829
154,21,20.06,-2.2857,1.5429,1.7891,431.67,100.6,0.089859,18.59,0.26632,0.013532
154,21.5,19.2,-2.6857,1.5433,1.3684,448.04,100.61,0.090914,18.617,0.26632,0.093204
154,22,18.14,-2.5714,1.5406,0.75771,467.63,100.63,0.096903,18.63,0.26637,1.3256
154,22.5,18.22,-2.4,1.5519,1.2405,445.57,100.63,0.075089,18.633,0.26637,0.052161
154,23,18.27,-1.8857,1.5423,1.0977,452.2,100.63,0.1439,18.647,0.26643,1.4058
154,23.5,17.23,-2.3429,1.5542,1.0535,476.96,100.64,0.06307,18.663,0.26643,0.048515
154,24,17.01,-2.2857,1.5486,1.0067,503.89,100.63,0.078567,18.687,0.26643,0.22303
155,0.5,16.47,-2.2286,1.5183,0.90316,492,100.62,0.085359,18.707,0.26637,0.51673
155,1,16.09,-2.1714,1.4467,1.2792,485.87,100.62,0.027428,18.723,0.26615,3.0863e-07
155,1.5,15.32,-2.6286,1.4402,0.64987,462.9,100.63,0.065135,18.743,0.2661,0.64246
155,2,15.01,-1.8857,1.451,1.189,494.74,100.63,0.038459,18.763,0.26604,0.00016615
155,2.5,14.72,-1.9429,1.4007,1.4956,501,100.64,0.015528,18.763,0.26604,7.2307e-16
155,3,13.84,-2.2857,1.35,0.38793,534.87,100.64,0.046163,18.777,0.26604,1.1008
155,3.5,13.63,-1.9429,1.3426,0.55505,512.34,100.65,0.036599,18.79,0.26582,0.089113
155,4,13.85,-1.6571,1.3446,1.2122,509.65,100.67,0.045817,18.797,0.26565,0.0009885
155,4.5,13.14,-2,1.2762,1.1341,571.89,100.68,0.042977,18.797,0.26571,0.0010156
155,5,12.7,4,1.3002,0.89693,563.78,100.7,0.027507,18.803,0.26571,8.4443e-05
155,5.5,13.37,44.571,1.317,1.0357,567.77,100.74,0.029835,18.79,0.26549,3.6365e-05
155,6,14.2,120.29,1.3722,0.77316,514.83,100.78,0.060967,18.75,0.26538,0.23466
155,6.5,16.26,208.23,1.4407,1.6419,432.33,100.8,0.18708,18.72,0.26532,0.97331
155,7,17.74,307.09,1.4414,2.0132,418.33,100.82,0.23227,18.72,0.26527,1.0093
155,7.5,19.03,411.37,1.4351,2.4452,412.38,100.84,0.28064,18.72,0.26521,0.99421
155,8,19.77,510.29,1.4714,2.1113,410.51,100.86,0.24979,18.73,0.26488,1.0835
155,8.5,20.74,604.57,1.5318,1.9023,412.33,100.88,0.18927,18.72,0.26482,0.62579
155,9,21.47,692,1.5803,1.9144,412.02,100.89,0.25742,18.73,0.26477,1.4895
155,9.5,22.59,768,1.6469,0.77024,412.63,100.86,0.17154,18.713,0.26444,3.089
155,10,24.09,832,1.7225,0.77612,414.1,100.87,0.10609,18.69,0.26444,1.5441
155,10.5,25.22,885.14,1.7419,0.81381,414.07,100.86,0.17462,18.687,0.26416,2.9883
155,11,25.99,930.29,1.6796,0.73933,409.35,100.85,0.077671,18.7,0.26405,0.75528
155,11.5,27.47,957.71,1.6534,0.51473,403.51,100.82,0.10257,18.69,0.26389,2.7771
155,12,28.59,973.14,1.7416,0.65671,404.61,100.8,0.16289,18.673,0.26367,3.3575
155,12.5,29.47,980.57,1.7603,0.63687,404.87,100.77,0.11848,18.663,0.26367,2.5681
155,13,30.71,957.71,1.7749,0.51046,422.83,100.72,0.15015,18.633,0.26328,3.7157
155,13.5,31.12,940.57,1.9405,0.29842,424.55,100.7,0.30028,18.633,0.26328,4.8219
155,14,30.99,906.86,1.9087,1.9499,412.87,100.66,0.2175,18.657,0.26317,0.91352
155,14.5,31.21,861.71,1.9469,2.3404,409.24,100.62,0.25402,18.657,0.26295,0.8395
155,15,31.56,800.57,1.7614,2.3515,409.53,100.59,0.2631,18.66,0.26295,0.92198
155,15.5,31.6,721.14,1.7813,2.5529,410.05,100.56,0.27631,18.66,0.26262,0.83202
155,16,31.43,634.29,2,2.4747,411.65,100.53,0.25728,18.663,0.26257,0.72926
155,16.5,30.96,541.14,1.9826,2.979,412.25,100.52,0.27399,18.683,0.26257,0.46426
155,17,30.34,448.57,1.8883,3.5023,414.77,100.5,0.3781,18.707,0.26257,0.82528
155,17.5,29.95,345.49,1.8939,2.9788,414.57,100.49,0.29339,18.723,0.26257,0.60335
155,18,29.14,245.2,1.847,3.1255,418.31,100.48,0.31355,18.75,0.26257,0.64461
155,18.5,28.78,151.2,1.8583,2.837,423.56,100.49,0.26349,18.77,0.26257,0.48267
155,19,27.57,69.029,1.8578,2.3875,429.91,100.5,0.18992,18.797,0.26284,0.24483
155,19.5,25.77,9.2,1.8389,2.0712,444.73,100.51,0.12456,18.84,0.26295,0.049973
155,20,24.22,-3.2571,1.8082,1.2353,463.31,100.52,0.058729,18.88,0.26295,0.0086412
155,20.5,23.54,-2.8571,1.7612,0.80964,484.66,100.54,0.056817,18.897,0.26312,0.12767
155,21,23,-2.6857,1.7241,1.1105,464.23,100.55,0.027751,18.907,0.26334,4.3592e-06
155,21.5,22.58,-2.6286,1.6856,1.9091,470.1,100.57,0.043504,18.923,0.26334,9.2841e-07
155,22,20.63,-3.4286,1.658,1.7556,495.71,100.58,0.046839,18.957,0.26339,1.2024e-05
155,22.5,19.91,-2.5714,1.6917,1.7984,496.65,100.58,0.037422,18.973,0.26339,1.7486e-07
155,23,18.87,-2.7429,1.6695,1.6857,504.84,100.57,0.025677,18.983,0.26328,1.5375e-10
155,23.5,18.56,-2.0571,1.6516,1.9352,508.82,100.56,0.047167,19.003,0.26312,2.9081e-06
155,24,18.11,-2.2286,1.6544,1.968,498.03,100.55,0.068725,19.02,0.26306,0.00041354
156,0.5,18.08,-2.1714,1.6237,1.596,500.06,100.54,0.022799,19.04,0.26306,2.6954e-11
156,1,18.06,-1.7714,1.6169,0.3137,494.9,100.55,0.18784,19.067,0.26306,4.5612
156,1.5,18.61,-2.4,1.654,1.2603,494.24,100.56,0.017497,19.087,0.26301,1.1985e-11
156,2,17.57,-2.9143,1.632,1.1138,541.05,100.55,0.083167,19.097,0.2629,0.17836
156,2.5,17.76,-2.1143,1.6679,1.1842,528.79,100.55,0.083189,19.113,0.26273,0.12839
156,3,18,-2.4571,1.6871,0.62119,528.97,100.55,0.084018,19.123,0.26268,1.5088
156,3.5,17.08,-2.6286,1.5977,0.12034,598.76,100.55,0.18236,19.143,0.26268,4.9354
156,4,15.8,-2.5714,1.5229,0.56545,695.2,100.56,0.069417,19.157,0.26268,1.1961
156,4.5,14.78,-1.7143,1.4818,0.43563,718.06,100.57,0.056557,19.167,0.26268,1.3742
156,5,15.08,6.4,1.5261,0.45753,665.45,100.59,0.039934,19.17,0.26251,0.37356
156,5.5,18.39,58,1.4569,0.82449,548.38,100.61,0.054798,19.143,0.26241,0.093408
156,6,19.44,119.2,1.5009,0.40988,628.93,100.62,0.11579,19.093,0.2623,3.638
156,6.5,19.4,224.46,1.7673,0.75907,640.14,100.65,0.070537,19.077,0.2623,0.48366
156,7,20.63,325.6,1.735,1.1996,467.64,100.66,0.14023,19.077,0.26219,1.0477
156,7.5,22.52,431.2,1.7106,1.5783,449.06,100.67,0.18467,19.07,0.26186,1.0503
156,8,23.73,528,1.7346,2.2172,445.22,100.69,0.25641,19.08,0.26186,1.0162
156,8.5,24.56,624,1.8522,2.5423,443.64,100.69,0.2871,19.093,0.26169,0.94805
156,9,25.67,710.86,1.9052,2.2708,437.93,100.68,0.27506,19.09,0.26148,1.1548
156,9.5,26.52,778.86,1.8679,2.3676,434.42,100.67,0.22659,19.087,0.26142,0.54217
156,10,27.38,850.29,1.8628,2.1469,429.34,100.68,0.22565,19.083,0.26115,0.75648
156,10.5,28.62,897.71,1.956,1.5912,423.77,100.69,0.23399,19.073,0.26104,1.7905
156,11,29.42,945.71,1.9847,1.4949,420.57,100.67,0.19239,19.067,0.26077,1.3459
156,11.5,30.68,977.71,1.8531,0.8044,421.98,100.64,0.13358,19.063,0.26071,2.201
156,12,31.73,984,1.8727,0.77218,421.27,100.62,0.11474,19.05,0.26044,1.8259
156,12.5,31.44,1001.1,2.0316,1.5497,414.74,100.6,0.20658,19.053,0.26039,1.4607
156,13,32.18,954.86,1.9163,0.84739,415.32,100.58,0.16803,19.047,0.26028,2.7625
156,13.5,32.3,878.86,1.9909,1.3821,409.56,100.56,0.22087,19.04,0.26001,2.0723
156,14,31.9,902.29,2.0892,2.2733,407.66,100.53,0.27202,19.047,0.25995,1.1176
156,14.5,31.46,825.14,2.0782,2.8043,407.58,100.51,0.28073,19.053,0.25963,0.6397
156,15,30.64,752,1.8704,3.7773,411.15,100.49,0.37252,19.08,0.25963,0.60618
156,15.5,30.57,728,1.8327,4.0885,412.83,100.46,0.38748,19.083,0.25957,0.52228
156,16,29.99,609.14,1.762,4.1479,414.38,100.44,0.44584,19.093,0.2593,0.81379
156,16.5,29.62,499.43,1.6294,4.4154,416.04,100.42,0.45071,19.107,0.25925,0.68509
156,17,29.07,418.91,1.516,4.8572,416.81,100.41,0.52385,19.13,0.25925,0.82267
156,17.5,28.89,346.17,1.4513,5.0691,420.52,100.39,0.52737,19.143,0.25925,0.73103
156,18,28.31,271.71,1.5487,4.5438,423.07,100.39,0.46217,19.16,0.25925,0.67664
156,18.5,27.4,178.91,1.5302,3.554,423.21,100.41,0.39422,19.187,0.25936,0.8982
156,19,25.84,84.686,1.5063,2.8871,427.74,100.42,0.27889,19.23,0.25952,0.56152
156,19.5,23.54,17.314,1.5309,2.1104,441.19,100.43,0.093654,19.28,0.25963,0.0047451
156,20,21.8,-2.6857,1.4857,2.5283,441.7,100.43,0.17189,19.32,0.25963,0.10665
156,20.5,21.24,-3.4857,1.4691,2.917,438.65,100.44,0.25966,19.323,0.25963,0.40609
156,21,21.24,-4,1.4129,2.7963,434.14,100.47,0.29339,19.323,0.25963,0.75198
156,21.5,20.36,-4.2857,1.3474,2.9984,435.23,100.49,0.30879,19.353,0.25963,0.70627
156,22,20.63,-3.6,1.3071,4.2134,428.9,100.5,0.40791,19.367,0.25968,0.56614
156,22.5,20.06,-4.5714,1.2687,3.625,429.61,100.51,0.40222,19.387,0.25968,0.899
156,23,19.45,-4.0571,1.2161,4.0104,429.88,100.51,0.42941,19.437,0.25968,0.80377
156,23.5,19.25,-3.8286,1.1812,4.4881,428.77,100.5,0.47833,19.45,0.25968,0.79178
156,24,19.03,-4.2857,1.1572,4.4884,427.41,100.51,0.48089,19.463,0.25957,0.8054
157,0.5,18.51,-4.5714,1.1666,4.0262,428.14,100.51,0.42315,19.483,0.25946,0.75626
157,1,18.03,-4.1714,1.1725,3.8942,429.02,100.51,0.43773,19.503,0.25936,0.93493
157,1.5,17.48,-4.5143,1.166,3.535,429.35,100.51,0.3679,19.52,0.25936,0.73188
157,2,17,-4.4571,1.1538,3.472,429.66,100.51,0.37726,19.533,0.25936,0.84241
157,2.5,16.87,-4.2286,1.1386,3.685,427.45,100.51,0.39883,19.543,0.2593,0.83197
157,3,16.67,-4,1.0994,4.55,425.69,100.52,0.47559,19.543,0.25903,0.74264
157,3.5,16.41,-4.1714,1.0864,4.0313,424.86,100.54,0.4292,19.557,0.25898,0.78915
157,4,16.1,-4.2857,1.0748,3.9168,425.56,100.55,0.4529,19.567,0.25898,1.0157
157,4.5,15.58,-4.1714,1.0589,3.434,425.2,100.57,0.40504,19.573,0.25898,1.0742
157,5,15.6,0.97143,1.0339,4.649,423.09,100.59,0.53801,19.577,0.25881,1.0181
157,5.5,15.76,62.686,1.0295,5.6911,421.5,100.61,0.55335,19.56,0.25865,0.57537
157,6,16.24,150.11,1.0713,3.4296,418.78,100.67,0.3925,19.547,0.25865,0.98601
157,6.5,16.88,245.03,1.0751,4.6815,417.36,100.68,0.58224,19.53,0.25854,1.2368
157,7,17.31,353.09,1.061,6.6404,416.07,100.69,0.68517,19.527,0.25833,0.71089
157,7.5,17.7,452.63,1.0134,7.9458,415.04,100.71,0.76264,19.53,0.25817,0.54812
157,8,18.46,559.43,1.023,6.6854,413.22,100.76,0.66157,19.533,0.25817,0.61371
157,8.5,19.15,656.57,1.0285,5.991,412.32,100.79,0.60477,19.513,0.25806,0.65891
157,9,19.83,742.29,1.0276,6.137,412.06,100.81,0.58698,19.503,0.25784,0.54092
157,9.5,20.55,821.71,1.043,6.0782,410.87,100.8,0.63613,19.497,0.25773,0.74575
157,10,21.43,890.29,1.0226,6.1633,409.9,100.81,0.59608,19.487,0.25741,0.56404
157,10.5,21.95,943.43,1.0243,6.4755,409.57,100.83,0.61004,19.48,0.25741,0.51031
157,11,22.39,988.57,1.0349,5.8489,407.99,100.86,0.54316,19.477,0.25714,0.48241
157,11.5,22.92,1016.6,0.97929,5.4172,407.26,100.86,0.52216,19.467,0.25709,0.55692
157,12,23.27,1032.6,0.91519,5.164,407.05,100.86,0.57167,19.45,0.25682,0.89272
157,12.5,23.61,1036,0.83685,6.0625,407.52,100.84,0.56678,19.44,0.25671,0.4953
157,13,23.93,1020.6,0.79759,6.5456,408.38,100.82,0.6011,19.423,0.25666,0.46137
157,13.5,23.92,978.29,0.83897,6.3168,407.74,100.81,0.60515,19.413,0.25639,0.54421
157,14,23.73,948,0.84616,6.5293,408.1,100.8,0.56019,19.4,0.25634,0.34675
157,14.5,23.69,828.57,0.83856,6.6183,408.46,100.8,0.6097,19.393,0.25634,0.46728
157,15,23.51,821.71,0.82516,7.5342,409.18,100.76,0.65053,19.397,0.25612,0.35653
157,15.5,23.69,746.86,0.81513,7.0126,409.43,100.75,0.6813,19.383,0.25596,0.57364
157,16,23.59,655.43,0.79656,6.5379,410.5,100.74,0.65801,19.38,0.25596,0.65199
157,16.5,23.07,556.57,0.77107,6.7915,410.98,100.76,0.62419,19.38,0.25596,0.46292
157,17,22.44,460.57,0.76196,6.7091,410.65,100.77,0.59991,19.39,0.25596,0.41376
157,17.5,21.81,359.26,0.74238,6.426,411.34,100.74,0.57908,19.397,0.25596,0.42731
157,18,21.35,259.54,0.76418,6.3736,412.94,100.74,0.58913,19.4,0.25596,0.47359
157,18.5,20.71,160.17,0.76497,6.3452,414.31,100.75,0.57568,19.403,0.25596,0.43933
157,19,19.65,77.543,0.79209,6.3936,415.85,100.73,0.58302,19.413,0.25602,0.44847
157,19.5,18.28,12.743,0.84279,4.5751,417.9,100.76,0.34086,19.43,0.25596,0.17629
157,20,16.56,-4,0.9422,3.0344,421.11,100.78,0.29132,19.453,0.25602,0.54863
157,20.5,16.08,-4.2857,0.93956,3.7447,417.98,100.8,0.37601,19.433,0.25602,0.64659
157,21,15.49,-4,0.95891,4.0739,418.49,100.8,0.38172,19.413,0.25607,0.49972
157,21.5,15.2,-4.1143,0.94208,4.5549,418.95,100.8,0.40779,19.407,0.25607,0.41588
157,22,14.42,-4.9143,0.92114,2.9376,422.12,100.82,0.21576,19.413,0.25607,0.16357
157,22.5,14,-4.4,0.87597,0.26637,424.35,100.87,0.28601,19.43,0.25602,4.8439
157,23,13.43,-4.0571,0.85564,2.7385,426.47,100.85,0.26123,19.42,0.25591,0.53546
157,23.5,14.14,-3.8286,0.84254,4.1677,417.77,100.86,0.44462,19.39,0.2558,0.79435
157,24,13.83,-4.2286,0.86272,5.1557,416.95,100.86,0.51979,19.383,0.25575,0.65595
