day,hour,TairC,Rg_Wm-2,ea_kPa,U_ms-1,CO2_ppm,P_kPa,u*_ms-1,TsoilC,soilmoisture
182,0.5,24.25,0,1.1041,2.6577,425.54,100.91,0.19601,22.87,0.13142
182,1,23.95,0,1.0686,2.9768,421.83,100.89,0.24578,22.887,0.13114
182,1.5,23.66,0,0.98493,2.8048,417.73,100.88,0.23652,22.913,0.13109
182,2,24.15,0,0.99935,3.7632,419.07,100.86,0.33452,22.923,0.13092
182,2.5,23.21,0,1.0712,3.4168,422.13,100.83,0.31952,22.943,0.1307
182,3,22.7,0,1.1221,3.9133,415.35,100.8,0.38235,22.967,0.1307
182,3.5,21.91,0,1.271,4.0948,413.76,100.8,0.39462,22.983,0.13053
182,4,21.58,0,1.2992,4.1834,412.64,100.78,0.388,22.983,0.13032
182,4.5,21.22,0,1.3159,3.9286,417.77,100.79,0.37534,22.993,0.13032
182,5,21.38,1.9505,1.3024,4.3349,417.39,100.82,0.4181,22.997,0.13026
182,5.5,21.2,25.206,1.3415,3.6883,420.72,100.86,0.37585,23.003,0.13009
182,6,21.35,66.767,1.3872,2.3492,419.27,100.9,0.27326,23,0.12993
182,6.5,22.42,152.81,1.3757,3.5087,412.79,100.94,0.39734,22.99,0.12993
182,7,23.38,263.69,1.4437,3.7823,410.58,100.96,0.37198,22.977,0.12993
182,7.5,23.95,347.49,1.4835,3.9431,405.92,101,0.38045,22.987,0.12993
182,8,24.82,383.35,1.4987,3.957,402.71,101.05,0.42842,22.99,0.12988
182,8.5,25.87,538.63,1.527,3.3694,397.86,101.08,0.33916,22.99,0.12988
182,9,27.76,550.64,1.5501,2.5727,396.06,101.14,0.28455,22.967,0.12988
182,9.5,28.55,560.39,1.7263,2.1923,396.01,101.24,0.25217,22.977,0.12982
182,10,27.98,747.19,1.9539,2.7377,414.6,101.27,0.34234,22.977,0.12988
182,10.5,30.37,830.46,2.1132,1.314,410.61,101.28,0.22236,22.95,0.13015
182,11,32.32,837.96,1.8928,1.7742,408.1,101.28,0.23151,22.947,0.13026
182,11.5,32.86,579.14,1.9639,0.96293,398.72,101.27,0.17171,22.97,0.13053
182,12,34.25,908.48,2.2332,0.97867,387.47,101.25,0.1167,22.95,0.13087
182,12.5,34.96,758.44,1.9214,1.2495,394.34,101.26,0.16346,22.93,0.13109
182,13,34.1,761.44,1.8697,1.2206,392.52,101.25,0.12393,22.973,0.13125
182,13.5,35.06,728.43,2.0462,1.9797,406.17,101.25,0.15063,22.933,0.13153
182,14,33.04,638.41,1.7124,2.7982,389.2,101.25,0.27482,22.977,0.13169
182,14.5,33.09,722.43,1.4525,3.6126,389.39,101.22,0.344,22.96,0.13197
182,15,32.74,551.39,1.4405,3.5587,388.22,101.19,0.33961,22.953,0.13197
182,15.5,32.43,530.38,1.3912,3.3094,387.32,101.18,0.30732,22.957,0.13197
182,16,33.51,672.92,1.4162,3.6279,389.22,101.15,0.35172,22.937,0.13197
182,16.5,33.42,503.83,1.4142,4.0612,392.38,101.1,0.40131,22.937,0.13197
182,17,32.24,329.56,1.3512,3.7349,392.07,101.1,0.36259,22.973,0.13197
182,17.5,31.23,222.58,1.4585,3.1042,393.41,101.06,0.31435,22.983,0.13197
182,18,31.45,142.01,1.2823,4.6233,397.3,100.98,0.41323,22.983,0.13202
182,18.5,31.24,54.989,1.1854,3.2209,400.96,100.96,0.30698,22.987,0.13197
182,19,29.48,24.981,1.3699,2.7782,409.14,100.99,0.2548,23.003,0.13169
182,19.5,27.65,7.2018,1.4206,4.2737,418.97,101.02,0.36777,23.03,0.13169
182,20,26.87,0,1.386,2.9677,425.16,101.02,0.26439,23.04,0.13158
182,20.5,25.43,0,1.3963,2.1409,428.71,101.02,0.18934,23.063,0.13136
182,21,24.31,0,1.3743,2.1128,435.96,101.07,0.13061,23.073,0.13136
182,21.5,24.93,0,1.2193,2.6961,416.01,101.1,0.22506,23.08,0.13109
182,22,25.51,0,1.0957,3.205,413,101.08,0.30309,23.083,0.13103
182,22.5,26.3,0,0.94125,3.292,411.66,101.06,0.3103,23.09,0.13076
182,23,25.89,0,1.0225,3.1545,411.38,101.02,0.30668,23.117,0.13064
182,23.5,25.38,0,1.0244,3.2116,411.11,101.01,0.29735,23.143,0.13059
182,24,25.32,0,0.94135,3.0426,410.19,101.08,0.27753,23.16,0.13032
183,0.5,24.88,0,1.0016,2.7136,412.59,101.12,0.25887,23.17,0.13026
183,1,25.56,0,0.88252,3.0152,411.78,101.11,0.29805,23.173,0.13021
183,1.5,25.72,0,0.86846,3.9606,411.43,101.06,0.38741,23.183,0.12998
183,2,25.45,0,0.97306,2.8797,412.79,101.09,0.32072,23.197,0.12988
183,2.5,24.38,0,1.1225,0.54007,426.05,101.18,0.17162,23.22,0.12988
183,3,23.05,0,1.1456,3.4326,418.36,101.1,0.33241,23.24,0.12988
183,3.5,22.69,0,1.1655,1.8376,410.47,101.08,0.25753,23.23,0.12971
183,4,21.95,0,1.2899,0.37044,421.25,101.11,0.40105,23.23,0.1296
183,4.5,21.02,0,1.4529,2.6769,417.46,101.2,0.43479,23.227,0.1296
183,5,20.06,0.22506,1.4448,2.5835,411.94,101.17,0.28166,23.227,0.12954
183,5.5,20.14,17.854,1.4615,2.2151,415.44,101.21,0.20585,23.217,0.12943
183,6,20.17,62.491,1.4937,2.7517,416.3,101.24,0.26545,23.207,0.12933
183,6.5,21.11,144.64,1.4009,4.1935,403.78,101.22,0.4504,23.193,0.12922
183,7,21.86,147.64,1.3452,5.7952,397.79,101.24,0.5916,23.18,0.12922
183,7.5,22.11,147.04,1.339,5.4708,400.68,101.25,0.56856,23.183,0.12922
183,8,22.09,209.9,1.356,5.5574,401.79,101.27,0.52138,23.183,0.12922
183,8.5,22.35,196.85,1.3906,5.1391,405.44,101.29,0.52014,23.183,0.12922
183,9,23.11,413.58,1.4314,5.2777,402.1,101.3,0.54738,23.163,0.12922
183,9.5,23.98,416.05,1.4641,5.5602,399.15,101.3,0.56036,23.153,0.12916
183,10,25.47,544.64,1.5068,3.9286,394.36,101.35,0.44304,23.143,0.12916
183,10.5,26.2,522.21,1.4422,4.0845,393.52,101.34,0.42627,23.137,0.12911
183,11,26.77,528.88,1.406,4.6642,394.14,101.34,0.46441,23.14,0.12916
183,11.5,27.31,791.45,1.4909,4.8586,394.29,101.32,0.50623,23.123,0.12933
183,12,27.77,666.17,1.4194,4.3219,393.23,101.33,0.45116,23.113,0.12949
183,12.5,27.16,517.7,1.3479,5.4557,391.87,101.33,0.53927,23.123,0.12949
183,13,26.94,506.08,1.3992,5.3234,390.8,101.29,0.5597,23.123,0.12971
183,13.5,28.23,738.18,1.4936,5.1802,387.43,101.28,0.50447,23.09,0.12982
183,14,29.23,881.47,1.4883,6.2272,388.72,101.22,0.57123,23.067,0.12982
183,14.5,29.18,873.22,1.5152,6.7836,389.26,101.17,0.6003,23.067,0.12988
183,15,28.72,667.67,1.4036,6.0763,389.63,101.17,0.59242,23.08,0.13015
183,15.5,28.86,754.69,1.5176,5.758,389.79,101.18,0.53717,23.07,0.13015
183,16,28.94,457.16,1.3621,4.9479,390.62,101.14,0.46303,23.06,0.13032
183,16.5,28.24,346.51,1.3017,5.1191,392.68,101.15,0.48067,23.07,0.13048
183,17,27.47,242.39,1.1997,4.2924,392.41,101.15,0.39558,23.07,0.13053
183,17.5,26.82,69.767,1.0598,4.2066,400.99,101.15,0.39144,23.067,0.13048
183,18,26.06,57.164,1.1196,4.7028,399.31,101.14,0.44019,23.063,0.13026
183,18.5,25.86,57.464,1.0544,3.9447,400.67,101.19,0.34108,23.057,0.13021
183,19,24.77,30.683,1.1603,4.1379,398.49,101.21,0.37849,23.06,0.13015
183,19.5,23.59,8.5521,1.1903,3.1849,405.11,101.2,0.31077,23.063,0.12993
183,20,22.2,0,1.4114,3.9611,410.99,101.2,0.41018,23.07,0.12993
183,20.5,21.39,0,1.4374,4.3157,409.25,101.19,0.43177,23.07,0.12977
183,21,20.61,0,1.3686,5.0093,406.54,101.19,0.50163,23.07,0.1296
183,21.5,19.82,0,1.3773,4.4087,400.23,101.26,0.41721,23.067,0.12954
183,22,19.52,0,1.4514,4.8132,404.01,101.3,0.47858,23.063,0.12938
183,22.5,19.45,0,1.4316,5.7945,402.83,101.3,0.58612,23.063,0.12927
183,23,19.48,0,1.4363,5.6013,403.28,101.27,0.5589,23.067,0.12927
183,23.5,18.89,0,1.4533,4.7842,401.53,101.28,0.49818,23.08,0.12911
183,24,18.72,0,1.474,4.6529,402.84,101.25,0.45628,23.103,0.12889
184,0.5,18.62,0,1.4727,4.1971,411.34,101.24,0.4124,23.103,0.12889
184,1,18.28,0,1.4694,3.0526,412.55,101.21,0.31622,23.103,0.12878
184,1.5,18.17,0,1.4655,3.1151,410.72,101.19,0.31965,23.107,0.12861
184,2,18.11,0,1.4768,2.145,407.94,101.18,0.2417,23.103,0.1285
184,2.5,18.1,0,1.4877,2.1599,409.33,101.17,0.22253,23.103,0.1285
184,3,17.92,0,1.48,2.0329,410.48,101.19,0.19066,23.1,0.12839
184,3.5,17.3,0,1.4998,2.1093,411.97,101.19,0.20185,23.097,0.12823
184,4,16.99,0,1.5291,1.7667,416.09,101.24,0.14479,23.097,0.12817
184,4.5,16.22,0,1.5219,1.4424,424.55,101.3,0.092021,23.093,0.12817
184,5,15.71,1.6504,1.5177,1.989,423.38,101.36,0.17756,23.087,0.12801
184,5.5,16.24,14.479,1.5313,2.8027,404.9,101.38,0.2801,23.067,0.12784
184,6,16.66,88.447,1.5443,3.4897,402.54,101.37,0.37823,23.04,0.12784
184,6.5,16.9,115.75,1.5508,3.2618,400.91,101.37,0.3613,23.027,0.12784
184,7,17.06,103.23,1.5423,3.0139,399.26,101.37,0.32138,23.033,0.12778
184,7.5,17.39,171.19,1.5542,3.4121,399.53,101.39,0.35859,23.027,0.12773
184,8,18.8,348.69,1.6013,4.1499,394.68,101.4,0.44956,22.987,0.12762
184,8.5,20.57,500.53,1.641,4.2158,396.3,101.42,0.41733,22.947,0.12757
184,9,22.33,624.16,1.7295,3.5941,395.37,101.39,0.42055,22.93,0.12762
184,9.5,23.21,787.7,1.7251,3.7406,395.03,101.38,0.39479,22.943,0.12768
184,10,24.44,849.21,1.7351,3.4432,394.83,101.39,0.37017,22.933,0.12762
184,10.5,25.84,900.23,1.7547,3.1691,392.31,101.38,0.33667,22.923,0.12778
184,11,27.14,939.23,1.7303,3.0198,391.77,101.35,0.29938,22.913,0.12801
184,11.5,28.24,972.99,1.6586,3.7729,391.96,101.32,0.40315,22.903,0.12817
184,12,29.07,993.25,1.6721,3.7473,392.54,101.28,0.41444,22.89,0.12833
184,12.5,29.72,1000,1.61,3.9564,391.19,101.24,0.39323,22.883,0.12867
184,13,30.69,988,1.5785,3.5881,390.32,101.21,0.39194,22.877,0.12894
184,13.5,31.63,963.24,1.5266,3.6336,390.91,101.18,0.35908,22.853,0.12916
184,14,31.74,921.23,1.5071,3.9292,390.03,101.14,0.39162,22.857,0.12943
184,14.5,32,868.72,1.5071,4.1757,389.34,101.09,0.41052,22.853,0.12977
184,15,32.23,803.45,1.5944,4.0412,388.57,101.05,0.3942,22.847,0.13004
184,15.5,32.19,725.43,1.5946,4.3361,390.05,101.03,0.44128,22.847,0.13026
184,16,31.7,634.66,1.5598,4.6417,391.49,101.02,0.46113,22.853,0.13048
184,16.5,30.77,539.38,1.6829,5.4355,392.87,101,0.54713,22.863,0.13048
184,17,29.31,442.84,1.7114,5.8221,393.58,100.97,0.56297,22.873,0.13053
184,17.5,28.46,346.06,1.6718,5.8511,395.75,100.96,0.54841,22.873,0.13053
184,18,27.78,249.14,1.6348,5.6943,398.83,100.95,0.53143,22.877,0.13053
184,18.5,26.71,159.34,1.6562,5.4812,399.39,100.95,0.5394,22.89,0.13048
184,19,25.02,82.296,1.6315,5.6949,401.55,100.95,0.55746,22.903,0.13021
184,19.5,23.63,24.831,1.6083,5.4809,402.91,100.96,0.54855,22.917,0.13021
184,20,22.56,0,1.5832,6.3697,403.23,100.96,0.61492,22.923,0.12998
184,20.5,21.87,0,1.5733,5.8486,404.59,100.99,0.57521,22.927,0.12993
184,21,21.1,0,1.5551,5.7834,405.06,101,0.58879,22.933,0.12965
184,21.5,20.97,0,1.5462,5.6586,405.49,101.01,0.56505,22.94,0.12954
184,22,20.9,0,1.5121,5.9275,405.75,101.03,0.5688,22.953,0.12933
184,22.5,20.62,0,1.485,5.4649,399.9,101.03,0.56267,22.97,0.12922
184,23,20.74,0,1.431,5.7698,400.18,101,0.575,22.983,0.12911
184,23.5,20.33,0,1.4639,5.7095,399.75,100.97,0.57384,23.007,0.12889
184,24,20.08,0,1.4708,5.7649,400.35,100.97,0.55212,23.02,0.12883
185,0.5,19.99,0,1.4633,5.3667,399.49,100.97,0.53142,23.037,0.12861
185,1,19.48,0,1.456,3.7359,400.58,100.97,0.39926,23.05,0.1285
185,1.5,18.83,0,1.4677,4.2808,402.09,100.99,0.41393,23.077,0.1285
185,2,18.37,0,1.4832,5.163,399.68,101,0.5098,23.09,0.12828
185,2.5,18.04,0,1.508,4.7901,400.14,101,0.49097,23.097,0.12817
185,3,17.68,0,1.5166,5.6061,399.54,100.98,0.57326,23.103,0.12817
185,3.5,17.36,0,1.5186,5.8222,398.63,100.97,0.56793,23.107,0.12801
185,4,17.05,0,1.5073,5.4786,398.39,100.97,0.53718,23.11,0.12784
185,4.5,16.81,0,1.4895,4.7728,398.42,100.99,0.49848,23.11,0.12778
185,5,16.43,0.90023,1.4836,5.3203,397.94,101.01,0.54173,23.113,0.12784
185,5.5,16.17,18.68,1.4895,4.0206,396.38,101.02,0.45999,23.107,0.12768
185,6,16.83,104.58,1.5247,4.3238,395.84,101.03,0.4896,23.09,0.12746
185,6.5,17.78,213.8,1.5445,4.678,395.15,101.05,0.47078,23.067,0.12746
185,7,18.41,314.03,1.5559,4.386,392.26,101.07,0.47252,23.067,0.1274
185,7.5,19.6,415.38,1.5957,3.856,390.39,101.08,0.43143,23.04,0.1274
185,8,20.28,516.35,1.6266,3.9326,389.59,101.09,0.42459,23.033,0.12734
185,8.5,20.98,612.15,1.6459,4.29,388.63,101.08,0.45777,23.043,0.12734
185,9,22.13,700.68,1.6752,3.8761,388.53,101.08,0.41053,23.043,0.12734
185,9.5,23.29,780.95,1.702,4.208,390.04,101.07,0.454,23.027,0.12729
185,10,24.49,849.96,1.7465,4.1118,391.51,101.05,0.41865,23.017,0.12729
185,10.5,25.74,908.48,1.7728,4.2356,388.35,101.04,0.4348,23.007,0.12751
185,11,26.33,954.99,1.7669,4.566,386.84,101.02,0.45484,23,0.12762
185,11.5,27.62,988.75,1.8636,4.4504,387.42,101.01,0.44677,22.987,0.12778
185,12,28.46,1006.8,1.8384,4.6592,389.01,100.99,0.46424,22.977,0.12795
185,12.5,29.6,1009,1.7967,4.5775,388.05,100.96,0.44798,22.963,0.12828
185,13,30.47,996.25,1.8091,4.4775,386.71,100.93,0.47169,22.967,0.12844
185,13.5,30.69,971.49,1.7406,5.2693,389.28,100.9,0.53611,22.95,0.12867
185,14,30.97,932.48,1.7696,5.5468,390.14,100.87,0.52216,22.95,0.12905
185,14.5,31.12,880.72,1.7939,5.4312,388.21,100.85,0.52158,22.95,0.12927
185,15,30.98,816.95,1.8223,5.5077,388.36,100.83,0.55347,22.953,0.12949
185,15.5,30.52,750.94,1.8357,6.1985,387.9,100.8,0.59959,22.957,0.12977
185,16,29.55,621.91,1.8214,6.1371,389.23,100.79,0.61381,22.963,0.12982
185,16.5,29.18,523.03,1.7687,6.2449,388.5,100.77,0.65946,22.963,0.12998
185,17,29.02,443.89,1.7588,5.9531,389.68,100.77,0.60486,22.96,0.12998
185,17.5,27.75,349.66,1.6741,6.7048,392.81,100.78,0.68025,22.973,0.12988
185,18,26.51,250.49,1.6018,7.2761,392.32,100.77,0.72031,22.987,0.12982
185,18.5,25.15,159.34,1.5454,7.8097,394.2,100.76,0.71459,23,0.12982
185,19,23.89,80.795,1.5217,7.2995,396.1,100.78,0.72354,23.01,0.1296
185,19.5,22.15,21.83,1.5119,6.9229,396.94,100.81,0.70801,23.027,0.12954
185,20,20.81,0,1.5205,7.6143,396.65,100.83,0.72349,23.033,0.12933
185,20.5,20.09,0,1.5324,6.8708,398.19,100.85,0.70269,23.027,0.12922
185,21,19.54,0,1.5361,6.4336,398.67,100.9,0.68452,23.033,0.12894
185,21.5,19.62,0,1.5244,5.6985,400.02,100.92,0.62785,23.043,0.12883
185,22,19.38,0,1.4809,3.3296,397.96,100.98,0.37437,23.073,0.12861
185,22.5,18.77,0,1.4632,4.3874,398.12,100.99,0.43492,23.1,0.1285
185,23,18.25,0,1.4679,5.5267,398.94,100.97,0.57003,23.113,0.12828
185,23.5,17.85,0,1.4862,5.9842,397.28,100.97,0.56759,23.127,0.12817
185,24,17.52,0,1.4778,5.7974,398.38,100.96,0.5824,23.14,0.12806
186,0.5,17.18,0,1.491,5.7919,399.67,100.98,0.56561,23.153,0.12784
186,1,16.84,0,1.5192,6.1695,399.07,100.98,0.62021,23.163,0.12778
186,1.5,16.6,0,1.529,6.5274,399.53,100.97,0.66277,23.173,0.12768
186,2,16.34,0,1.5021,6.9955,398.94,100.98,0.70143,23.177,0.12746
186,2.5,16.08,0,1.4993,7.2978,398.17,100.99,0.72385,23.183,0.12746
186,3,15.95,0,1.5195,8.1774,397.33,101,0.82306,23.187,0.12729
186,3.5,15.95,0,1.534,8.0248,396.78,101.02,0.79175,23.187,0.12713
186,4,15.96,0,1.5186,7.9224,395.01,101.04,0.76824,23.19,0.12707
186,4.5,15.9,0,1.5038,7.6147,396.94,101.08,0.75089,23.19,0.12702
186,5,15.77,3.5259,1.5128,7.0368,396.41,101.1,0.70793,23.19,0.12685
186,5.5,16.15,46.212,1.517,7.1221,397.09,101.14,0.7002,23.173,0.12668
186,6,16.48,121.83,1.538,7.1906,396.24,101.17,0.76095,23.16,0.12668
186,6.5,17.03,217.1,1.5516,7.2508,393.71,101.19,0.77665,23.15,0.12668
186,7,17.67,316.2,1.5613,6.4946,393.06,101.25,0.73577,23.143,0.12652
186,7.5,18.19,416.8,1.5742,6.7328,391.83,101.29,0.69053,23.133,0.12647
186,8,18.59,516.8,1.583,6.8843,390.66,101.33,0.7175,23.113,0.12641
186,8.5,19.34,612.15,1.6116,6.8548,390.22,101.36,0.7171,23.1,0.12636
186,9,19.9,700.68,1.6175,6.6456,389.26,101.39,0.69136,23.093,0.12636
186,9.5,20.55,779.44,1.6363,6.8247,389.09,101.38,0.66853,23.083,0.12641
186,10,21.01,846.21,1.6338,7.0852,388.91,101.37,0.67629,23.077,0.12652
186,10.5,21.75,903.23,1.6701,6.8024,387.31,101.37,0.72966,23.067,0.12657
186,11,22.51,946.74,1.6883,6.9459,386.47,101.36,0.69635,23.047,0.12657
186,11.5,23.27,978.24,1.7079,6.9408,386.68,101.36,0.71675,23.03,0.12679
186,12,24.06,997.75,1.7065,6.9624,386.58,101.35,0.70866,23.017,0.12691
186,12.5,24.64,1007.5,1.6975,7.1883,387.23,101.33,0.73147,23.01,0.12718
186,13,24.84,1012,1.6445,7.8287,387.58,101.32,0.75603,23.003,0.12729
186,13.5,25.11,949.74,1.6651,7.773,386.58,101.29,0.7843,22.987,0.12757
186,14,25.34,927.98,1.6842,7.6804,385.9,101.26,0.73994,22.977,0.12768
186,14.5,25.65,871.72,1.7054,7.3303,386.02,101.24,0.69449,22.967,0.12795
186,15,25.48,792.95,1.6905,7.4696,386.2,101.22,0.74541,22.97,0.12817
186,15.5,25.45,741.94,1.6894,7.7149,387.24,101.19,0.74713,22.963,0.12839
186,16,24.89,645.16,1.6614,8.4484,388.31,101.16,0.80413,22.963,0.12839
186,16.5,24.12,545.39,1.649,8.6721,388.76,101.14,0.8282,22.967,0.12839
186,17,23.57,437.21,1.6281,8.5014,390.43,101.14,0.81922,22.96,0.12839
186,17.5,23.02,349.29,1.6024,7.9383,390.18,101.17,0.76071,22.96,0.12839
186,18,22.35,221.68,1.6004,6.7886,391.36,101.18,0.70018,22.957,0.12839
186,18.5,21.84,146.59,1.5825,6.1268,393.89,101.21,0.62757,22.963,0.12839
186,19,21.11,76.669,1.5405,5.5606,391.69,101.25,0.58008,22.96,0.12817
186,19.5,19.98,16.879,1.5479,5.0554,392.61,101.27,0.49883,22.967,0.12812
186,20,18.99,0,1.5384,5.8169,392.37,101.3,0.59705,22.963,0.12795
186,20.5,18.07,0,1.5311,5.5975,393.29,101.31,0.57037,22.977,0.12778
186,21,17.48,0,1.5205,6.0593,393.56,101.32,0.62173,22.99,0.12768
186,21.5,17.12,0,1.5122,6.3157,392.9,101.35,0.61689,22.99,0.12746
186,22,16.73,0,1.5168,5.9026,392.69,101.36,0.59282,22.993,0.1274
186,22.5,16.59,0,1.513,6.2109,391.99,101.41,0.65,23.003,0.12718
186,23,16.38,0,1.4966,6.3638,392.13,101.43,0.66177,23.01,0.12707
186,23.5,16.25,0,1.4898,6.5152,392.27,101.47,0.65732,23.013,0.12696
186,24,16.1,0,1.4902,6.5938,391.79,101.47,0.67787,23.017,0.12674
187,0.5,15.96,0,1.4915,6.4036,391.62,101.5,0.62746,23.023,0.12668
187,1,15.83,0,1.4863,5.9551,391.61,101.5,0.57093,23.027,0.12657
187,1.5,15.68,0,1.4846,5.6185,393.02,101.5,0.60077,23.03,0.12641
187,2,15.74,0,1.4795,6.556,392.66,101.49,0.66092,23.027,0.12636
187,2.5,15.8,0,1.4781,7.1586,393.05,101.5,0.71584,23.027,0.1263
187,3,15.81,0,1.4736,6.5373,392.96,101.52,0.63613,23.023,0.12614
187,3.5,15.52,0,1.4747,5.2207,395.42,101.54,0.52175,23.027,0.12597
187,4,15.4,0,1.4686,4.9418,394.59,101.57,0.56451,23.023,0.12597
187,4.5,15.34,0,1.4508,6.3914,395.57,101.6,0.64643,23.01,0.12597
187,5,15.18,2.5506,1.4291,6.0889,395.68,101.65,0.61744,23.007,0.12581
187,5.5,15.33,25.806,1.4394,6.9468,393,101.68,0.69455,22.99,0.12564
187,6,15.54,70.443,1.4395,6.6875,393.66,101.71,0.72706,22.977,0.12558
187,6.5,16.05,200.08,1.457,7.1241,392.33,101.74,0.69857,22.957,0.12558
187,7,17.12,375.99,1.4945,6.2708,391.01,101.76,0.68849,22.933,0.12558
187,7.5,17.81,512.15,1.5144,6.7241,389.6,101.76,0.69044,22.92,0.12553
187,8,17.88,534.88,1.5092,6.4868,389.62,101.8,0.65273,22.91,0.12553
187,8.5,18.71,576.89,1.5311,5.7503,388.55,101.8,0.5817,22.893,0.12553
187,9,19.87,726.93,1.5443,5.7116,387.76,101.79,0.58705,22.867,0.1241
187,9.5,20.58,806.45,1.5301,6.0787,388.82,101.78,0.59022,22.92,0.12542
187,10,21.12,850.71,1.5222,5.5767,387.65,101.77,0.59396,22.907,0.12548
187,10.5,22.06,919.73,1.4994,5.5781,387.17,101.78,0.56427,22.857,0.12564
187,11,22.68,977.49,1.4645,5.5786,387.34,101.77,0.54637,22.837,0.12581
187,11.5,23.05,999.25,1.4172,5.6251,386.88,101.74,0.53427,22.823,0.12586
187,12,24.18,1041.3,1.4218,5.7374,384.88,101.72,0.57268,22.797,0.12608
187,12.5,24.38,789.2,1.5101,5.7095,384.46,101.7,0.54948,22.803,0.12619
187,13,25.3,1044.3,1.597,6.1723,382.65,101.66,0.60454,22.787,0.12652
187,13.5,26.14,968.49,1.6333,6.7524,384.56,101.62,0.65274,22.76,0.12663
187,14,26.75,936.23,1.6299,6.641,385.3,101.59,0.63347,22.75,0.12691
187,14.5,27.21,870.22,1.6244,6.9833,385.91,101.56,0.66498,22.743,0.12723
187,15,27.22,797.45,1.5936,7.1455,386.65,101.52,0.66782,22.75,0.12746
187,15.5,27.44,732.18,1.5818,6.9653,387.33,101.48,0.66367,22.747,0.12762
187,16,27.57,645.16,1.5765,6.5992,387.53,101.45,0.64074,22.74,0.12773
187,16.5,27.43,549.89,1.5494,6.4138,388.31,101.44,0.64066,22.743,0.12795
187,17,26.74,448.91,1.5447,6.5686,389.05,101.44,0.63789,22.75,0.12795
187,17.5,25.48,291.52,1.5086,6.9594,390.01,101.44,0.65781,22.757,0.12801
187,18,24.66,251.01,1.5024,6.9899,390.98,101.43,0.65494,22.76,0.12789
187,18.5,24.12,165.42,1.4813,6.8893,391.72,101.43,0.6787,22.76,0.12768
187,19,23.23,82.446,1.5019,6.0587,393.74,101.43,0.6235,22.763,0.12768
187,19.5,22.1,21.755,1.5241,5.9143,395.51,101.44,0.57387,22.773,0.12762
187,20,21.2,0,1.5242,6.3008,396.04,101.46,0.62676,22.773,0.1274
187,20.5,20.31,0,1.5174,6.4783,395.78,101.47,0.63195,22.77,0.12734
187,21,19.5,0,1.5194,6.8464,395.59,101.49,0.64967,22.773,0.12718
187,21.5,18.83,0,1.5287,6.8138,396.14,101.49,0.67965,22.787,0.12702
187,22,18.44,0,1.5302,7.2102,396.32,101.49,0.67703,22.807,0.12691
187,22.5,18.17,0,1.5308,6.9617,395.9,101.49,0.69132,22.813,0.12668
187,23,17.98,0,1.535,6.9664,396.65,101.5,0.6702,22.823,0.12663
187,23.5,17.89,0,1.5436,7.1181,397.39,101.48,0.70365,22.83,0.12647
187,24,17.7,0,1.5414,6.7809,396.36,101.47,0.68507,22.837,0.1263
188,0.5,17.5,0,1.536,6.8164,395.77,101.47,0.68552,22.847,0.1263
188,1,17.34,0,1.5376,6.1496,395.46,101.48,0.62126,22.85,0.12619
188,1.5,17.26,0,1.544,6.0187,395.52,101.47,0.62286,22.857,0.12597
188,2,17.24,0,1.5352,6.0295,395.72,101.46,0.59052,22.857,0.12597
188,2.5,17.1,0,1.5222,4.5503,395.51,101.48,0.48276,22.863,0.12597
188,3,16.95,0,1.5178,4.3786,395.52,101.51,0.39562,22.867,0.12581
188,3.5,16.83,0,1.5194,4.6906,395.51,101.5,0.43356,22.863,0.12564
188,4,16.77,0,1.5222,4.5107,395.55,101.52,0.42819,22.86,0.12558
188,4.5,16.61,0,1.5224,4.4379,395.43,101.54,0.47936,22.86,0.12558
188,5,16.37,0.67517,1.5254,5.3847,394.17,101.56,0.5069,22.853,0.12548
188,5.5,16.46,29.257,1.5323,5.3836,393.74,101.59,0.5099,22.847,0.12531
188,6,16.75,78.02,1.5437,5.264,391.85,101.6,0.52687,22.833,0.1252
188,6.5,17.78,237.21,1.5815,5.3075,391.21,101.62,0.52636,22.803,0.1252
188,7,17.86,223.11,1.5709,5.975,391.5,101.63,0.5877,22.81,0.1252
188,7.5,18.9,434.66,1.6037,6.212,390.9,101.63,0.61271,22.79,0.12514
188,8,19.72,561.89,1.6184,6.1338,390.37,101.65,0.62356,22.76,0.12514
188,8.5,20.45,759.94,1.6483,6.4098,388.87,101.64,0.61197,22.753,0.12514
188,9,20.61,768.19,1.6654,5.7284,386.43,101.61,0.55985,22.77,0.12509
188,9.5,21.42,908.48,1.692,5.2284,385.76,101.62,0.53644,22.753,0.12509
188,10,21.46,886.72,1.7062,5.2238,385.91,101.6,0.50136,22.75,0.12531
188,10.5,21.31,617.4,1.6921,4.8111,385.23,101.58,0.47271,22.757,0.12542
188,11,22.9,833.46,1.7318,5.1903,384.76,101.55,0.4876,22.727,0.12553
188,11.5,24.56,1016.5,1.7214,5.6494,386.53,101.52,0.5745,22.687,0.12575
188,12,25.28,1016.5,1.7178,5.9744,386.07,101.48,0.6069,22.687,0.12575
188,12.5,25.83,1012.8,1.6774,6.1717,386.43,101.42,0.63688,22.687,0.12608
188,13,25.96,1001.5,1.6186,6.5517,385.88,101.38,0.61782,22.69,0.12619
188,13.5,26.31,975.99,1.6159,6.4956,385.68,101.35,0.60376,22.67,0.12652
188,14,26.49,936.23,1.6723,6.2039,384.16,101.33,0.61292,22.663,0.12679
188,14.5,26.03,861.97,1.6466,6.4411,383.28,101.31,0.64148,22.673,0.12707
188,15,25.43,812.45,1.6699,7.2282,383.98,101.26,0.68625,22.673,0.12723
188,15.5,24.97,733.68,1.6554,6.6194,385.57,101.23,0.62842,22.673,0.12746
188,16,24.92,643.66,1.6309,6.9449,386.59,101.2,0.69607,22.67,0.12762
188,16.5,24.95,543.89,1.6121,6.7454,387.87,101.18,0.67381,22.667,0.12762
188,17,24.72,443.44,1.6078,6.8314,389.01,101.17,0.65931,22.667,0.12762
188,17.5,24.17,344.79,1.5855,6.8355,391.47,101.16,0.62343,22.68,0.12757
188,18,23.34,248.61,1.5876,6.3346,391.49,101.15,0.63504,22.683,0.1274
188,18.5,22.32,158.36,1.5654,6.4564,392.65,101.15,0.6159,22.697,0.12729
188,19,21.28,78.47,1.5749,5.4193,393.52,101.15,0.54059,22.707,0.12729
188,19.5,20.14,20.555,1.5508,5.7082,394.45,101.14,0.58176,22.707,0.12707
188,20,19.26,0,1.4944,5.5378,392.46,101.17,0.56123,22.707,0.12696
188,20.5,18.71,0,1.4666,5.7131,392.89,101.18,0.57133,22.717,0.12679
188,21,18.19,0,1.4448,6.5093,393.12,101.18,0.612,22.737,0.12663
188,21.5,17.76,0,1.465,6.3955,395.14,101.19,0.62621,22.747,0.12647
188,22,17.26,0,1.4653,5.8104,394.67,101.18,0.59459,22.757,0.1263
188,22.5,16.86,0,1.458,6.5131,395.07,101.15,0.67399,22.77,0.12619
188,23,16.65,0,1.4528,6.2807,396.74,101.13,0.61814,22.777,0.12597
188,23.5,16.5,0,1.4284,5.5827,398.99,101.15,0.59087,22.787,0.12597
188,24,16.37,0,1.4424,5.368,397.86,101.15,0.5385,22.793,0.12575
189,0.5,16.18,0,1.4629,6.3061,392.42,101.14,0.60046,22.8,0.12558
189,1,16.2,0,1.4453,6.773,391.02,101.13,0.64599,22.807,0.12558
189,1.5,16.09,0,1.4319,5.7872,391.43,101.12,0.56309,22.81,0.12537
189,2,16,0,1.4126,5.687,391.19,101.11,0.56405,22.817,0.1252
189,2.5,15.91,0,1.4125,5.9294,392.92,101.07,0.56946,22.82,0.1252
189,3,15.85,0,1.3892,6.1762,390.48,101.07,0.60505,22.82,0.12503
189,3.5,15.65,0,1.371,5.6057,390.8,101.05,0.56517,22.82,0.12503
189,4,15.38,0,1.37,5.3313,389.78,101.05,0.51695,22.82,0.12487
189,4.5,15.27,0,1.3701,5.5512,389.36,101.07,0.56369,22.813,0.12482
189,5,15.25,0.97524,1.369,6.5748,388.45,101.09,0.64847,22.81,0.12471
189,5.5,15.38,34.734,1.3927,6.6431,388.06,101.11,0.65372,22.8,0.12449
189,6,15.98,109.3,1.4246,5.5496,387.41,101.13,0.58031,22.78,0.12449
189,6.5,16.4,204.8,1.4241,6.3903,386.33,101.15,0.62056,22.767,0.12449
189,7,16.8,315.23,1.4312,6.2551,385.92,101.17,0.59151,22.757,0.12449
189,7.5,17.17,403.45,1.4344,6.5387,384.85,101.17,0.67515,22.753,0.12443
189,8,17.46,509.23,1.4371,6.2741,387.31,101.2,0.61385,22.743,0.12438
189,8.5,18.08,605.4,1.4454,5.6646,384.22,101.22,0.5668,22.72,0.12438
189,9,18.48,697.67,1.4367,6.216,382.54,101.2,0.60914,22.703,0.12438
189,9.5,19.08,771.19,1.4877,6.0725,382.89,101.17,0.58802,22.693,0.12438
189,10,19.4,839.46,1.4911,6.2343,382.08,101.16,0.59807,22.687,0.12438
189,10.5,20.35,900.23,1.5109,5.8719,380.31,101.14,0.59807,22.67,0.12438
189,11,21.04,948.24,1.5573,5.7104,380.99,101.12,0.53041,22.66,0.12449
189,11.5,21.76,980.5,1.5792,5.1021,380.92,101.08,0.50895,22.643,0.12471
189,12,22.87,1000.8,1.6501,5.12,380.03,101.04,0.50168,22.623,0.12487
189,12.5,23.13,1005.3,1.6508,5.7596,380.7,101.01,0.55067,22.623,0.12503
189,13,23.44,995.5,1.6719,5.6572,380.64,100.99,0.5488,22.617,0.12526
189,13.5,23.57,971.49,1.6659,5.9697,381.29,100.97,0.60684,22.6,0.12548
189,14,23.67,932.48,1.6657,6.2192,381.18,100.95,0.61871,22.593,0.12575
189,14.5,23.53,882.22,1.6552,6.9354,381.58,100.91,0.63804,22.597,0.12608
189,15,23.27,816.95,1.656,6.4137,380.99,100.88,0.6441,22.593,0.12625
189,15.5,23.22,740.44,1.6177,6.5757,381.44,100.86,0.6397,22.583,0.12652
189,16,22.59,648.91,1.5631,6.6839,382.67,100.84,0.68011,22.587,0.12652
189,16.5,22.17,549.89,1.5314,7.0743,383.48,100.81,0.66796,22.583,0.12657
189,17,21.29,450.19,1.5035,7.5095,385.06,100.81,0.72421,22.587,0.12657
189,17.5,20.5,341.71,1.4565,8.7146,386.1,100.8,0.82092,22.593,0.12657
189,18,19.64,246.81,1.4367,9.1293,385.41,100.83,0.82153,22.587,0.12652
189,18.5,18.61,157.84,1.4519,8.4512,386.3,100.85,0.80241,22.583,0.1263
189,19,17.92,81.695,1.4279,8.3735,386.5,100.88,0.79931,22.583,0.12625
189,19.5,17.04,12.453,1.3872,6.412,387.7,100.91,0.62883,22.61,0.12608
189,20,16.42,0,1.3963,6.1907,388.49,100.93,0.58879,22.617,0.12592
189,20.5,16.24,0,1.4088,6.2386,388.27,100.94,0.60531,22.617,0.12575
189,21,16.07,0,1.3916,7.3419,387.99,100.94,0.70629,22.617,0.12558
189,21.5,15.95,0,1.4034,6.8385,388.41,100.95,0.68398,22.627,0.12542
189,22,16.01,0,1.4141,8.117,390.02,100.94,0.79706,22.63,0.1252
189,22.5,15.97,0,1.436,7.081,391.08,100.93,0.69698,22.64,0.12514
189,23,16.04,0,1.4466,7.2517,390.6,100.94,0.66838,22.647,0.12503
189,23.5,16,0,1.4286,6.9812,389.86,100.94,0.69481,22.65,0.12487
189,24,15.88,0,1.4146,7.0687,391.75,100.6,0.6552,22.67,0.12482
190,0.5,15.95,0,1.4222,7.0173,390.35,100.6,0.70487,22.667,0.12471
190,1,15.8,0,1.4171,7.2822,389.98,100.6,0.64391,22.68,0.12449
190,1.5,15.68,0,1.4329,6.6161,388.58,100.6,0.61978,22.68,0.12449
190,2,15.52,0,1.4047,5.8029,387.49,100.6,0.57444,22.683,0.12443
190,2.5,15.4,0,1.4022,5.9636,387.97,100.6,0.59765,22.683,0.12427
190,3,15.37,0,1.3977,6.3528,388.5,100.6,0.61419,22.673,0.12416
190,3.5,15.37,0,1.4065,5.7092,388.23,100.7,0.56175,22.67,0.1241
190,4,15.41,0,1.4188,5.3416,388.46,100.7,0.52712,22.66,0.1241
190,4.5,15.44,0,1.4233,5.2145,389.58,100.7,0.51885,22.657,0.12399
190,5,15.35,1.1253,1.4308,4.7517,387.8,100.7,0.48331,22.65,0.12388
190,5.5,15.32,30.683,1.4333,4.3081,387.36,100.8,0.42188,22.647,0.12377
190,6,15.87,101.8,1.4559,4.7719,386.67,100.8,0.48342,22.627,0.12372
190,6.5,16.59,207.5,1.48,4.94,385.51,100.8,0.47481,22.603,0.12372
190,7,17.39,310.28,1.5149,4.2968,384.53,100.8,0.4597,22.59,0.12372
190,7.5,18.2,408.55,1.5487,3.321,385.07,100.8,0.33178,22.577,0.12366
190,8,18.67,286.87,1.5477,2.0287,384.04,100.9,0.19182,22.557,0.12366
190,8.5,18.42,154.39,1.5281,2.0371,384.73,100.9,0.20755,22.57,0.12366
190,9,18.17,127.83,1.5228,2.3798,391.21,100.9,0.2707,22.567,0.12366
190,9.5,17.63,141.41,1.5253,3.5898,393.41,101,0.36931,22.56,0.12383
190,10,17.55,213.2,1.5237,4.5474,392.75,101,0.46531,22.55,0.12388
190,10.5,18.48,386.2,1.5383,4.544,388.81,101,0.47306,22.507,0.12388
190,11,19.52,709.68,1.5569,4.7868,385.84,101,0.4616,22.457,0.12399
190,11.5,20.34,719.43,1.6028,4.4854,385.8,101,0.46735,22.443,0.12399
190,12,20.6,778.69,1.6188,4.6868,385.99,100.9,0.47043,22.457,0.12404
190,12.5,21.12,797.45,1.6176,4.5075,385.25,100.9,0.47317,22.453,0.12432
190,13,21.98,1024.8,1.6586,4.9301,385.87,100.9,0.53601,22.44,0.12438
190,13.5,21.94,952.74,1.6288,4.9745,386.68,100.9,0.52152,22.427,0.12465
190,14,20.79,482,1.5586,5.1215,389.33,100.8,0.51927,22.447,0.12492
190,14.5,20.23,443.21,1.5384,5.1783,388.75,100.8,0.50884,22.45,0.12509
190,15,20.61,527.38,1.5708,5.1143,387.72,100.9,0.52045,22.41,0.12509
190,15.5,20.86,550.64,1.5947,5.1452,388.8,100.8,0.52534,22.393,0.12514
190,16,20.2,368.49,1.5518,5.8801,391.1,100.8,0.54724,22.4,0.1252
190,16.5,19.46,322.51,1.5147,6.5242,393.35,100.8,0.66291,22.39,0.1252
190,17,18.55,185.15,1.4627,7.1418,395.36,100.8,0.67374,22.387,0.12514
190,17.5,18.23,140.81,1.4533,6.6903,394.72,100.8,0.63079,22.367,0.12514
190,18,18.39,105.63,1.4574,5.3118,394.46,100.8,0.52237,22.36,0.12514
190,18.5,17.96,39.385,1.4226,6.489,399.06,100.8,0.63992,22.367,0.12503
190,19,17.53,10.878,1.4152,6.0539,400.22,100.9,0.59303,22.373,0.12492
190,19.5,17.23,1.6504,1.4112,5.9126,399.78,100.9,0.56183,22.37,0.12482
190,20,17.07,0,1.4203,5.2661,400.16,100.9,0.52784,22.37,0.12465
190,20.5,16.93,0,1.4128,5.38,399.01,100.9,0.53977,22.37,0.12443
190,21,16.72,0,1.4314,5.1338,399.01,100.9,0.53438,22.37,0.12443
190,21.5,16.26,0,1.4514,4.9008,399.01,100.9,0.50688,22.373,0.12438
190,22,16.11,0,1.4442,4.6985,398.75,100.9,0.47452,22.37,0.12421
190,22.5,16.03,0,1.441,4.5247,398.75,100.9,0.46998,22.373,0.1241
190,23,15.94,0,1.4438,4.4005,392.12,100.9,0.43141,22.373,0.1241
190,23.5,15.87,0,1.4631,3.6827,393.01,101,0.36583,22.373,0.12393
190,24,16.01,0,1.4504,3.8862,392.35,101,0.39617,22.363,0.12377
191,0.5,16.08,0,1.427,4.1422,392.55,100.9,0.41936,22.363,0.12372
191,1,16.01,0,1.4141,4.2147,392.2,100.9,0.36958,22.367,0.12372
191,1.5,16.1,0,1.4123,4.7151,392.77,100.9,0.50209,22.367,0.12372
191,2,16.11,0,1.4332,4.4618,390.68,100.9,0.42301,22.36,0.12361
191,2.5,15.7,0,1.4704,4.0885,390.68,100.9,0.40546,22.37,0.12355
191,3,15.8,0,1.4476,4.1419,378.86,100.9,0.4095,22.357,0.12338
191,3.5,15.93,0,1.4361,4.2687,378.86,100.9,0.39723,22.34,0.12333
191,4,15.93,0,1.4354,4.0704,378.81,100.9,0.41668,22.337,0.12333
191,4.5,15.94,0,1.4588,3.5836,378.81,101,0.36228,22.33,0.12333
191,5,15.96,0.45011,1.486,3.6778,378.81,101,0.37828,22.32,0.12333
191,5.5,16.05,5.6264,1.4764,3.4462,378.3,101,0.31464,22.313,0.12322
191,6,16.16,17.404,1.4585,3.6666,377.45,101.1,0.38021,22.303,0.12317
191,6.5,16.25,32.033,1.4307,4.0926,377.33,101.1,0.41854,22.293,0.12306
191,7,16.49,53.488,1.4509,3.6979,376.68,101.1,0.38593,22.28,0.123
191,7.5,16.86,116.28,1.4823,3.4936,373.12,101.1,0.366,22.263,0.123
191,8,17.36,222.73,1.4904,3.8733,373.12,101.1,0.37268,22.25,0.12295
191,8.5,17.99,303.83,1.4917,4.1066,369.83,101.2,0.3846,22.227,0.12295
191,9,18.77,459.56,1.5217,4.0971,366.91,101.2,0.40296,22.207,0.123
191,9.5,18.85,506.45,1.5361,4.0186,366.91,101.2,0.40197,22.19,0.12317
191,10,19.12,506.6,1.5757,3.8411,366.91,101.2,0.38176,22.18,0.12328
191,10.5,19.67,645.16,1.5919,3.587,368.44,101.2,0.36624,22.187,0.12328
191,11,20.66,994.75,1.6284,4.4314,366.4,101.2,0.44282,22.143,0.12344
191,11.5,20.98,918.98,1.6641,3.9764,366.94,101.2,0.43911,22.15,0.12361
191,12,21.42,1001.5,1.6581,3.8483,368.31,101.2,0.41221,22.14,0.12366
191,12.5,21.27,737.43,1.624,3.6768,367.93,101.2,0.36542,22.15,0.12393
191,13,21.35,839.46,1.6251,3.6409,367.02,101.2,0.38644,22.15,0.12421
191,13.5,22.46,984.25,1.6657,3.5959,367.84,101.1,0.4334,22.107,0.12432
191,14,22.88,886.72,1.6608,4.024,368.28,101.1,0.39452,22.107,0.12449
191,14.5,22.41,555.89,1.6046,3.5714,367.56,101.1,0.36103,22.127,0.12476
191,15,22.85,563.39,1.6216,3.7418,367.57,101,0.35129,22.12,0.12503
191,15.5,22.77,539.38,1.603,4.1671,369.24,101,0.44013,22.113,0.12503
191,16,23.3,669.17,1.6004,4.9321,370.5,101,0.48601,22.093,0.12509
191,16.5,23.32,550.64,1.5676,4.7012,371.31,101,0.47491,22.103,0.12514
191,17,23.19,452.21,1.5491,4.4803,372.53,100.9,0.45023,22.11,0.1252
191,17.5,22.8,351.61,1.5277,4.7085,374.19,100.9,0.46497,22.117,0.1252
191,18,22.33,250.04,1.5307,4.1838,373.42,100.9,0.45058,22.123,0.12514
191,18.5,21.53,156.26,1.5029,4.4417,375.55,101,0.43102,22.127,0.12509
191,19,20.39,65.491,1.505,3.516,376.93,101,0.34282,22.14,0.12509
191,19.5,19.43,18.98,1.4397,4.2608,379.14,101,0.43203,22.133,0.12498
191,20,18.51,0,1.4339,3.5561,380.85,101,0.3602,22.133,0.12487
191,20.5,18.05,0,1.4553,4.3713,379.6,101,0.45482,22.147,0.12476
191,21,17.67,0,1.4554,4.3651,380.11,101,0.42761,22.15,0.12449
191,21.5,17.04,0,1.4584,3.7796,380.61,101,0.36716,22.163,0.12443
191,22,16.93,0,1.4213,3.7794,380.11,101,0.40691,22.163,0.12432
191,22.5,16.64,0,1.4216,3.1933,381.29,101,0.33949,22.173,0.1241
191,23,16.39,0,1.4098,3.0328,382.95,101,0.30831,22.18,0.1241
191,23.5,16.23,0,1.4224,3.1746,383.27,101,0.31238,22.183,0.12388
191,24,16.05,0,1.4199,3.6806,383.09,101,0.34649,22.19,0.12372
192,0.5,15.85,0,1.4178,3.7211,383.75,101,0.35853,22.197,0.12372
192,1,15.77,0,1.4117,3.8485,383.21,101,0.3958,22.2,0.12355
192,1.5,15.67,0,1.4128,3.6226,383.65,101,0.38035,22.207,0.12338
192,2,15.59,0,1.4158,3.4337,384.24,101,0.33079,22.21,0.12333
192,2.5,15.66,0,1.424,3.791,382.55,101,0.36164,22.207,0.12333
192,3,15.59,0,1.4282,3.7117,383.14,101,0.3755,22.207,0.12317
192,3.5,15.44,0,1.4233,3.3478,381.94,101,0.31704,22.21,0.123
192,4,15.13,0,1.4296,2.8788,381.89,101.1,0.27126,22.21,0.123
192,4.5,15.36,0,1.4265,3.3665,381,101.1,0.3267,22.207,0.123
192,5,15.36,0.67517,1.4248,3.7023,380.09,101.1,0.35621,22.203,0.12295
192,5.5,15.69,37.434,1.4374,3.5829,379.82,101.1,0.35103,22.187,0.12284
192,6,16.49,110.5,1.4709,3.761,377.42,101.2,0.36816,22.167,0.12273
192,6.5,17.21,204.05,1.4993,4.2567,376.02,101.2,0.42323,22.153,0.12262
192,7,17.91,305.63,1.5156,4.1706,373.21,101.2,0.41919,22.147,0.12256
192,7.5,18.26,407.73,1.5032,5.0342,372.74,101.2,0.50102,22.143,0.12256
192,8,19.11,503.98,1.5347,4.0717,373.59,101.3,0.41189,22.123,0.12256
192,8.5,19.84,599.4,1.5398,3.9407,372.27,101.3,0.38424,22.117,0.12262
192,9,20.28,690.17,1.5308,4.3101,369.37,101.3,0.42873,22.12,0.12273
192,9.5,21.17,770.44,1.544,3.9705,368.95,101.3,0.41962,22.11,0.12284
192,10,21.91,839.46,1.5569,4.0818,368.81,101.3,0.41044,22.093,0.12284
192,10.5,22.59,897.22,1.5962,3.9762,369.63,101.2,0.42172,22.087,0.12289
192,11,23.26,942.99,1.6036,3.6557,369.07,101.2,0.40471,22.077,0.12311
192,11.5,24,975.99,1.6028,3.6682,369.72,101.2,0.39285,22.067,0.12322
192,12,24.86,981.25,1.6034,3.7663,369.87,101.2,0.37106,22.053,0.12349
192,12.5,25.44,988.75,1.5753,4.4135,371.05,101.2,0.42944,22.047,0.12377
192,13,25.85,959.49,1.5695,4.3479,370.27,101.2,0.46932,22.053,0.12404
192,13.5,26.17,943.74,1.5516,4.7217,371.19,101.2,0.48684,22.04,0.12427
192,14,26.53,922.73,1.5406,5.3043,371.87,101.1,0.53798,22.03,0.12459
192,14.5,26.44,867.97,1.5386,5.239,372,101.1,0.53011,22.04,0.12487
192,15,26.41,798.2,1.5194,5.4224,372.14,101.1,0.54362,22.04,0.12509
192,15.5,26.34,723.93,1.5172,5.5249,371.56,101.1,0.55273,22.043,0.12537
192,16,26.08,639.16,1.5049,5.7931,371.24,101.1,0.56624,22.05,0.12537
192,16.5,25.55,546.89,1.4835,6.3636,371.83,101.1,0.63398,22.053,0.12548
192,17,24.74,449.44,1.4572,6.655,373.7,101.1,0.66586,22.063,0.12553
192,17.5,24.12,345.46,1.4648,5.7902,375.52,101.1,0.58169,22.073,0.12542
192,18,23.29,195.5,1.4553,4.8387,377.62,101.1,0.50058,22.08,0.12542
192,18.5,21.7,77.944,1.4092,4.0511,379,101.1,0.41884,22.103,0.12542
192,19,21.28,76.669,1.3974,5.0964,378.81,101.1,0.51192,22.097,0.1252
192,19.5,20.33,13.728,1.3812,4.2328,379.73,101.1,0.41679,22.11,0.12509
192,20,19.58,0,1.3665,4.1357,379.92,101.1,0.41345,22.107,0.12498
192,20.5,19,0,1.3858,4.4451,379.19,101.2,0.44262,22.123,0.12482
192,21,18.12,0,1.4019,3.3766,381.69,101.2,0.34749,22.153,0.12471
192,21.5,17.73,0,1.4018,4.1004,382.97,101.2,0.42811,22.167,0.12443
192,22,17.37,0,1.3847,3.2606,384.38,101.3,0.33852,22.177,0.12438
192,22.5,17.06,0,1.4045,3.1939,385.11,101.2,0.32418,22.19,0.12416
192,23,17.12,0,1.4045,3.9962,383.91,101.2,0.40388,22.197,0.1241
192,23.5,17.12,0,1.4032,4.5129,383.19,101.2,0.44152,22.21,0.12399
192,24,17.06,0,1.4188,3.9368,386.26,101.2,0.40702,22.227,0.12377
193,0.5,17.05,0,1.4242,3.4832,384.22,101.2,0.36084,22.237,0.12372
193,1,16.87,0,1.4291,3.9652,384.84,101.2,0.37841,22.25,0.12372
193,1.5,16.77,0,1.4292,4.5185,384.36,101.2,0.44434,22.257,0.12355
193,2,16.64,0,1.4247,4.5335,381.93,101.2,0.4725,22.267,0.12338
193,2.5,16.53,0,1.4155,5.1063,382.17,101.2,0.52801,22.273,0.12333
193,3,16.7,0,1.4096,5.1342,380.68,101.2,0.5519,22.273,0.12333
193,3.5,16.83,0,1.4251,4.3519,380.2,101.3,0.47601,22.277,0.12317
193,4,16.93,0,1.4114,3.4538,380.6,101.3,0.37577,22.277,0.12306
193,4.5,16.73,0,1.3934,1.4824,384.74,101.3,0.15646,22.287,0.123
193,5,16.39,1.0503,1.3769,2.2993,384.76,101.3,0.21165,22.293,0.123
193,5.5,16.68,22.956,1.4015,2.6841,381.03,101.4,0.27046,22.28,0.123
193,6,16.86,57.764,1.4468,2.7345,379.24,101.4,0.26701,22.267,0.12289
193,6.5,17.25,79.22,1.4795,2.7009,377.08,101.4,0.28348,22.26,0.12278
193,7,17.36,108.63,1.4956,3.3012,375.86,101.4,0.31654,22.253,0.12278
193,7.5,17.52,126.63,1.499,3.356,375.86,101.4,0.33105,22.25,0.12273
193,8,18.08,269.99,1.5159,3.5703,373.12,101.4,0.37063,22.233,0.12273
193,8.5,19.42,445.91,1.5608,3.4496,370.89,101.5,0.36502,22.21,0.12273
193,9,19.88,340.81,1.5675,3.9932,373.21,101.4,0.42048,22.187,0.12278
193,9.5,20.63,643.66,1.5606,4.2592,370.94,101.4,0.43377,22.193,0.12289
193,10,21.9,822.96,1.5996,4.0141,372.05,101.4,0.40822,22.173,0.12289
193,10.5,22.99,903.23,1.6119,4.2997,371.62,101.4,0.51216,22.17,0.12289
193,11,23.68,944.49,1.6316,4.3158,371.42,101.4,0.43565,22.177,0.12311
193,11.5,24.51,959.49,1.668,3.7313,369.36,101.4,0.43009,22.17,0.12322
193,12,25.15,972.24,1.6781,3.8354,369.13,101.4,0.39908,22.163,0.12349
193,12.5,25.61,999.25,1.6616,4.819,368.31,101.4,0.48501,22.16,0.12372
193,13,26.09,993.25,1.6626,4.9872,368.05,101.4,0.51689,22.163,0.12393
193,13.5,26.09,914.48,1.6298,5.2206,369.01,101.3,0.50385,22.153,0.12427
193,14,25.82,726.18,1.6106,5.1888,369.51,101.3,0.51584,22.157,0.12454
193,14.5,25.29,490.85,1.5748,4.8475,369.56,101.3,0.4818,22.167,0.12476
193,15,25.06,416.28,1.5728,4.9684,370.15,101.3,0.51435,22.163,0.12498
193,15.5,24.89,492.42,1.5717,5.4685,371.33,101.3,0.57364,22.157,0.12503
193,16,25.46,655.66,1.585,6.1634,372.71,101.3,0.58685,22.13,0.12503
193,16.5,25.1,558.89,1.5571,5.6288,373.45,101.2,0.56242,22.147,0.12503
193,17,24.88,435.63,1.5418,4.7536,373.43,101.2,0.52981,22.157,0.12503
193,17.5,24.73,356.11,1.5399,4.6407,373.71,101.2,0.47835,22.167,0.12503
193,18,24.18,258.29,1.5075,5.5478,375.8,101.2,0.53408,22.18,0.12503
193,18.5,23.51,159.71,1.4615,5.691,377.45,101.2,0.58208,22.193,0.12498
193,19,22.42,76.594,1.4383,5.0845,379.17,101.2,0.51438,22.207,0.12487
193,19.5,21.32,16.354,1.4307,3.981,380.13,101.3,0.44267,22.22,0.12476
193,20,20.31,0,1.4402,4.0149,382.98,101.3,0.33774,22.223,0.12471
193,20.5,19.54,0,1.4616,3.5221,383.14,101.3,0.37427,22.213,0.12443
193,21,18.82,0,1.4554,3.7092,380.85,101.4,0.37224,22.233,0.12443
193,21.5,18.13,0,1.4392,3.5686,383.17,101.4,0.36907,22.253,0.12421
193,22,18.04,0,1.4459,4.4599,382.13,101.4,0.46293,22.257,0.12404
193,22.5,17.88,0,1.4319,4.3903,383.05,101.3,0.46307,22.267,0.12399
193,23,17.5,0,1.4609,4.7005,383.11,101.3,0.48603,22.277,0.12377
193,23.5,17.2,0,1.4903,5.621,382.53,101.3,0.56745,22.287,0.12372
193,24,17,0,1.494,5.3128,382.12,101.3,0.53741,22.297,0.12361
194,0.5,16.98,0,1.494,5.3128,382.12,101.3,0.53741,22.31,0.12344
194,1,16.9,0,1.4748,4.388,380.68,101.3,0.45419,22.315,0.12339
194,1.5,16.68,0,1.4576,3.016,381.29,101.3,0.32101,22.323,0.12333
194,2,16.26,0,1.444,1.8739,384.09,101.3,0.21395,22.333,0.12325
194,2.5,15.905,0,1.4372,1.7019,384.9,101.3,0.16536,22.342,0.12308
194,3,15.62,0,1.427,1.5208,387.96,101.3,0.13754,22.343,0.123
194,3.5,15.47,0,1.4331,1.0708,389.49,101.3,0.095941,22.343,0.12295
194,4,15.47,0,1.441,0.62706,387.24,101.3,0.067702,22.343,0.12281
194,4.5,15.515,0,1.4408,0.71684,389.84,101.3,0.051944,22.342,0.1227
194,5,15.33,0,1.4418,1.0308,392.16,101.3,0.082082,22.335,0.12262
194,5.5,15.355,17.029,1.4664,1.2988,389.85,101.3,0.12777,22.32,0.12245
194,6,16.375,71.418,1.542,1.8252,385.87,101.3,0.18145,22.298,0.12231
194,6.5,17.65,151.28,1.6082,2.1467,382.72,101.3,0.2308,22.28,0.12226
194,7,18.645,245.61,1.621,2.8728,380.15,101.3,0.30686,22.272,0.12223
194,7.5,19.555,349.77,1.6153,3.6794,377.55,101.3,0.38981,22.267,0.1222
194,8,20.275,454.95,1.622,4.0378,377.32,101.3,0.42436,22.26,0.12217
194,8.5,20.835,557.65,1.6382,3.899,377.88,101.35,0.41243,22.258,0.12217
194,9,21.62,655.29,1.6692,3.5607,378.46,101.35,0.38789,22.257,0.12226
194,9.5,22.54,741.56,1.6912,3.4176,378.16,101.3,0.36315,22.248,0.12239
194,10,23.605,782.07,1.708,3.3386,375.12,101.3,0.34415,22.24,0.12245
194,10.5,24.505,829.33,1.7348,3.3244,372.98,101.3,0.35692,22.235,0.12256
194,11,25.23,909.6,1.7545,3.3142,373.23,101.3,0.35301,22.227,0.12272
194,11.5,25.935,961.74,1.7574,3.1807,373.9,101.25,0.32952,22.217,0.12292
194,12,26.53,986.5,1.7617,3.235,374,101.2,0.32915,22.208,0.12316
194,12.5,27.2,996.62,1.7681,3.3951,373.99,101.22,0.35193,22.2,0.12341
194,13,27.975,995.87,1.7562,3.3942,373.15,101.23,0.37243,22.197,0.12371
194,13.5,28.81,981.25,1.7178,3.3393,372.09,101.19,0.36344,22.182,0.12404
194,14,29.625,949.74,1.6934,3.3147,371.29,101.14,0.34965,22.16,0.12437
194,14.5,30.095,903.98,1.6959,3.4308,371.71,101.1,0.36876,22.16,0.1247
194,15,30.18,837.21,1.6917,3.8026,373.34,101.06,0.40715,22.172,0.12501
194,15.5,30.02,726.56,1.6835,4.1684,373.75,101.02,0.43022,22.183,0.12525
194,16,29.365,582.26,1.6608,4.4811,374.21,101,0.46465,22.197,0.12553
194,16.5,28.295,471.16,1.651,4.8643,374.08,100.98,0.49484,22.202,0.1257
194,17,26.705,331.47,1.6231,4.7329,374.54,100.97,0.47829,22.213,0.12572
194,17.5,25.395,240.44,1.5421,5.1531,375.25,100.96,0.53571,22.225,0.1257
194,18,25.065,271.57,1.4736,5.9804,374.51,100.95,0.61118,22.22,0.12553
194,18.5,25.075,245.87,1.4648,5.7484,375.86,100.93,0.58861,22.215,0.12542
194,19,24.705,145.42,1.4444,5.314,378.41,100.92,0.53358,22.23,0.12534
194,19.5,23.68,53.413,1.412,4.6565,379.87,100.92,0.46737,22.258,0.12517
194,20,22.435,7.1643,1.4657,3.9123,380.92,100.94,0.39154,22.278,0.12506
194,20.5,21.5,0,1.53,4.1168,381.61,100.95,0.41305,22.288,0.12495
194,21,21.03,0,1.5108,4.3867,382.9,100.96,0.44136,22.288,0.12479
194,21.5,20.67,0,1.4615,4.0538,382.89,100.97,0.39754,22.297,0.12457
194,22,20.265,0,1.4386,3.982,381.57,100.98,0.38152,22.315,0.1244
194,22.5,19.81,0,1.4274,3.7178,381.45,100.97,0.37357,22.342,0.12427
194,23,19.21,0,1.4188,3.5399,381.45,100.96,0.34711,22.37,0.1241
194,23.5,18.79,0,1.4235,3.917,380.91,100.95,0.4004,22.387,0.12396
194,24,18.54,0,1.4365,2.8914,381.16,100.94,0.35946,22.402,0.1238
