141,0.5,21.956,-27.32,-2.1111,-29.358,-0.23748,5.9271,-12.839
141,1,5.6613,-18.096,-0.92859,-47.832,0.045624,5.909,-12.87
141,1.5,12.81,-19.498,0.14186,-25.702,-0.73505,7.5585,-13.914
141,2,31.638,-28.843,-3.1753,-13.691,-2.2933,5.2281,-12.834
141,2.5,33.262,-34.275,-0.14809,-22.207,-0.044103,8.2535,-12.308
141,3,16.053,-12.687,-0.85663,-15.554,0.088206,5.9867,-11.49
141,3.5,18.428,-13.838,0.94426,-9.7686,-0.55129,8.7267,-10.796
141,4,19.534,-19.278,0.43325,-15.612,-0.11026,8.36,-10.15
141,4.5,25.633,-30.563,0.90297,-31.356,-0.18901,8.9269,-10.123
141,5,14.531,-16.49,-1.7542,-29.657,-2.4698,5.4259,-10.389
141,5.5,18.931,-25.51,-2.332,-27.487,0.28634,5.4808,-10.571
141,6,43.946,-25.912,-7.6746,10.434,0.28385,0.66818,-10.252
141,6.5,61.237,-17.919,-13.748,65.595,0.28,-5.2094,-8.8619
141,7,87.7,5.0278,-17.877,137.57,0.27559,-9.2238,-7.5272
141,7.5,96.206,11.642,-20.03,163.85,0.25832,-11.33,-4.6129
141,8,132.54,29.973,-26.866,220.08,0.25886,-18.166,-2.8087
141,8.5,85.858,4.0496,-17.226,140.12,0.25458,-8.7321,-2.0437
141,9,151.74,29.846,-27.14,199.26,0.24929,-18.4,-1.0614
141,9.5,229.01,81.887,-35.824,406.28,0.24381,-26.23,2.5014
141,10,317.63,118.65,-39.934,564.9,0.23706,-30.19,9.7328
141,10.5,115.26,10.397,-19.589,164.58,0.25135,-10.467,7.8595
141,11,286.34,189.31,-45.883,603.89,0.23588,-36.41,7.6255
141,11.5,360.79,162.85,-47.118,677.41,0.23292,-37.317,19.745
141,12,274.16,58.919,-36.391,456.82,0.23131,-26.705,19.863
141,12.5,314.78,94.36,-39.835,555.92,0.24023,-30.16,12.561
141,13,414.5,135.37,-48.18,624.61,0.23311,-38.041,17.068
141,13.5,186.84,-25.34,-26.851,266.53,0.24709,-17.203,13.424
141,14,392.13,48.57,-43.291,676.53,0.23799,-33.159,11.021
141,14.5,310.88,16.711,-31.028,375.5,0.2346,-20.709,12.329
141,15,308.83,91.809,-35.433,538.53,0.23868,-25.081,8.8733
141,15.5,289.17,81.55,-36.108,456.72,0.24031,-25.699,9.8385
141,16,242.51,44.918,-28.779,324.06,0.24561,-18.439,7.1472
141,16.5,200.06,27.654,-23.832,277.71,0.25026,-13.421,3.7748
141,17,177.51,21.326,-22.288,237.33,0.2587,-11.972,0.1097
141,17.5,148.04,-7.798,-18.235,154.88,0.26681,-8.0456,-2.0799
141,18,103.55,-25.527,-13.848,83.203,0.279,-4.056,-4.6033
141,18.5,83.924,-62.437,-9.5185,11.742,0.29847,0.18421,-6.7855
141,19,63.475,-78.043,-5.208,-44.735,0.32913,4.2501,-8.8582
141,19.5,38.737,-74.656,-1.7183,-75.504,0.61512,7.5127,-10.875
141,20,37.417,-74.775,-0.75265,-75.848,-0.21635,8.2982,-12.012
141,20.5,41.009,-57.131,-0.90777,-48.382,-0.28537,8.1447,-12.902
141,21,36.044,-46.722,-0.33181,-36.224,-0.15751,8.6144,-12.669
141,21.5,36.614,-46.646,0.062503,-38.535,-0.14701,8.9804,-12.368
141,22,37.399,-58.339,-0.86511,-53.388,-0.15832,8.1927,-12.559
141,22.5,43.754,-45.266,-0.18221,-22.937,-0.25943,9.0162,-12.937
141,23,40.616,-51.132,0.39689,-32.346,-0.10585,9.3461,-12.39
141,23.5,37.402,-38.08,-0.73909,-23.785,-0.24502,8.2741,-12.379
141,24,28.692,-33.268,-1.1411,-26.09,-0.084005,7.7523,-12.363
142,0.5,41.555,-31.224,0.14741,-19.567,-0.27854,8.9402,-12.183
142,1,38.364,-47.578,0.072463,-12.603,-1.1606,8.8119,-12.297
142,1.5,29.898,-38.275,-0.0096762,-17.421,-1.075,8.4658,-12.384
142,2,26.155,-33.342,-0.13837,-17.329,-1.2429,8.2593,-12.697
142,2.5,15.831,-17.654,-0.49432,-14.292,-1.0678,7.4383,-12.723
142,3,26.564,-20.172,-0.18721,-8.1051,-1.3231,8.1693,-12.122
142,3.5,18.34,-13.278,-0.48942,-4.0986,-1.129,7.4552,-12.073
142,4,6.4602,-3.9555,-1.5228,-4.3936,-0.33679,4.2506,-12.471
142,4.5,12.363,-8.8954,-0.98244,-3.0005,-0.37802,6.0883,-15.217
142,5,4.3273,-0.51998,-0.457,-2.8657,-1.1226,4.7712,-16.524
142,5.5,7.8384,0.90499,-1.7458,10.603,0.29402,3.5776,-18.174
142,6,33.208,7.0418,-9.7216,74.978,0.30149,-2.8365,-19.33
142,6.5,66.083,4.4991,-17.501,129.16,0.2701,-9.1862,-15.6
142,7,50.416,33.416,-19.305,157.53,0.25662,-10.922,-11.183
142,7.5,52.335,36.587,-25.311,149.77,0.24846,-16.929,-7.7874
142,8,97.669,49.32,-28.937,198.25,0.24555,-20.467,-5.5197
142,8.5,123.69,66.579,-29.165,295.1,0.23788,-20.568,-2.215
142,9,225.98,99.187,-38.141,388.69,0.23513,-29.01,2.6414
142,9.5,242.58,80.352,-34.709,470.3,0.23533,-25.273,5.8455
142,10,264.77,98.323,-36.792,497.45,0.23303,-27.56,9.071
142,10.5,306,126.69,-38.045,632.84,0.22792,-28.522,15.039
142,11,345.4,119.94,-38.627,577.05,0.22425,-29.269,20.259
142,11.5,353.02,124.8,-39.326,668.91,0.22408,-29.633,22.396
142,12,345.66,106.42,-39.013,662.3,0.22268,-29.198,25.069
142,12.5,367.85,91.468,-41.299,622.46,0.22438,-31.173,27.372
142,13,386.73,34.811,-39.835,594.53,0.22733,-29.408,25.063
142,13.5,395.28,37.655,-37.899,645.43,0.22557,-27.301,24.866
142,14,454.86,41.101,-38.719,645.84,0.22864,-27.952,24.55
142,14.5,276.93,-29.494,-29.733,355.64,0.23114,-19.149,22.326
142,15,287.01,-13.288,-29.09,419.63,0.24022,-18.589,18.1
142,15.5,231.04,-51.303,-27.304,246.52,0.24005,-16.996,16.777
142,16,230.61,-59.156,-27.783,241.78,0.24635,-17.351,13.66
142,16.5,247.55,-47.104,-24.976,284.91,0.25351,-14.499,11.253
142,17,181.94,-62.02,-19.002,162.4,0.24706,-8.5276,10.847
142,17.5,108.21,-56.353,-13.014,68.249,0.24582,-3.5472,7.2936
142,18,48.909,-43.616,-8.5502,13.876,0.24719,0.20309,4.5586
142,18.5,65.248,-59.215,-7.145,-2.3955,0.24872,2.4106,2.7031
142,19,49.228,-51.712,-4.6713,-17.669,0.31066,4.7255,1.3621
142,19.5,28.147,-39.754,-1.2836,-48.923,0.47379,7.4147,-0.39177
142,20,13.007,-22.025,-0.90621,-52.049,0.10122,5.9871,-3.5212
142,20.5,10.29,-21.324,-0.96456,-52.499,-0.11874,6.088,-6.5865
142,21,18.578,-21.119,-0.8542,-31.184,-0.83305,7.1841,-7.7632
142,21.5,25.397,-46.959,-0.4252,-54.24,-0.34422,8.5552,-6.8475
142,22,29.32,-52.16,2.546,-39.839,-0.48665,11.702,-6.4844
142,22.5,33.441,-65.592,1.1666,-53.833,-0.22564,10.603,-6.1458
142,23,32.011,-61.384,-0.031357,-58.204,-0.24397,9.6053,-6.4189
142,23.5,34.157,-49.502,0.84704,-33.919,-0.15208,10.475,-6.0857
142,24,19.532,-52.374,1.3666,-61.3,-0.01446,10.52,-6.1567
143,0.5,13.096,-40.059,0.36714,-61.736,-0.13927,9.258,-6.7213
143,1,9.323,-38.671,0.23686,-61.056,-0.233,9.0802,-7.2636
143,1.5,3.4901,-21.553,-0.73489,-56.209,-0.18901,7.1392,-7.7898
143,2,13.266,-35.034,1.2522,-44.46,-0.47883,9.8107,-8.7311
143,2.5,9.3846,-19.231,-0.70949,-41.918,-0.26952,7.1043,-8.5274
143,3,14.915,-32.691,1.2487,-41.869,-0.49616,9.653,-8.6203
143,3.5,22.101,-43.125,0.88299,-46.983,-0.34818,9.5537,-8.6421
143,4,9.5454,-23.846,-0.73395,-57.465,-0.028453,6.9026,-8.6967
143,4.5,1.8714,-20.66,-0.57021,-56.833,-0.04338,6.8725,-10.431
143,5,0.58482,-22.81,1.2359,-49.501,-1.4701,9.1192,-11.024
143,5.5,10.929,-29.604,-1.6489,-39.824,0.33468,6.9628,-10.288
143,6,18.558,-22.256,-6.428,-13.995,0.26917,2.142,-8.8214
143,6.5,29.687,-21.804,-8.4988,15.086,0.25599,0.27399,-6.7257
143,7,48.754,-16.535,-13.67,44.011,0.24774,-4.7311,-5.118
143,7.5,111.94,15.124,-27.248,169.46,0.2557,-18.051,-2.79
143,8,244.06,20.622,-35.435,295.6,0.25404,-25.466,1.9488
143,8.5,231.13,27.267,-33.516,371.19,0.24656,-23.509,5.9088
143,9,283.02,46.986,-34.85,431.71,0.23889,-25.019,9.4721
143,9.5,156.68,1.9582,-26.018,267.34,0.22383,-17.202,11.712
143,10,296.24,53.245,-40.646,488.02,0.23195,-31.408,11.848
143,10.5,316.63,47.697,-36.635,524.68,0.22225,-27.407,17.028
143,11,224.9,31.436,-26.411,513.02,0.21931,-17.024,19.11
143,11.5,383.33,76.224,-32.897,669.97,0.21808,-23.767,24.121
143,12,476.6,75.456,-41.092,690.38,0.21556,-30.873,28.32
143,12.5,452.43,62.037,-38.901,695.31,0.21598,-29.562,30.214
143,13,432.53,63.678,-40.715,709.68,0.2169,-31.006,31.227
143,13.5,469.15,64.306,-39.336,689.2,0.21983,-28.949,30.493
143,14,367.35,24.017,-37.476,553.21,0.21982,-27.007,31.121
143,14.5,412.13,26.056,-42.495,505.67,0.22551,-32.228,26.184
143,15,165.06,-18.791,-17.292,239.54,0.22299,-8.0545,22.658
143,15.5,84.345,-14.114,-10.429,97.246,0.22688,-2.989,15.095
143,16,124.39,-0.80734,-14.108,207.9,0.24064,-5.83,11.99
143,16.5,153.96,-10.585,-20.636,206.13,0.23619,-12.458,13.984
143,17,89.956,-25.324,-11.73,84.696,0.21998,-4.0647,11.629
143,17.5,136.11,-8.5148,-19.311,187.52,0.26417,-11.579,10.886
143,18,96.743,-36.601,-6.6196,72.803,0.2463,2.2778,11.007
143,18.5,47.629,-26.269,-1.3951,6.7507,0.25337,6.2893,7.1814
143,19,47.211,-38.673,-1.2382,-0.063505,0.39492,7.2185,3.6745
143,19.5,29.008,-23.256,-0.63256,-14.875,0.80488,6.967,1.819
143,20,13.575,-18.829,-1.0815,-34.935,-0.16284,5.3731,-0.59107
143,20.5,7.3881,-21.373,-0.75577,-49.728,-0.1283,6.8295,-3.7346
143,21,1.9079,-20.77,-0.89966,-58.197,-0.012971,6.7163,-6.6921
143,21.5,11.6,-30.381,0.083121,-61.264,-0.20476,8.4366,-8.3636
143,22,1.9282,-21.242,-0.75906,-60.486,-0.23627,6.9859,-9.1497
143,22.5,-3.4086,-13.133,-1.1532,-55.61,-0.27672,4.6093,-10.861
143,23,-0.8662,-13.834,-0.90891,-51.815,-0.086476,5.0877,-13.548
143,23.5,-0.94676,-13.619,-0.80803,-49.929,-0.076039,5.5398,-15.931
143,24,-1.8949,-12.439,-0.95681,-48.816,-0.18376,5.1781,-17.24
144,0.5,-5.0649,-10.732,-1.142,-53.303,-0.44103,4.6008,-17.528
144,1,-3.4303,-13.211,-1.046,-54.984,-0.36002,5.0904,-17.17
144,1.5,-5.0657,-13.81,-1.085,-58.395,-0.33925,5.2554,-17.05
144,2,-4.824,-15.368,-0.94148,-59.703,-0.51159,5.6954,-16.629
144,2.5,-0.73923,-26.3,-0.37865,-61.126,-0.43271,7.2941,-16.493
144,3,-0.71219,-18.624,0.16122,-64.723,-0.44103,8.0123,-15.056
144,3.5,-0.51126,-21.955,0.66037,-62.965,-0.3887,8.4344,-14.214
144,4,3.5947,-34.213,1.7196,-65.77,-0.3887,10.227,-14.023
144,4.5,0.12991,-23.592,-0.30149,-64.817,-0.31395,7.5931,-13.652
144,5,1.3044,-33.205,-0.1959,-62.22,2.0161,8.2396,-13.461
144,5.5,7.7601,-25.593,-4.6644,-35.309,0.30052,3.7382,-12.765
144,6,31.557,-19.781,-10.99,22.511,0.27693,-2.3897,-11.308
144,6.5,69.034,-19.621,-15.475,77.344,0.26419,-6.1501,-9.2725
144,7,117.71,-4.4377,-22.35,156.35,0.25561,-12.987,-7.2546
144,7.5,160.01,29.249,-30.445,231.61,0.24874,-20.936,-5.1688
144,8,178.2,53.284,-32.908,304.63,0.24257,-23.426,-2.2954
144,8.5,209.03,74.804,-35.956,380.43,0.23855,-26.459,1.2835
144,9,250.51,90.317,-39.542,442.97,0.23505,-30.119,5.0321
144,9.5,304.01,110.85,-44.063,506.79,0.23176,-34.635,8.5838
144,10,274.61,101.33,-38.979,558.91,0.22804,-29.896,12.063
144,10.5,354.48,119.22,-47.672,599.7,0.22586,-38.036,15.501
144,11,327.77,104.59,-43.474,632,0.22377,-33.983,18.682
144,11.5,324.24,100.08,-40.473,659.47,0.22264,-31.079,21.121
144,12,460.78,138.87,-51.396,670.5,0.22253,-42.324,24.009
144,12.5,341.45,94.893,-39.163,673.45,0.22225,-30.37,26.038
144,13,371.83,96.969,-42.158,662.32,0.22271,-32.784,26.95
144,13.5,446.33,105.93,-48.859,638.78,0.2259,-39.211,26.46
144,14,370.15,81.367,-41.331,610.54,0.22695,-31.875,26.548
144,14.5,321.22,63.459,-38.688,568.91,0.23096,-30.786,26.185
144,15,308.48,45.393,-35.607,502.07,0.23396,-26.324,25.285
144,15.5,281.19,30.831,-32.228,459.54,0.23636,-22.798,24.344
144,16,260.13,12.558,-29.738,384.34,0.24055,-19.977,22.564
144,16.5,171.59,-12.19,-21.946,255.52,0.24299,-12.554,19.042
144,17,164.84,-19.093,-23.114,218.85,0.25106,-13.276,13.951
144,17.5,163.3,-23.067,-20.682,173.44,0.25603,-10.665,11.921
144,18,137.38,-52.709,-15.52,104.51,0.27057,-5.2969,8.3438
144,18.5,85.313,-59.611,-8.7691,5.3048,0.27011,1.2835,3.8158
144,19,63.395,-74.288,-2.9534,-53.354,0.2343,7.0045,-1.739
144,19.5,45.408,-60.057,0.29547,-58.708,0.59191,10.104,-5.6659
144,20,42.323,-60.592,0.48498,-59.545,-0.20047,10.095,-7.5218
144,20.5,29.404,-60.683,0.43,-67.099,-0.1794,9.8955,-8.7612
144,21,26.436,-51.489,1.0354,-62.145,-0.073505,10.415,-9.9132
144,21.5,17.7,-41.478,-0.60397,-66.63,-0.098006,8.4738,-10.913
144,22,9.2345,-35.268,-1.4329,-71.6,-0.21001,7.2796,-11.995
144,22.5,-2.542,-21.215,-0.80286,-70.183,-0.20754,6.5034,-12.89
144,23,-6.6085,-12.041,-1.0065,-63.27,-0.12783,4.5214,-14.715
144,23.5,-1.3118,-19.712,-0.69751,-61.785,-0.20244,6.564,-17.696
144,24,-2.9297,-17.147,-0.81599,-60.146,-0.28867,6.0891,-19.611
145,0.5,-6.764,-9.6271,-1.0378,-55.461,-0.076039,4.3762,-20.822
145,1,-7.5865,-6.729,-1.5513,-53.326,-0.2999,3.4648,-22.42
145,1.5,-6.9125,-8.4146,-1.1592,-54.042,-0.048112,4.3363,-23.042
145,2,-7.8477,-7.6822,-1.2374,-55.151,-0.38449,3.9798,-23.137
145,2.5,-4.7098,-14.543,-0.82471,-59.407,-0.26628,5.6744,-22.545
145,3,-6.58,-13.402,-1.1195,-61.791,-0.40428,5.3069,-21.561
145,3.5,-1.4727,-15.751,-0.80433,-54.017,-0.20849,6.4509,-21.35
145,4,-3.8814,-9.8946,-1.228,-46.332,-0.049003,5.1512,-22.547
145,4.5,-4.9925,-10.21,-1.3551,-51.369,-0.12166,4.732,-23.114
145,5,-2.9856,-6.0301,-0.57676,-36.2,-2.3522,5.2665,-22.665
145,5.5,1.7093,0.63679,-2.3037,-9.3961,0.31168,2.7872,-24.053
145,6,25.981,-13.415,-10.106,33.151,0.31327,-2.4135,-21.899
145,6.5,42.153,-4.7169,-12.266,59.166,0.30695,-4.5109,-16.144
145,7,104.66,-0.044722,-19.219,128.59,0.2826,-10.595,-10.92
145,7.5,151.37,19.031,-25.413,231.97,0.25543,-16.676,-7.235
145,8,171.67,47.661,-31.181,308.57,0.24886,-22.35,-4.164
145,8.5,206.34,61.477,-31.71,380.31,0.24336,-23.15,-0.034202
145,9,262.01,86.382,-38.158,453.13,0.23956,-29.372,4.0428
145,9.5,276.27,94.052,-39.023,524.26,0.2355,-30.304,7.0855
145,10,320.8,111.25,-46.948,566.09,0.23191,-37.869,10.495
145,10.5,298.1,106.13,-46.109,598,0.2288,-36.805,13.668
145,11,233.02,87.221,-37.377,514.81,0.2301,-28.35,15.424
145,11.5,274.37,99.269,-42.492,469.49,0.22938,-33.504,14.865
145,12,282.24,83.432,-39.955,553.39,0.22754,-30.717,17.639
145,12.5,414.69,126.64,-51.256,642.72,0.22769,-41.419,20.855
145,13,313.46,72.1,-40.928,469.87,0.22784,-31.585,20.035
145,13.5,371.13,108.99,-47.21,642.82,0.23153,-37.249,19.628
145,14,277.83,48.152,-35.42,487.29,0.22593,-25.81,21.006
145,14.5,293.13,51.01,-33.54,497.26,0.2334,-23.776,18.528
145,15,323.81,61.428,-37.448,487.13,0.23482,-28.35,19.41
145,15.5,315,51.393,-36.705,455.84,0.24015,-27.627,19.891
145,16,296.18,24.155,-30.827,385.54,0.24405,-21.515,18.845
145,16.5,246.99,3.8998,-26.988,312.46,0.25066,-17.725,16.358
145,17,216.35,-24.127,-23.743,239.28,0.25841,-13.952,13.179
145,17.5,170.37,-59.947,-18.417,135.66,0.26318,-8.3365,9.1772
145,18,111.58,-56.181,-14.166,71.006,0.277,-4.198,4.8121
145,18.5,89.097,-78.796,-9.5232,9.9958,0.28829,0.39021,1.432
145,19,68.377,-67.44,-6.2586,-37.888,0.28122,3.5788,-1.7891
145,19.5,52.954,-63.053,-0.74115,-61.022,0.38886,8.9567,-5.185
145,20,31.999,-45.617,-0.60192,-62.598,-0.060831,8.3902,-7.9205
145,20.5,24.365,-51.855,0.34451,-57.515,-0.16643,9.1248,-9.6995
145,21,23.79,-37.825,-0.6954,-47.428,-0.18901,7.9424,-11.093
145,21.5,37.683,-59.056,-1.0395,-44.711,-0.51707,8.2697,-11.628
145,22,30.076,-44.395,-0.79554,-49.597,-0.10501,8.1119,-12.71
145,22.5,32.153,-45.069,0.78503,-35.543,-0.32669,9.6573,-12.515
145,23,37.279,-53.667,-1.8483,-37.274,-0.27374,7.5256,-12.832
145,23.5,49.334,-72.003,-1.4715,-35.52,-0.15751,7.9704,-13.852
145,24,38.303,-54.638,-2.1181,-32.696,-0.094506,7.1575,-14.575
146,0.5,37.504,-49.663,-1.2133,-31.371,-0.13068,8.1066,-14.477
146,1,35.9,-47.919,-0.75967,-29.211,-0.24698,8.478,-13.865
146,1.5,35.67,-41.396,-0.078252,-25.425,-0.19846,8.704,-13.408
146,2,34.613,-49.374,-0.13228,-18.885,-0.31664,8.7902,-12.985
146,2.5,39.363,-77.571,-0.24734,-15.033,-0.47209,8.8469,-13.508
146,3,47.717,-77.316,-0.14836,-11.32,-1.0905,8.9234,-14.099
146,3.5,40.543,-85.558,-0.19397,-30.884,-1.063,8.8591,-15.934
146,4,39.291,-93.593,-0.21067,-43.965,-0.44968,8.8459,-17.044
146,4.5,29.18,-108.41,-0.22507,-74.566,-0.2724,8.8086,-18.013
146,5,40.287,-109.93,-3.152,-58.602,-1.6037,5.9802,-18.644
146,5.5,60.953,-102.19,-2.6086,-62.5,0.25835,6.5392,-19.304
146,6,83.504,-81.853,-9.7496,-5.994,0.2674,-0.68459,-19.175
146,6.5,91.748,-60.656,-11.786,29.384,0.24814,-2.7374,-17.676
146,7,119.84,-48.724,-16.761,68.445,0.25529,-7.7044,-15.33
146,7.5,117.83,-41.978,-19.68,111.49,0.24873,-10.53,-14.203
146,8,197.97,8.3902,-33.916,253.74,0.24673,-24.61,-12.331
146,8.5,224.15,9.1793,-31.322,325.11,0.24261,-21.741,-8.5171
146,9,270.42,49.225,-42.111,441,0.23965,-32.512,-6.5608
146,9.5,234.6,14.458,-35.876,343.13,0.23738,-26.415,-5.6427
146,10,301.62,60.403,-44.4,464.55,0.23393,-34.998,-3.4555
146,10.5,297.47,47.536,-42.335,451.36,0.23583,-32.909,-0.97731
146,11,288.88,54.049,-41.454,522.61,0.23187,-31.884,1.4221
146,11.5,322.48,75.799,-44.355,521.01,0.23374,-34.694,3.7703
146,12,316.83,67.658,-47.619,552.24,0.2354,-37.921,6.6067
146,12.5,229.18,13.983,-37.144,323.08,0.23982,-27.58,4.7353
146,13,217.27,21.714,-30.672,334.19,0.24461,-21.247,1.3454
146,13.5,174.02,-10.328,-25.644,244.5,0.24434,-16.328,0.19697
146,14,175.32,31.738,-29.822,300.2,0.24422,-20.333,-2.1636
146,14.5,311.28,74.201,-48.886,450.45,0.23749,-39.066,0.57813
146,15,245.52,50.595,-37.841,362.21,0.23849,-28.346,2.0246
146,15.5,284.19,79.116,-42.753,421.08,0.24525,-33.245,0.13193
146,16,237.93,68.66,-35.938,403.49,0.24788,-26.391,2.5854
146,16.5,151.52,18.822,-23.745,242.38,0.24779,-14.381,1.7154
146,17,137.84,-1.3171,-22.927,147.1,0.24614,-13.751,-0.45964
146,17.5,104.63,6.8949,-18.906,152.77,0.26595,-9.7868,-3.1776
146,18,86.203,-15.413,-15.945,84.169,0.27535,-7.0647,-4.3232
146,18.5,74.521,-37.758,-11.366,22.952,0.29904,-2.2898,-5.8778
146,19,35.868,-41.729,-5.2167,-33.646,0.3396,3.2928,-7.9802
146,19.5,15.445,-35.611,-2.5958,-70.822,0.60641,5.5439,-10.349
146,20,-0.49603,-20.821,-0.76368,-72.075,-0.1534,5.755,-13.027
146,20.5,-6.452,-9.2426,-1.7818,-66.518,-0.20754,2.9207,-16.227
146,21,-3.0005,-11.924,-0.89983,-62.378,-0.54003,4.2816,-19.163
146,21.5,-1.8423,-11.988,-0.94601,-58.57,0.012971,4.3646,-21.736
146,22,-3.2446,-10.447,-1.0867,-56.551,-0.08536,4.1924,-23.668
146,22.5,-5.511,-7.4346,-1.5409,-55.347,-0.40093,3.1532,-25.263
146,23,-0.45236,-12.54,-1.0275,-51.946,-0.42265,5.0375,-25.605
146,23.5,-5.3758,-4.8045,-2.0492,-49.946,-0.30602,2.5158,-25.48
146,24,-1.2505,-4.0147,-1.2869,-36.003,-0.49616,3.6068,-24.852
147,0.5,0.4661,1.432,-2.0825,-17.519,-0.83017,2.485,-20.898
147,1,2.5566,-1.0587,-1.1448,-17.099,-0.94991,3.7514,-16.651
147,1.5,2.7555,-1.1173,-1.0733,-16.318,-0.61065,3.8743,-14.587
147,2,5.5204,-2.9374,-0.96421,-13.308,-0.49855,4.7363,-13.246
147,2.5,-0.10839,1.2333,-2.2627,-18.456,-0.53458,2.2811,-12.69
147,3,3.5131,0.69808,-1.5491,-11.694,-0.75605,3.2066,-12.975
147,3.5,4.4285,-0.32527,-1.3024,-11.285,-0.84196,3.5961,-12.784
147,4,7.2718,-4.0932,-0.89839,-11.653,-0.57525,5.216,-11.992
147,4.5,9.6812,-8.8946,-0.81102,-12.776,-0.62479,6.0488,-10.713
147,5,8.3236,-6.1178,-0.44357,-12.011,-7.9385,5.9375,-9.8434
147,5.5,11.836,-8.0126,-1.9972,-4.974,0.28158,4.903,-9.0684
147,6,18.383,-4.1753,-4.1013,15.093,0.2383,2.6487,-8.4739
147,6.5,46.815,-3.8942,-14.303,61.763,0.2417,-6.0059,-7.1032
147,7,55.432,2.4448,-17.547,96.406,0.23579,-9.3504,-6.0258
147,7.5,59.052,7.6559,-17.918,110.61,0.23762,-9.8997,-4.3656
147,8,93.977,26.57,-28.009,158.34,0.23712,-20.529,-2.9321
147,8.5,99.818,34.169,-21.945,231.32,0.23276,-15.443,-0.4074
147,9,183.05,90.712,-38.091,413.12,0.2316,-30.154,3.6662
147,9.5,250.22,101.83,-38.639,553.07,0.22883,-30.178,8.2002
147,10,275.52,104.13,-39.886,592.57,0.224,-33.01,12.069
147,10.5,315.14,123.13,-44.485,662.27,0.22249,-35.881,16.17
147,11,278.82,94.711,-39.295,581.35,0.21771,-32.559,18.503
147,11.5,337.67,112.63,-43.44,641.69,0.22433,-34.489,19.669
147,12,388.66,126.54,-49.024,652.99,0.2226,-39.861,21.493
147,12.5,316.27,59.791,-45.734,520.9,0.22507,-36.066,21.933
147,13,346.2,53.962,-51.31,416.18,0.23105,-41.553,17.082
147,13.5,395.63,113.09,-48.768,739.74,0.23241,-39.356,18.345
147,14,281.86,52.108,-35.994,504.59,0.22661,-27.428,19.706
147,14.5,298.32,59.121,-37.389,542.81,0.23281,-28.031,19.557
147,15,274.3,35.244,-37.167,373.96,0.23456,-28.001,18.074
147,15.5,146.05,-7.824,-23.669,192.16,0.23225,-15.189,13.226
147,16,142.74,-12.909,-23.287,194.46,0.23854,-14.425,9.785
147,16.5,181.84,5.1491,-29.879,262.01,0.24757,-21.06,8.3445
147,17,176.21,17.886,-25.665,306.47,0.25418,-16.311,10.511
147,17.5,155.58,-0.15279,-23.282,189.2,0.25935,-13.445,9.6028
147,18,117.02,-6.9799,-17.985,165.65,0.28041,-8.8287,6.8709
147,18.5,80.621,-34.687,-11.385,38.389,0.28224,-2.3052,4.5784
147,19,42.855,-47.515,-5.4152,-28.831,0.3195,3.4511,0.32916
147,19.5,10.212,-25.765,-0.52046,-57.542,0.51159,6.6917,-3.3031
147,20,6.7767,-24.031,-0.63098,-61.912,-0.10832,6.4536,-6.6254
147,20.5,-2.6008,-11.939,-0.90017,-57.945,-0.1196,4.495,-9.099
147,21,-3.9099,-8.3463,-1.7861,-53.549,-0.25202,3.2175,-11.729
147,21.5,-6.7597,-5.4547,-2.6053,-53.622,-0.28226,2.109,-13.477
147,22,-2.3735,-10.511,-0.97371,-51.258,-0.34872,4.6499,-15.328
147,22.5,-4.1362,-6.8759,-1.7839,-49.444,-0.1126,3.2922,-16.565
147,23,-4.7008,-5.5394,-2.3744,-47.785,-0.26061,2.5105,-18.196
147,23.5,-5.1375,-5.1878,-2.1058,-46.835,-0.016037,2.6976,-19.439
147,24,-0.84185,-11.222,-0.95215,-46.938,-0.19175,5.2483,-20.421
148,0.5,-3.7938,-7.3196,-0.94829,-46.257,-0.41898,4.3134,-20.847
148,1,-4.8132,-6.1486,-1.0196,-47.116,-0.34872,3.9186,-20.923
148,1.5,-1.3938,-12.179,-0.79909,-50.708,-0.56542,5.5371,-20.541
148,2,0.93585,-21.689,-0.93806,-58.2,-0.79805,6.4642,-18.478
148,2.5,1.7996,-15.673,-0.80236,-48.855,-0.56301,6.2116,-15.54
148,3,7.3199,-27.159,-0.26665,-45.978,-0.57436,7.7496,-14.131
148,3.5,0.72133,-19.792,-0.56288,-59.075,-0.24185,6.7705,-12.678
148,4,-1.5394,-18.629,-0.73973,-61.811,-0.23522,6.424,-12.129
148,4.5,-5.1715,-10.082,-0.8684,-54.245,-0.13687,4.7922,-13.081
148,5,-6.7892,-3.5624,0.94556,-45.16,1.3861,5.6639,-15.255
148,5.5,2.9496,-10.165,-2.595,-33.319,0.26249,4.044,-15.212
148,6,15.597,-1.5343,-7.6164,18.957,0.25519,-1.0702,-14.123
148,6.5,49.527,-11.505,-16.391,78.981,0.27173,-7.7598,-10.585
148,7,77.798,24.993,-27.375,151.97,0.26163,-19.052,-6.8269
148,7.5,131.68,54.879,-31.553,230.44,0.25005,-22.941,-3.6568
148,8,128.99,50.982,-26.994,311.78,0.24307,-19.36,-0.22707
148,8.5,184.02,83.256,-34.351,380.71,0.23719,-25.894,3.3578
148,9,204.87,84.152,-33.815,447.17,0.23274,-25.09,6.8978
148,9.5,306.39,106.13,-44.431,525.31,0.2313,-35.711,10.861
148,10,322.58,111.74,-43.408,563.91,0.22574,-34.093,15.129
148,10.5,341.86,95.271,-45.052,579.32,0.22236,-35.893,18.487
148,11,414.08,107.07,-50.353,644.34,0.22019,-40.705,21.824
148,11.5,372.74,90.837,-45.211,679.67,0.21762,-35.468,25.134
148,12,344.81,86.509,-40.428,702.3,0.22279,-30.627,28.921
148,12.5,402.01,69.809,-45.557,619.2,0.22134,-35.716,30.073
148,13,401.35,82.858,-43.732,652.67,0.22319,-34.856,29.092
148,13.5,371.3,51.516,-39.254,621.91,0.2214,-29.254,29.23
148,14,438.13,48.331,-44.28,632.73,0.225,-34.323,29.236
148,14.5,411.47,33.376,-41.717,582.11,0.22932,-31.338,28.047
148,15,348.12,13.733,-36.838,528.68,0.2343,-26.357,25.815
148,15.5,314.07,4.2015,-32.908,465.71,0.23931,-22.524,23.681
148,16,294.33,-13.904,-29.991,398.32,0.24371,-19.464,21.02
148,16.5,232.92,-24.479,-24.828,325.94,0.24961,-14.38,18.113
148,17,196.37,-49.705,-20.814,214.59,0.25352,-10.468,15.187
148,17.5,146.02,-67.163,-15.749,101.78,0.25655,-5.8508,11.135
148,18,153.09,-69.429,-17.468,110.52,0.27365,-7.1771,8.0138
148,18.5,105.92,-65.663,-11.384,49.611,0.29256,-1.2462,6.2357
148,19,58.6,-65.056,-6.8343,-32.638,0.27062,2.7072,3.9117
148,19.5,32.886,-61.103,-0.31627,-60.727,0.31959,8.4842,0.7585
148,20,26.16,-52.862,0.058134,-65.339,-0.10291,8.5984,-2.0408
148,20.5,10.515,-24.866,-0.4146,-55.699,-0.074751,6.2476,-3.9258
148,21,10.592,-24.386,-0.44868,-52.867,-0.086476,6.4994,-6.3752
148,21.5,13.395,-33.494,-3.3195,-58.786,-0.27002,4.1468,-7.0963
148,22,7.8354,-22.746,-0.4772,-54.519,-0.032075,6.5624,-7.8265
148,22.5,6.8937,-20.733,-0.39779,-53.374,-0.18376,6.3513,-8.3473
148,23,1.4183,-11.902,-0.81486,-48.66,-0.13721,4.635,-9.1458
148,23.5,0.87012,-10.327,-0.726,-44.428,0.050888,4.6646,-10.864
148,24,2.2452,-10.719,-0.62654,-41.377,-0.3954,4.9209,-12.689
149,0.5,3.0316,-10.544,-0.64021,-40.417,-0.056907,4.8,-14.237
149,1,1.845,-16.737,-0.51072,-49.825,-0.050888,6.269,-14.433
149,1.5,-3.0463,-9.7305,-0.55302,-45.296,0.078405,5.2116,-13.996
149,2,-4.7135,-8.2511,-0.82036,-48.764,-0.13137,4.6032,-13.652
149,2.5,-2.8493,-8.2484,-0.76851,-43.994,-0.12908,4.7193,-14.165
149,3,-0.60569,-7.4207,-0.88796,-40.542,0.10023,4.3868,-15.564
149,3.5,1.9014,-12.481,-0.63512,-40.447,-0.17641,5.7968,-16.374
149,4,-3.3951,-4.6266,-1.3245,-38.054,-0.2714,3.7729,-16.602
149,4.5,-2.2985,-5.0271,-1.0858,-35.731,-0.19601,4.0709,-17.123
149,5,-2.5838,-2.6491,1.1361,-28.684,0.43584,6.0026,-17.208
149,5.5,8.1065,1.1895,-1.8154,5.0985,0.27616,3.1993,-16.638
149,6,19.832,-4.3261,-6.9104,22.698,0.26847,-0.3991,-13.446
149,6.5,20.647,0.2906,-9.3759,39.482,0.254,-3.1089,-9.3718
149,7,90.483,14.766,-22.164,167.67,0.25919,-14.287,-5.3581
149,7.5,113.76,25.731,-26.266,234.35,0.24767,-19.189,-1.4112
149,8,167.7,32.865,-30.156,317.1,0.23926,-23.023,2.0742
149,8.5,211.08,43.989,-33.323,398.2,0.23231,-26.401,5.7946
149,9,273.77,43.057,-42.977,406.61,0.22916,-34.316,9.5892
149,9.5,310.97,53.244,-40.534,514.02,0.22998,-32.268,12.693
149,10,275.31,53.542,-35.361,559.62,0.22523,-27.014,16.274
149,10.5,403.75,66.708,-45.852,602.93,0.22286,-37.711,19.289
149,11,432.55,66.079,-45.564,641.69,0.22057,-36.829,22.908
149,11.5,413.55,51.685,-41.2,662.14,0.22007,-32.99,26.071
149,12,388.21,55.538,-39.863,665.14,0.21891,-32.569,29.368
149,12.5,400.57,49.893,-41.956,670.48,0.21632,-32.749,30.799
149,13,358.96,40.081,-36.931,668.14,0.21732,-28.552,32.182
149,13.5,441.9,14.024,-43.428,656.98,0.22083,-33.511,32.378
149,14,469.28,-1.7054,-44.23,625.37,0.22497,-33.942,31.596
149,14.5,402.76,-12.061,-37.664,578.3,0.22869,-27.601,29.758
149,15,415.35,-21.963,-40.806,526.84,0.2323,-30.466,28.012
149,15.5,331.24,-32.002,-32.23,464.79,0.23852,-21.917,25.576
149,16,331.74,-48.717,-34.255,395.55,0.2437,-23.545,22.428
149,16.5,284.1,-60.751,-28.659,324.01,0.24897,-17.98,19.132
149,17,221.11,-66.318,-22.909,246.13,0.25778,-12.395,15.866
149,17.5,223.83,-82.314,-20.21,169.59,0.26484,-9.6769,13.042
149,18,129.09,-69.778,-13.68,97.325,0.27457,-3.6387,10.51
149,18.5,87.254,-55.483,-10.504,39.453,0.28959,-0.92763,7.6878
149,19,45.801,-53.417,-3.9796,-23.963,0.31346,4.8228,5.2196
149,19.5,33.526,-48.721,-3.001,-63.529,0.41008,5.8383,1.9181
149,20,9.1033,-25.737,-0.44256,-62.461,0.16334,6.1238,-1.7271
149,20.5,7.7466,-25.135,-0.45931,-61.267,-0.03835,6.3292,-5.9433
149,21,11.48,-35.002,0.60636,-60,-0.1977,8.1326,-8.3725
149,21.5,4.4751,-22.352,-0.41439,-61.768,-0.12213,6.2501,-9.2213
149,22,-1.2049,-11.843,-1.253,-56.173,-0.10122,3.9651,-11.234
149,22.5,12.718,-32.265,-0.016068,-58.672,-0.19971,8.0133,-12.872
149,23,1.2695,-18.638,-0.44483,-57.961,-0.1794,6.0838,-12.751
149,23.5,-5.1802,-7.4857,-1.9312,-54.008,-0.15751,2.929,-14.219
149,24,-1.4063,-10.45,-0.8291,-50.532,-0.12349,4.5352,-16.487
150,0.5,-3.8756,-7.8368,-1.2757,-52.207,-0.63949,3.8637,-17.865
150,1,-1.9628,-10.147,-0.82799,-51.095,-0.57334,4.6612,-18.492
150,1.5,-5.5254,-4.6809,-2.3541,-48.812,-0.14701,2.3268,-19.037
150,2,-1.7874,-7.8537,-0.98882,-46.075,-0.11026,4.3302,-20.332
150,2.5,-4.3799,-4.1332,-1.7577,-44.293,-0.18901,3.2852,-21.166
150,3,1.3083,-15.999,-0.58765,-47.792,-0.22521,6.1083,-21.454
150,3.5,-3.5058,-9.4591,-0.76211,-50.681,-0.45041,4.8644,-19.916
150,4,-4.5379,-8.7085,-0.89817,-52.108,-0.45128,4.5535,-19.656
150,4.5,-4.1163,-12.671,-0.5761,-55.878,-0.37046,5.3773,-18.448
150,5,-1.7283,-14.764,-0.14791,-52.337,1.2916,6.205,-17.498
150,5.5,1.9256,-4.1328,-1.7267,-24.112,0.27419,3.845,-16.52
150,6,13.624,3.2018,-7.3642,24.988,0.2702,-1.8441,-15.188
150,6.5,25.516,13.677,-12.21,78.34,0.2677,-7.6933,-11.37
150,7,68.169,15.224,-20.761,149.39,0.25651,-13.747,-7.2752
150,7.5,101.96,31.088,-25.917,229.45,0.24787,-19.523,-4.3808
150,8,146.74,41.302,-30.95,305.55,0.24035,-23.849,-1.3414
150,8.5,182.15,53.209,-34.075,378.32,0.23666,-27.327,2.3822
150,9,232.16,77.049,-36.084,448.3,0.23198,-27.609,5.8201
150,9.5,329.17,102.54,-46.738,509.29,0.23009,-38.401,8.8264
150,10,342.18,93.138,-45.824,563.85,0.22676,-37.181,12.186
150,10.5,348.6,87.118,-44.127,608.16,0.22409,-35.178,15.497
150,11,410.43,96.911,-48.681,640.61,0.22204,-40.043,19.138
150,11.5,415.83,93.647,-46.713,661.55,0.22109,-37.913,22.607
150,12,409.08,77.728,-44.875,674.9,0.22003,-36.046,25.746
150,12.5,443.96,77.009,-46.428,678.72,0.21975,-37.591,27.528
150,13,446.82,60.354,-45.506,671.04,0.22021,-36.47,28.2
150,13.5,359.74,41.227,-37.586,651.29,0.2222,-28.576,28.206
150,14,427.68,41.57,-41.946,620.58,0.22475,-33.227,27.574
150,14.5,385.55,35.778,-38.869,579.14,0.22562,-29.3,26.903
150,15,376.46,15.943,-39.184,526.64,0.23091,-29.163,25.512
150,15.5,309.03,3.2819,-34.188,470.19,0.23971,-24.008,22.35
150,16,284.78,-16.219,-31.986,389.77,0.24633,-21.795,18.3
150,16.5,216.54,-32.893,-29.287,244.44,0.25011,-19.175,13.174
150,17,239.16,-12.579,-32.016,319.1,0.25996,-21.828,11.128
150,17.5,185.61,-34.972,-24.78,210.87,0.26608,-14.657,8.9035
150,18,127.85,-56.082,-16.83,98.736,0.28028,-6.8,5.5737
150,18.5,93.56,-68.361,-10.795,10.496,0.26749,-0.89374,1.9207
150,19,57.933,-61.507,-5.5904,-18.221,0.32201,3.9054,-1.4623
150,19.5,39.217,-52.077,-1.2431,-38.079,0.43061,7.5877,-2.9733
150,20,26.334,-44.099,0.72911,-47.636,-0.16248,9.305,-4.3398
150,20.5,24.055,-47.071,-0.93784,-51.403,-0.11026,7.8561,-5.8173
150,21,8.2672,-25.166,-2.2771,-51.957,-0.032075,5.37,-6.7229
150,21.5,13.342,-53.328,2.7479,-56.304,-0.51633,11.215,-7.5025
150,22,14.984,-47.007,1.9265,-63.314,-0.071134,10.596,-7.3529
150,22.5,11.459,-37.841,1.6868,-61.89,-0.10291,10.037,-8.134
150,23,17.527,-50.085,0.76117,-62.633,-0.33077,9.5787,-9.096
150,23.5,25.546,-56.88,0.47137,-62.072,-0.19801,9.4422,-10.032
150,24,15.016,-39.609,1.4654,-60.211,-0.15266,10.065,-10.986
151,0.5,11.443,-41.354,1.5122,-62.327,-0.24964,10.089,-11.265
151,1,13.896,-44.572,-0.50306,-64.158,-0.29402,8.1044,-11.265
151,1.5,13.41,-44.547,0.38616,-64.401,-0.28226,8.9884,-11.307
151,2,6.1232,-33.406,0.52385,-57.248,-0.22051,8.768,-11.265
151,2.5,8.5697,-28.157,0.098324,-51.184,-0.27442,8.1867,-10.964
151,3,6.2647,-28.394,-0.47253,-57.18,-0.24698,7.8444,-11.451
151,3.5,3.3095,-20.162,-0.7782,-49.63,-0.28065,7.2734,-11.631
151,4,9.0942,-21.612,0.053321,-39.274,-0.69304,7.977,-11.461
151,4.5,3.1248,-20.84,-1.1495,-56.462,-0.27672,6.4578,-11.292
151,5,3.897,-27.162,0.072833,-57.47,1.2349,7.8445,-11.853
151,5.5,12.513,-22.422,-4.2368,-26.549,0.27105,3.5517,-11.991
151,6,33.999,-13.7,-11.255,26.882,0.26749,-3.0695,-11.068
151,6.5,46.461,-0.24921,-16.698,87.477,0.26654,-8.2946,-8.8421
151,7,85.881,18.927,-22.45,158.64,0.26075,-13.748,-6.0657
151,7.5,118.06,33.112,-26.845,234.75,0.25224,-18.206,-3.3898
151,8,187.35,48.079,-34.64,311.22,0.24443,-25.928,0.153
151,8.5,175.8,36.652,-29.839,384.84,0.2388,-21.376,4.0854
151,9,257.55,50.539,-37,453.44,0.23315,-28.208,8.0521
151,9.5,260.02,36.583,-34.958,515.87,0.22661,-25.977,12.282
151,10,360.78,41.647,-40.093,572.85,0.22125,-30.73,16.836
151,10.5,358.21,29.639,-39.562,614.44,0.21898,-30.123,20.916
151,11,395.5,44.323,-43.079,646.58,0.21673,-33.598,24.46
151,11.5,430.65,41.476,-42.536,668.17,0.2143,-32.943,27.919
151,12,428.49,33.258,-42.262,686.35,0.21299,-32.693,30.411
151,12.5,424.89,20.783,-40.551,688.54,0.21548,-30.992,31.991
151,13,469.56,7.6354,-41.491,680.26,0.21586,-31.869,32.846
151,13.5,485.43,-2.371,-41.847,663.87,0.21822,-32.241,32.915
151,14,450.73,-6.9673,-39.921,633.3,0.21945,-29.996,32.342
151,14.5,466.12,-13.751,-40.628,588.48,0.22263,-30.661,31.546
151,15,421.07,-19.69,-36.243,532.17,0.22635,-26.783,30.511
151,15.5,383.95,-31.312,-33.77,470.32,0.23118,-24.313,28.441
151,16,322.89,-31.109,-29.835,401.59,0.23646,-20.579,25.606
151,16.5,269.98,-47.618,-23.735,329.42,0.24186,-14.457,23.075
151,17,252.27,-58.293,-23.558,255.55,0.25296,-14.037,19.677
151,17.5,190.38,-72.078,-19.551,167.78,0.26268,-9.5088,16.151
151,18,117.68,-84.381,-11.251,40.802,0.24672,-1.2775,11.495
151,18.5,103.96,-64.688,-13.385,72.506,0.29385,-3.6029,7.8924
151,19,86.586,-73.321,-6.5907,-0.67931,0.32797,2.9927,6.5907
151,19.5,59.074,-68.93,-1.3374,-46.981,0.42874,8.1598,3.6795
151,20,46.267,-69.175,1.6275,-53.55,-0.25943,10.879,0.82086
151,20.5,55.818,-77.123,1.9964,-58.953,-0.058804,11.118,-1.6358
151,21,20.248,-34.515,-0.41484,-55.762,0.085755,6.2541,-3.4186
151,21.5,19.746,-29.789,-0.48066,-44.62,0.1446,6.497,-6.3918
151,22,12.922,-17.363,-1.7851,-38.26,-0.29402,3.5811,-8.3479
151,22.5,21.141,-23.005,-0.80748,-28.429,-0.16963,5.1931,-8.4238
151,23,16.414,-25.168,-0.66363,-46.272,-0.018376,5.4288,-8.9603
151,23.5,9.68,-21.61,-0.51572,-48.913,0.19601,5.6966,-10.253
151,24,3.2565,-15.068,-0.89159,-48.933,-0.11505,4.8347,-11.613
152,0.5,6.3382,-19.139,-0.57587,-49.719,-0.3007,5.5279,-12.39
152,1,4.371,-18.82,-0.49898,-52.736,-0.080187,5.74,-13.036
152,1.5,-1.7846,-13.272,-0.60471,-53.194,-0.15266,5.042,-13.297
152,2,-1.5896,-10.322,-0.92761,-49.878,-0.3068,4.2366,-14.224
152,2.5,-0.23505,-13.37,-0.55794,-48.937,-0.33602,5.2225,-15.555
152,3,3.9001,-20.629,-0.32723,-50.931,-0.54831,6.3345,-15.193
152,3.5,2.6092,-17.039,-0.43239,-51.04,-0.41026,5.6817,-14.878
152,4,4.8024,-11.463,-0.26592,-50.71,-0.15877,6.7746,-14.524
152,4.5,-3.2128,-10.808,-0.69549,-49.394,-0.090006,4.9089,-14.233
152,5,-3.8823,-5.5477,0.78621,-42.502,0.59369,5.8909,-15.226
152,5.5,6.0745,-2.4391,-1.4161,-12.241,0.26395,3.7217,-15.678
152,6,29.064,-11.867,-8.4397,35.295,0.26785,-1.4331,-13.576
152,6.5,51.096,1.9502,-14.847,91.557,0.26344,-8.1356,-9.384
152,7,102.02,-1.5815,-19.752,163.04,0.25265,-11.45,-5.5067
152,7.5,143.95,8.9396,-26.235,239.86,0.24764,-17.857,-2.2367
152,8,160.15,22.191,-26.245,314.64,0.2413,-18.03,1.7989
152,8.5,248.46,33.966,-35.268,385.93,0.23464,-26.81,6.4264
152,9,309.99,33.601,-39.614,456.13,0.22879,-30.541,11.087
152,9.5,285.49,45.183,-37.056,518.34,0.22428,-30.701,16.209
152,10,323.88,22.77,-35.838,572.67,0.21989,-27.101,19.853
152,10.5,391.76,27.745,-40.151,613.46,0.21688,-31.554,23.37
152,11,461.78,26.059,-37.298,648.13,0.21337,-28.47,27.674
152,11.5,459.21,21.852,-40.781,672.01,0.20905,-32.782,30.984
152,12,492.43,28.36,-42.985,686.08,0.20948,-33.724,33.915
152,12.5,525.78,4.4945,-45.826,692.72,0.21202,-35.969,35.112
152,13,429.36,0.06474,-35.353,682.47,0.2104,-26.885,36.461
152,13.5,486.8,-2.5391,-41.808,664.02,0.21135,-32.388,35.815
152,14,504.89,-9.0546,-40.831,633.55,0.21602,-31.396,34.494
152,14.5,499.31,-44.504,-40.129,594.16,0.22078,-30.382,33.13
152,15,450.54,-56.502,-37.677,539.4,0.22888,-27.303,31.689
152,15.5,403.45,-64.832,-34.686,478.14,0.23496,-24.04,27.931
152,16,317.87,-66.025,-29.513,407.14,0.24101,-18.997,22.943
152,16.5,299.62,-59.709,-28.904,331.63,0.24768,-18.432,18.972
152,17,268.72,-83.24,-23.88,257.39,0.25297,-13.531,15.575
152,17.5,193.03,-67.808,-19.719,180.47,0.26181,-9.4077,11.59
152,18,154.97,-70.61,-16.107,116,0.27579,-6.0221,8.3204
152,18.5,125.36,-77.138,-13.423,69.459,0.28979,-3.3877,5.4956
152,19,82.866,-66.364,-8.2582,20.393,0.31058,1.708,3.2145
152,19.5,50.832,-63.694,-1.5924,-29.349,0.38092,7.7554,0.14787
152,20,42.33,-54.295,-0.73689,-38.843,1.5121,8.2996,-2.5755
152,20.5,32.82,-42.409,2.1974,-30.842,-0.053458,10.479,-4.2917
152,21,35.034,-41.633,0.81948,-34.142,-0.080187,9.3215,-5.4414
152,21.5,41.936,-55.001,1.1401,-31.587,-0.12166,10.006,-6.2979
152,22,30.45,-34.637,-0.9085,-29.324,0.17151,7.4342,-6.9215
152,22.5,38.101,-34.696,0.16061,-19.487,-0.03835,8.5881,-7.3822
152,23,22.3,-24.207,2.2096,-24.557,0.027564,10.343,-7.9152
152,23.5,22.21,-34.189,0.91257,-35.904,0.1641,9.5451,-8.8927
152,24,20.654,-40.294,-0.44678,-57.198,-0.090006,8.2664,-10.931
153,0.5,14.378,-34.259,-1.5506,-58.402,-0.14401,7.0144,-12.429
153,1,8.8546,-32.987,0.1995,-58.954,-0.30027,8.6453,-12.8
153,1.5,9.4793,-32.469,0.15856,-59.989,-0.16037,8.6291,-12.745
153,2,8.2427,-33.557,-0.50138,-60.078,-0.24698,7.9567,-13.429
153,2.5,7.6805,-35.21,-1.0034,-59.436,-0.25727,7.4891,-13.838
153,3,6.5256,-30.418,-1.7194,-59.327,-0.24397,6.687,-14.201
153,3.5,9.5638,-37.293,-0.70074,-58.616,-0.36084,7.7628,-14.321
153,4,9.222,-42.494,-1.4053,-59.696,-0.3007,7.183,-14.182
153,4.5,10.52,-37.78,-1.2882,-59.366,-0.22521,7.168,-13.86
153,5,8.1757,-31.66,-0.33508,-54.659,0.90726,7.921,-13.68
153,5.5,15.09,-19.524,-5.8257,-24.134,0.27193,2.3328,-13.166
153,6,40.165,-10.594,-12.219,28.625,0.26583,-3.7355,-11.697
153,6.5,60.412,0.79907,-19.775,91.872,0.26695,-10.925,-10.115
153,7,90.41,26.742,-24.784,163.91,0.26159,-15.872,-8.5086
153,7.5,117.41,47.746,-28.859,240.61,0.25361,-19.964,-6.3891
153,8,175.68,81.244,-37.691,317.01,0.24533,-28.558,-3.7697
153,8.5,193.52,83.997,-39.037,389.72,0.23901,-29.973,-0.13902
153,9,226.41,93.469,-41.283,457.52,0.23355,-32.255,3.5846
153,9.5,263.23,95.546,-43.505,519.16,0.22872,-34.649,8.1781
153,10,272.52,83.068,-41.096,569.83,0.22435,-32.416,12.708
153,10.5,351.1,91.645,-47.624,613.5,0.22082,-38.615,17.285
153,11,391.44,93.948,-49.304,647.16,0.2193,-40.097,21.194
153,11.5,385.21,81.07,-48.173,671.91,0.21898,-38.556,24.75
153,12,426.36,77.288,-49.627,685.83,0.21916,-39.901,27.217
153,12.5,403.25,65.914,-44.827,687.67,0.22028,-35.095,29.035
153,13,467.91,57.567,-50.366,680.83,0.22134,-40.394,30.859
153,13.5,420.09,37.905,-44.718,663.07,0.22332,-34.742,31.776
153,14,423.91,26.714,-44.3,632.34,0.22574,-34.26,31.627
153,14.5,393.63,11.5,-41.172,591.49,0.22822,-31.205,30.819
153,15,398.19,12.237,-42.474,544.14,0.2348,-32.398,25.351
153,15.5,346.07,-1.6066,-38.79,456.79,0.23883,-28.773,21.117
153,16,325.91,-23.032,-35.31,396.57,0.24548,-25.203,14.932
153,16.5,283.28,-29.105,-31.407,326.01,0.25136,-21.202,10.662
153,17,227.91,-23.641,-27.073,273.41,0.25661,-17.05,8.0917
153,17.5,180.71,-50.313,-22.312,163.46,0.26007,-12.382,5.5095
153,18,142.37,-46.68,-17.625,125.64,0.27259,-7.8144,3.3219
153,18.5,90.814,-46.602,-12.619,55.285,0.28628,-2.907,0.33522
153,19,83.273,-55.982,-8.74,22.909,0.2995,0.67277,-2.8662
153,19.5,61.054,-59.165,-2.69,-26.293,0.35282,6.6712,-5.4875
153,20,39.518,-57.041,0.65216,-43.763,-3.5282,9.9007,-7.6198
153,20.5,38.424,-56.238,-0.11173,-49.138,-0.18093,9.0177,-9.2068
153,21,34.289,-50.458,-0.7194,-51.887,-0.082052,8.3554,-10.647
153,21.5,30.077,-56.801,0.91657,-58.938,-0.1534,9.9841,-11.457
153,22,25.039,-58.987,-0.033584,-61.87,-0.12601,8.9487,-12.373
153,22.5,25.467,-50.251,-1.4433,-59.425,-0.17258,7.3846,-13.073
153,23,18.388,-43.321,0.23973,-57.131,-0.18376,8.8305,-13.024
153,23.5,12.037,-35.717,0.88822,-53.134,-0.22521,9.1247,-12.745
153,24,10.75,-29.561,0.63501,-46.734,-0.23101,8.6817,-12.609
154,0.5,8.4026,-23.25,-0.10055,-43.982,-0.24257,7.7455,-12.671
154,1,16.215,-36.298,0.076006,-44.249,-0.41346,8.5581,-12.794
154,1.5,14.952,-39.704,-2,-49.389,-0.22681,6.6681,-13.461
154,2,15.941,-45.002,-0.29671,-54.661,-0.16801,8.3093,-13.477
154,2.5,11.291,-37.009,-1.6215,-55.113,-0.21001,6.8501,-13.712
154,3,14.224,-35.373,-0.71504,-54.123,-0.18042,7.6787,-13.477
154,3.5,2.9608,-31.585,0.44231,-52.372,-0.24616,8.5541,-13.614
154,4,3.5227,-22.811,-0.453,-52.142,-0.3007,7.1452,-13.434
154,4.5,3.3963,-22.386,0.74191,-50.784,-0.37487,8.2711,-13.557
154,5,3.1374,-21.462,-0.87092,-46.147,0.62178,6.32,-13.778
154,5.5,10.295,-14.176,-3.3893,-14.804,0.26241,3.4321,-13.066
154,6,28.133,-10.486,-9.6075,36.53,0.26569,-1.9336,-11.598
154,6.5,58.138,6.3528,-17.455,95.643,0.26486,-9.1313,-9.0996
154,7,105.91,36.119,-27.556,164.9,0.25967,-19.179,-7.0022
154,7.5,139.92,52.766,-30.894,239.75,0.25126,-22.641,-4.5625
154,8,158.74,55.383,-31.395,314.87,0.24447,-22.869,-1.1466
154,8.5,231.78,75.134,-39.867,387.83,0.23939,-31.09,2.9157
154,9,238.43,76.138,-38.228,455.17,0.23236,-29.825,7.1146
154,9.5,290.13,85.525,-42.436,515.18,0.22699,-34.43,11.645
154,10,374.81,96.228,-47.289,566.52,0.22145,-39.724,16.904
154,10.5,394.1,99.313,-48.138,610.41,0.21864,-39.523,22.072
154,11,442.82,87.058,-50.562,642.99,0.21742,-41.869,25.863
154,11.5,450.62,68.116,-49,668.55,0.21612,-40.038,27.898
154,12,456.92,59.12,-47.705,682.59,0.21532,-38.537,30.975
154,12.5,484.51,47.307,-47.764,686.6,0.21471,-39.113,36.295
154,13,415.47,30.819,-39.797,678.74,0.21318,-31.385,42.88
154,13.5,415.51,19.692,-39.142,660.88,0.21377,-30.723,43.572
154,14,360.11,4.0446,-34.875,631.8,0.21624,-26.217,38.301
154,14.5,422.94,-4.5839,-37.405,590.12,0.21928,-28.68,39.899
154,15,400.61,-14.483,-35.605,537.52,0.22391,-27.272,37.49
154,15.5,352.78,-21.108,-32.472,475.7,0.22835,-23.746,33.167
154,16,266.97,-21.339,-26.206,406.76,0.23362,-17.874,26.975
154,16.5,347.94,-54.046,-30.176,336.55,0.23828,-20.625,23.379
154,17,265.57,-79.122,-24.618,262.78,0.24931,-14.48,18.772
154,17.5,196.05,-59.531,-18.268,186.66,0.259,-8.4274,14.181
154,18,151.71,-74.463,-14.703,110.97,0.27022,-4.8558,10.473
154,18.5,117.31,-85.72,-10.34,42.256,0.2912,-0.52636,6.97
154,19,68.981,-77.358,-4.531,-10.277,0.30085,4.7514,4.7291
154,19.5,30.812,-43.085,-0.96412,-45.142,0.33314,6.7415,2.5352
154,20,11.348,-24.706,-1.5446,-47.003,0.16539,4.294,-0.50529
154,20.5,13.918,-26.614,-0.71824,-45.232,-0.055129,5.4454,-4.0046
154,21,13.161,-24.556,-1.0032,-43.674,-0.19846,4.9276,-6.5811
154,21.5,10.666,-21.564,-0.96448,-40.853,0.1126,4.9625,-7.7619
154,22,7.9398,-18.411,-0.85564,-38.803,0.11761,5.1406,-9.2072
154,22.5,5.8997,-15.718,-1.4424,-38.095,0.16801,4.273,-10.837
154,23,12.406,-24.888,-0.46895,-39.026,-0.13364,6.4981,-11.72
154,23.5,0.68722,-11.243,-1.7965,-39.943,0.064541,3.5892,-11.062
154,24,1.7639,-13.023,-1.1323,-38.871,0.088206,4.5197,-11.259
155,0.5,2.4287,-12.509,-0.87299,-36.955,0.1357,4.7393,-11.717
155,1,-1.8706,-6.1196,-2.7093,-39.952,-0.092848,1.8534,-12.641
155,1.5,-1.0187,-9.0104,-1.3685,-39.424,0.095876,3.7818,-13.451
155,2,-3.8463,-4.0387,-2.2357,-36.436,-0.026729,2.4706,-14.638
155,2.5,-4.4286,-1.9367,-3.0073,-37.809,-0.025943,1.3874,-15.464
155,3,-3.7969,-5.2984,-1.9743,-38.876,-0.11026,2.9116,-15.755
155,3.5,-4.9598,-3.6522,-2.2625,-38.759,-0.33726,2.5037,-16.485
155,4,-3.2491,-5.1411,-1.997,-37.465,-0.5779,2.884,-17.178
155,4.5,-3.0628,-4.2161,-2.0144,-36.612,-0.10081,2.8258,-17.891
155,5,-5.0903,-0.44464,1.2166,-30.9,0.45363,5.8682,-17.897
155,5.5,3.1671,1.5175,-1.0247,-3.6696,0.25331,3.637,-17.225
155,6,17.651,3.9833,-6.5483,40.328,0.26273,-1.4675,-14.541
155,6.5,76.601,-11.678,-15.462,98.246,0.26215,-8.0952,-9.5568
155,7,115.89,-8.4988,-21.081,168.94,0.25769,-13.088,-5.2211
155,7.5,168.9,-5.7034,-26.124,245.86,0.25032,-17.658,-1.6089
155,8,195.36,19.675,-31.23,318.07,0.24328,-22.953,1.7093
155,8.5,241.54,39.705,-35.01,389.71,0.23669,-27.321,6.4459
155,9,255.94,46.373,-36.952,457.77,0.23097,-28.492,10.577
155,9.5,342.09,61.86,-42.775,517.49,0.22563,-35.408,15.023
155,10,317.76,46.528,-38.071,570.3,0.21906,-32.124,19.563
155,10.5,269.79,45.068,-27.574,612.37,0.21741,-20.177,24.353
155,11,364.86,45.359,-36.641,647.23,0.21613,-30.828,29.403
155,11.5,391.89,35.657,-34.194,673.18,0.21209,-28.062,32.63
155,12,330.8,31,-25.79,688.21,0.20904,-18.627,35.103
155,12.5,412.9,23.704,-31.963,694.95,0.20797,-25.489,41.609
155,13,409.75,35.36,-29.603,683.09,0.2062,-22.727,44.695
155,13.5,313.32,9.7041,-33.338,665.47,0.20824,-23.944,47.791
155,14,455.29,-26.302,-36.241,636.11,0.21209,-27.842,41.892
155,14.5,408.3,-38.716,-31.073,593.74,0.21683,-22.208,36.657
155,15,353.44,-43.084,-29.089,541.32,0.22061,-20.121,33.634
155,15.5,378.66,-57.035,-32.257,479.64,0.22541,-23.115,29.25
155,16,289.74,-49.27,-26.494,413.98,0.22965,-17.598,26.138
155,16.5,259.55,-63.698,-23.635,342.26,0.23789,-14.489,23.502
155,17,293.15,-109.7,-24.13,267.85,0.24709,-14.169,19.734
155,17.5,199.1,-82.757,-17.394,188.55,0.25502,-8.1044,16.125
155,18,159.96,-89.083,-13.462,112.11,0.26887,-4.022,12.885
155,18.5,100.31,-69.172,-8.6749,44.827,0.28435,0.15683,9.8936
155,19,50.854,-46.139,-3.7308,-9.3539,0.28988,4.0076,7.3064
155,19.5,28.895,-47.057,-0.49303,-44.806,0.29037,5.7617,4.0285
155,20,15.704,-31.892,-2.1748,-46.014,0.15475,3.2813,-0.5158
155,20.5,14.862,-29.445,-2.1942,-43.512,-0.070565,3.2146,-5.2787
155,21,11.902,-24.489,-3.6805,-40.185,0.18767,1.4384,-8.6449
155,21.5,12.989,-24.582,-2.7764,-40.532,0.17258,2.5016,-10.761
155,22,8.5182,-17.918,-2.6829,-40.532,0.38222,2.674,-11.626
155,22.5,3.4679,-12.94,-2.9685,-38.53,0.23522,2.0647,-12.73
155,23,-0.48604,-8.5947,-3.3007,-39.042,0.22051,1.4263,-13.352
155,23.5,-0.11019,-11.269,-2.4803,-41.66,-0.12251,2.6397,-14.014
155,24,-1.112,-13.154,-1.7371,-45.579,-0.22617,3.7778,-12.804
156,0.5,-2.471,-6.6796,-3.2758,-42.48,-0.16248,1.3894,-11.692
156,1,12.017,7.2925,-0.053209,-38.748,-0,7.3522,-12.861
156,1.5,-1.6273,-6.7944,-3.5714,-40.292,0.35702,1.0566,-12.916
156,2,0.44629,-13.75,-1.1615,-41.154,0.29402,4.4254,-13.71
156,2.5,-0.46874,-13.618,-1.1913,-41.918,-0.047679,4.4168,-14.096
156,3,0.85737,-13.128,-1.2029,-37.702,0.38975,4.4462,-14.051
156,3.5,12.018,32.924,-0.049986,-35.216,0.40268,7.2173,-14.56
156,4,-2.0711,-8.7331,-1.3976,-37.393,0.11761,3.8685,-14.598
156,4.5,-4.447,-4.9131,-1.7649,-36.048,0.14701,3.221,-14.866
156,5,-4.1167,-0.45243,1.8116,-25.478,0.23627,6.561,-15.478
156,5.5,21.038,-8.9493,-1.5115,8.9801,0.24854,3.704,-15.106
156,6,43.441,-12.308,-6.9079,43.083,0.23468,-0.65579,-12.306
156,6.5,48.277,7.2287,-14.742,107.44,0.2506,-9.1622,-7.8381
156,7,97.845,5.9139,-21.344,181.07,0.24536,-14.588,-2.5685
156,7.5,155.62,-7.9541,-22.777,259.62,0.24185,-15.295,2.3544
156,8,193.07,-13.17,-26.773,333.55,0.23598,-18.375,7.1811
156,8.5,274.26,-12.456,-32.753,405.67,0.23247,-24.039,13.313
156,9,342.84,10.724,-39.017,471.37,0.22838,-30.475,20.031
156,9.5,297.86,7.0904,-32.317,523.51,0.22644,-24.289,27.294
156,10,302.72,2.6576,-30.806,581.51,0.22134,-22.767,33.672
156,10.5,467.72,16.305,-42.548,619.27,0.21835,-34.228,37.248
156,11,464.72,11.62,-39.841,661.16,0.21233,-31.958,40.431
156,11.5,405.52,24.503,-29.744,689.18,0.20915,-23.089,42.104
156,12,392.3,25.545,-27.227,700.25,0.20479,-20.617,42.45
156,12.5,437.21,-10.123,-32.542,710.03,0.20763,-24.432,43.764
156,13,394.38,-10.187,-26.902,671.34,0.21009,-19.623,44.251
156,13.5,387.63,-25.824,-27.815,613.49,0.213,-19.537,40.92
156,14,460.52,-47.238,-41.001,627.57,0.21903,-32.084,37.72
156,14.5,437.17,-54.241,-39.28,562.41,0.22381,-30.225,34.709
156,15,413.11,-97.652,-38.517,503.66,0.23218,-28.554,30.523
156,15.5,383.16,-102.51,-34.331,477.77,0.23845,-24.329,25.32
156,16,371.38,-118.59,-32.328,384.54,0.24203,-22.067,21.413
156,16.5,327.61,-132.49,-28.192,299.76,0.24756,-17.957,17.118
156,17,304.95,-142,-25.02,235.28,0.2552,-14.605,12.691
156,17.5,254.35,-143.76,-20.236,175.64,0.26412,-9.8118,8.9314
156,18,181.42,-106.68,-16.069,116.18,0.27584,-5.9907,6.7655
156,18.5,143.99,-105.81,-11.285,50.425,0.28735,-1.5523,5.3826
156,19,78.399,-70.712,-6.0365,-12.936,0.30592,2.6141,3.1882
156,19.5,21.943,-38.791,-1.0265,-47.466,0.32022,4.6799,-0.23236
156,20,22.726,-46.963,0.51193,-61.349,-0.18767,7.8453,-4.7246
156,20.5,34.192,-70.048,1.4518,-68.299,-0.27474,9.8527,-6.3407
156,21,40.603,-80.63,1.5404,-72.828,-0.18901,10.21,-6.6276
156,21.5,43.653,-87.167,1.9979,-75.911,-0.15289,10.669,-7.3947
156,22,51.904,-102.18,0.61315,-80.126,-0.35002,9.7446,-8.394
156,22.5,52.12,-94.016,0.81876,-81.399,-0.11026,9.8352,-8.6755
156,23,52.29,-102.61,0.93477,-80.179,-0.2112,9.9965,-9.3171
156,23.5,61.142,-108.15,1.4975,-80.136,-0.25014,10.7,-10.343
156,24,57.094,-110.36,1.0874,-85.929,-0.17641,10.249,-11.03
157,0.5,43.769,-89.248,-0.84772,-87.233,-0.17641,8.0616,-11.259
157,1,42.418,-94.36,-0.094486,-85.148,-0.25374,8.7982,-11.637
157,1.5,40.429,-86.343,0.70194,-83.873,-0.16748,9.3411,-11.806
157,2,34.607,-86.779,0.38275,-84.933,-0.20355,9.0228,-11.997
157,2.5,33.435,-86.971,-0.81469,-85.357,-0.28607,7.8664,-12.131
157,3,41.512,-93.641,-0.38527,-84.256,-0.23942,8.4123,-13.073
157,3.5,43.909,-96.087,0.20442,-85.534,-0.24166,8.8798,-13.27
157,4,44.113,-99.399,0.34125,-86.916,-0.22345,9.0226,-13.456
157,4.5,40.023,-93.932,0.14068,-85.498,-0.25374,8.7499,-13.466
157,5,56.723,-112.73,-1.7371,-83.282,2.0235,7.0369,-13.723
157,5.5,79.697,-109.69,-6.2991,-36.796,0.24765,2.5289,-14.396
157,6,90.992,-76.798,-11.111,26.93,0.27063,-2.4776,-13.576
157,6.5,143.38,-89.041,-17.309,96.266,0.26803,-8.3213,-11.084
157,7,191.43,-82.24,-23.124,175.36,0.26309,-13.871,-9.88
157,7.5,224.54,-70.817,-26.354,251.48,0.25445,-16.982,-8.8331
157,8,262.27,-43.947,-29.905,329.64,0.24813,-20.574,-6.679
157,8.5,288.19,-27.323,-31.471,402.26,0.24381,-22.273,-2.999
157,9,288.7,-7.8742,-32.727,467.87,0.23956,-23.447,1.233
157,9.5,365.06,-7.1642,-36.603,530.15,0.23566,-27.14,5.0075
157,10,379.7,1.3642,-37.503,582.63,0.23303,-27.96,7.717
157,10.5,414.86,15.055,-38.714,625.92,0.23053,-29.094,10.446
157,11,395.09,18.956,-37.48,657.36,0.23005,-27.865,12.191
157,11.5,501.47,32.652,-42.032,678.52,0.22931,-32.373,13.381
157,12,575.5,21.86,-45.157,691.78,0.22815,-35.459,16.498
157,12.5,489.33,2.4452,-38.574,695.91,0.22774,-28.862,16.577
157,13,491.87,-5.4227,-38.775,683.61,0.2294,-28.999,13.831
157,13.5,445.66,-7.7471,-36.698,649.33,0.23221,-26.913,11.604
157,14,415.6,-7.0201,-34.491,624.89,0.23458,-24.783,10.126
157,14.5,438.29,-28.193,-35.122,533.26,0.23663,-25.353,8.9278
157,15,385.7,-41.236,-32.291,526.27,0.24069,-22.345,6.5822
157,15.5,372.79,-43.104,-31.471,467.64,0.24356,-21.459,5.4731
157,16,356.68,-45.755,-28.88,398.09,0.24708,-18.866,4.3179
157,16.5,279.61,-53.345,-24.316,323.33,0.25067,-14.595,2.5373
157,17,261.76,-59.181,-21.511,248.89,0.2563,-11.85,-0.22748
157,17.5,210.14,-77.931,-18.577,172.7,0.26474,-8.9857,-2.9063
157,18,175.56,-93.5,-15.049,98.633,0.27576,-5.5214,-5.0853
157,18.5,121.86,-93.121,-11.009,24.775,0.2936,-1.586,-6.6459
157,19,89.29,-108.27,-6.0209,-34.441,0.3159,3.2287,-8.4942
157,19.5,45.953,-64.489,-5.2886,-74.235,0.41532,3.2289,-10.094
157,20,35.43,-75.557,0.23603,-80.923,-0.12601,8.4344,-10.819
157,20.5,41.006,-88.81,-0.61052,-85.641,-0.21169,7.8806,-12.167
157,21,33.276,-89.421,-1.0868,-87.223,-0.27722,7.3907,-13.079
157,21.5,32.024,-91.474,-1.2942,-88.1,-0.22051,7.2328,-13.975
157,22,31.814,-45.536,-4.0727,-84.135,-0.071795,3.5131,-14.416
157,22.5,37.772,-71.186,5.9056,-75.487,-0.26347,13.917,-15.445
157,23,21.484,-74.57,-0.32486,-78.826,-0.28574,7.4918,-17.07
157,23.5,46.883,-103.92,-1.6899,-89.123,-0.39495,6.8421,-17.381
157,24,40.035,-99.351,-1.1201,-91.236,-0.20263,7.5074,-16.789
