TIMESTAMP,TA_ERA,TA_ERA_NIGHT,TA_ERA_NIGHT_SD,TA_ERA_DAY,TA_ERA_DAY_SD,SW_IN_ERA,LW_IN_ERA,VPD_ERA,PA_ERA,P_ERA,WS_ERA
198101,6.652,5.631,1.532,7.992,2.134,91.127,310.495,1.307,101.543,2.419,1.924
198102,8.532,6.966,2.124,10.349,2.75,139.516,307.921,2.189,101.642,1.316,2.014
198103,9.439,7.586,1.937,11.22,2.74,173.35,313.165,2.931,101.376,2.75,2.486
198104,12.923,9.829,2.466,15.306,3.948,275.808,309.175,6.19,101.356,0.255,2.777
198105,15.903,12.211,2.301,18.31,4.155,314.128,321.643,8.769,101.055,0.453,3.553
198106,21.173,16.795,2.601,23.799,5.141,348.714,340.112,15.44,100.938,0.0,3.509
198107,19.29,14.941,2.818,22.024,5.509,347.746,329.307,11.695,100.952,0.002,2.895
198108,18.826,14.95,2.651,21.596,5.003,309.742,336.426,9.952,100.88,0.0,2.818
198109,17.627,14.588,2.5,20.268,4.492,240.615,336.856,8.55,101.084,0.022,2.644
198110,13.054,10.827,2.584,15.433,3.758,175.736,314.895,5.323,101.27,1.264,2.238
198111,10.985,9.775,1.946,12.548,2.267,106.877,321.78,2.712,101.448,2.598,2.204
198112,7.869,7.024,1.659,9.052,1.793,75.703,319.647,1.326,101.693,2.076,2.093
198201,4.05,2.962,1.811,5.483,2.348,108.357,285.825,1.451,101.695,2.02,2.457
198202,8.549,7.055,2.055,10.288,2.791,137.548,306.309,2.623,101.671,2.392,2.188
198203,8.697,7.139,1.85,10.204,2.521,161.512,311.425,2.427,101.223,4.116,2.484
198204,11.377,8.942,2.129,13.226,3.279,252.074,306.403,4.777,101.474,2.166,2.975
198205,15.054,11.293,2.409,17.486,4.392,331.965,313.887,7.581,100.973,0.013,3.039
198206,15.811,12.286,2.022,17.926,3.986,322.554,331.778,7.039,101.02,0.363,3.398
198207,18.681,14.599,2.58,21.255,5.026,333.264,335.376,10.304,101.073,0.0,2.865
198208,18.563,14.904,2.464,21.167,4.634,301.466,338.488,10.002,101.134,0.004,2.893
198209,17.225,14.598,2.407,19.502,3.813,225.318,337.464,8.229,100.956,1.349,2.413
198210,13.736,11.595,2.454,16.004,3.561,167.454,323.365,5.086,101.407,1.646,2.09
198211,7.557,6.591,1.903,8.798,2.17,95.962,310.998,1.565,101.264,3.563,2.049
198212,5.746,4.803,1.86,7.066,2.043,84.775,294.971,1.622,101.623,2.265,2.364
198301,5.512,4.448,1.462,6.922,2.226,93.439,305.457,1.209,101.471,3.901,2.177
198302,9.157,8.016,1.662,10.49,2.105,107.982,322.428,1.97,101.137,4.864,2.76
198303,10.211,8.708,1.523,11.657,2.192,155.529,322.042,2.714,101.022,3.829,2.697
198304,11.114,9.048,1.762,12.725,2.758,231.213,308.445,4.633,101.138,2.49,2.901
198305,15.152,11.854,2.153,17.26,4.044,313.194,315.636,7.485,101.228,0.249,3.164
198306,18.094,14.563,2.532,20.213,4.443,334.55,334.466,10.074,100.942,0.011,3.213
198307,19.147,15.477,2.462,21.45,4.519,337.292,332.822,10.887,101.069,0.001,3.097
198308,20.39,16.882,2.25,22.882,4.29,289.939,353.772,11.372,101.112,0.049,2.86
198309,19.55,16.504,2.54,22.178,4.452,238.46,345.682,10.861,100.881,0.378,2.494
198310,15.851,13.536,2.578,18.314,3.891,175.036,330.455,6.289,101.286,0.357,1.967
198311,9.664,8.557,1.93,11.106,1.886,88.393,318.398,2.665,101.362,3.726,2.572
198312,8.445,7.778,1.372,9.38,1.303,58.685,329.047,1.632,101.581,3.364,2.592
198401,6.101,5.06,1.714,7.458,2.342,106.073,298.542,1.504,101.94,0.336,1.672
198402,7.827,6.254,2.129,9.653,2.795,137.875,302.292,2.253,101.784,0.819,2.158
198403,11.514,9.457,2.054,13.482,3.149,208.215,307.484,4.656,101.512,0.885,3.001
198404,12.143,9.401,2.141,14.241,3.481,267.526,303.607,6.485,101.378,0.405,3.413
198405,17.919,14.189,2.748,20.308,4.674,320.995,327.898,12.125,101.218,0.086,3.48
198406,18.064,14.32,2.502,20.311,4.669,332.814,330.623,10.632,100.946,0.165,3.317
198407,21.102,17.455,2.554,23.391,4.968,336.697,349.396,13.043,100.825,0.0,2.787
198408,19.703,16.184,2.478,22.214,4.655,302.01,345.024,11.051,100.974,0.009,2.806
198409,20.495,17.327,2.905,23.282,4.78,250.904,343.143,13.113,100.782,0.039,2.452
198410,13.549,11.66,2.213,15.573,3.194,171.008,319.213,5.831,101.337,1.429,2.667
198411,9.174,7.984,2.069,10.724,2.13,93.53,315.866,2.552,101.487,4.032,2.46
198412,5.218,4.241,1.611,6.585,1.961,87.86,295.708,1.432,101.399,1.456,2.03
198501,3.841,2.799,1.654,5.211,2.395,103.109,291.461,0.936,101.869,0.542,1.39
198502,8.013,6.156,2.587,10.17,3.508,158.944,291.929,3.469,101.613,1.238,2.48
198503,8.645,6.745,1.894,10.465,3.044,200.898,296.142,3.437,101.528,2.113,2.934
198504,13.952,11.108,2.373,16.15,4.003,274.139,316.313,6.3,101.286,0.188,2.908
198505,14.775,11.233,2.097,17.078,4.023,320.298,313.429,8.218,101.153,0.008,3.46
198506,19.844,15.881,2.711,22.222,4.907,338.481,342.631,12.231,101.002,0.04,3.129
198507,20.72,16.869,2.497,23.136,4.816,329.09,351.726,13.06,101.046,0.001,3.015
198508,18.55,14.636,2.325,21.339,4.482,307.345,333.275,10.066,101.115,0.002,2.726
198509,16.547,13.852,2.38,18.907,3.817,231.979,332.803,7.794,101.076,0.379,2.585
198510,13.929,11.503,2.675,16.511,3.884,177.475,320.975,6.694,101.2,0.57,2.278
198511,8.037,6.807,1.988,9.605,2.408,106.754,308.202,3.151,101.347,2.54,2.106
198512,5.861,4.894,1.829,7.215,2.242,93.975,295.346,1.413,101.938,1.801,1.631
198601,8.433,7.435,1.446,9.752,2.176,88.347,319.889,1.354,101.726,2.763,1.915
198602,10.139,8.709,1.701,11.802,2.398,124.85,320.373,2.5,101.346,5.953,3.112
198603,11.939,10.074,1.906,13.721,3.002,199.817,320.367,3.481,101.369,2.097,2.643
198604,12.376,9.636,2.125,14.465,3.413,257.746,310.218,5.535,101.374,0.648,2.741
198605,15.592,11.959,2.401,17.93,4.131,316.444,318.605,8.616,101.071,0.162,3.201
198606,18.099,14.232,2.483,20.42,4.502,344.291,331.997,9.82,101.043,0.0,3.343
198607,19.319,15.56,2.52,21.679,4.706,339.353,340.067,10.762,101.121,0.0,2.854
198608,18.412,14.498,2.566,21.19,5.204,305.294,335.907,8.689,100.977,0.0,2.648
198609,15.642,12.882,2.236,18.037,3.918,230.809,328.248,6.668,101.054,0.726,2.702
198610,14.94,12.422,2.703,17.617,4.14,187.035,323.274,6.854,101.307,0.055,2.326
198611,11.098,8.866,3.027,14.004,3.595,136.256,299.006,5.785,101.666,0.038,2.346
198612,6.208,4.984,1.867,7.922,2.541,91.025,300.167,1.782,101.702,0.652,1.527
198701,5.631,4.431,2.067,7.203,2.634,98.803,292.459,2.003,101.766,2.379,2.246
198702,8.645,7.016,2.153,10.535,2.97,148.023,297.633,2.936,101.415,1.968,2.361
198703,10.443,8.595,2.146,12.211,3.149,186.378,308.046,4.116,101.367,1.952,2.672
198704,14.898,11.667,2.519,17.387,4.29,278.457,316.916,8.181,101.32,0.319,2.918
198705,17.283,13.823,2.242,19.544,4.126,311.957,333.97,9.384,101.059,0.058,2.905
198706,18.025,14.276,2.312,20.275,4.576,339.731,335.333,9.674,101.089,0.011,3.088
198707,17.852,14.203,2.29,20.146,4.426,339.655,330.96,9.389,100.926,0.001,3.285
198708,18.743,14.995,2.362,21.407,4.846,308.582,338.453,9.903,101.041,0.002,2.84
198709,17.402,14.22,2.743,20.196,4.782,255.232,330.85,8.693,101.168,0.0,2.511
198710,15.751,13.413,2.403,18.214,3.725,170.875,336.657,6.099,101.285,1.001,1.958
198711,9.674,8.355,2.191,11.396,2.472,108.832,313.004,2.607,101.654,1.27,2.059
198712,6.331,5.381,1.552,7.66,1.715,77.761,299.874,2.235,101.653,1.933,3.225
198801,6.397,5.329,1.843,7.79,2.336,92.714,304.272,1.724,101.846,3.027,2.031
198802,8.733,6.583,2.474,11.25,3.611,164.929,291.542,3.354,101.785,0.455,2.255
198803,11.686,9.19,2.584,14.048,3.828,237.745,294.227,6.106,101.759,0.052,3.072
198804,13.032,10.41,2.091,15.061,3.422,237.764,318.206,6.089,101.255,1.695,2.712
198805,15.12,11.721,2.319,17.296,3.958,303.654,317.946,8.272,101.344,0.444,3.321
198806,18.163,14.552,2.532,20.329,4.338,332.256,338.649,10.187,101.076,0.227,3.136
198807,20.906,16.763,2.703,23.518,5.072,339.36,350.424,12.291,101.025,0.0,3.017
198808,18.942,15.299,2.441,21.562,4.817,304.123,344.084,9.999,100.862,0.001,2.887
198809,17.444,14.067,2.894,20.425,4.843,254.255,328.335,9.489,101.008,0.004,2.567
198810,14.341,11.718,2.564,17.147,4.204,185.004,325.452,5.117,101.298,0.103,2.162
198811,10.161,8.897,2.103,11.813,2.222,97.708,320.019,2.907,101.666,1.508,2.394
198812,5.713,4.353,1.933,7.618,2.513,90.285,292.463,2.071,101.833,2.01,2.451
198901,4.815,3.507,2.255,6.533,3.082,110.218,286.204,1.727,102.003,0.666,1.878
198902,6.273,4.666,2.083,8.134,2.978,146.191,291.908,2.403,101.862,0.563,2.165
198903,10.839,9.15,1.675,12.442,2.481,160.195,327.471,3.102,101.548,3.161,2.531
198904,14.131,11.238,2.184,16.371,3.659,263.488,321.215,5.959,101.339,0.614,2.726
198905,15.643,12.191,2.383,17.87,4.018,320.708,320.724,8.187,101.271,0.019,3.402
198906,18.141,14.397,2.282,20.387,4.29,337.548,334.888,10.19,101.036,0.064,3.245
198907,19.577,15.268,2.85,22.284,5.193,347.602,330.907,11.921,101.117,0.0,3.092
198908,18.488,14.88,2.498,21.053,4.763,304.501,336.088,9.314,100.933,0.171,2.795
198909,16.742,13.951,2.445,19.162,4.17,238.211,334.329,6.816,100.982,1.506,2.34
198910,13.678,11.381,2.401,16.117,3.793,171.171,319.554,4.831,101.376,1.013,2.101
198911,9.627,7.761,2.573,12.032,3.404,129.456,301.801,3.274,101.571,0.673,1.764
198912,5.218,3.821,2.212,7.174,3.258,106.156,288.077,1.893,101.855,0.008,1.448
199001,6.259,4.942,1.945,7.997,2.763,104.82,297.717,1.711,101.687,1.753,2.153
199002,6.624,4.982,2.139,8.536,2.999,144.259,291.845,2.429,101.806,1.679,2.565
199003,10.722,8.502,1.955,12.831,3.458,204.084,307.332,3.922,101.489,0.676,2.668
199004,14.756,11.764,2.264,17.065,3.807,257.801,323.14,7.327,101.215,0.555,3.092
199005,15.634,12.425,1.824,17.753,3.695,290.173,324.291,8.461,101.063,1.528,3.197
199006,18.554,14.684,2.584,20.876,4.658,346.024,329.943,10.796,101.085,0.009,3.206
199007,20.239,16.242,2.346,22.752,4.839,336.815,347.874,11.349,100.97,0.006,3.018
199008,19.799,16.207,2.208,22.345,4.456,296.702,346.419,10.42,101.097,0.012,3.052
199009,18.713,15.318,2.72,21.671,4.784,253.477,335.31,10.068,101.1,0.002,2.762
199010,15.759,12.951,2.963,18.749,4.648,190.195,318.343,9.183,101.276,0.177,2.372
199011,9.794,7.722,2.967,12.501,3.717,130.6,295.899,5.619,101.683,0.207,2.375
199012,3.198,1.529,2.525,5.534,3.174,107.52,270.062,2.509,101.799,0.638,1.848
199101,5.805,4.108,2.171,8.028,3.269,112.582,290.267,2.575,101.83,0.316,1.747
199102,10.233,8.282,2.286,12.484,3.604,150.527,309.006,3.511,101.537,1.272,2.13
199103,8.636,7.035,1.663,10.175,2.461,169.063,309.988,2.751,101.123,4.556,3.227
199104,12.089,9.396,1.918,14.169,3.42,260.711,304.418,5.94,101.522,0.659,3.336
199105,14.32,10.946,2.231,16.495,3.868,307.081,316.078,7.837,101.21,0.15,3.502
199106,16.727,12.916,2.283,19.014,4.376,326.192,327.529,9.274,100.989,0.117,3.144
199107,19.408,15.418,2.332,21.908,4.862,340.42,344.551,9.832,101.029,0.001,2.898
199108,18.234,14.894,2.143,20.617,4.286,300.558,340.687,8.416,101.234,0.004,2.957
199109,18.54,15.262,2.698,21.407,4.987,253.259,340.999,9.148,100.991,0.004,2.432
199110,15.977,13.181,2.661,18.941,4.329,181.476,327.569,7.867,101.129,0.766,2.423
199111,10.529,8.611,2.791,13.019,3.421,126.637,304.803,4.506,101.661,0.418,2.498
199112,6.48,5.005,2.184,8.545,2.933,99.172,289.42,2.894,101.522,1.247,2.052
199201,5.077,3.879,1.723,6.646,2.754,105.854,292.389,1.157,101.651,0.855,1.673
199202,9.878,8.441,1.817,11.553,2.648,125.012,318.238,2.105,101.276,3.767,2.312
199203,11.41,9.514,1.761,13.209,2.783,175.668,322.444,2.947,101.114,1.72,2.137
199204,14.667,11.647,2.26,16.979,3.918,256.427,320.214,6.779,101.334,0.723,2.711
199205,18.481,14.628,2.351,20.957,4.647,326.402,332.092,10.446,100.965,0.0,3.146
199206,18.018,14.501,2.08,20.128,4.142,315.715,339.506,8.691,100.867,0.158,3.125
199207,20.177,16.122,2.383,22.742,4.761,324.22,347.648,11.303,101.063,0.003,3.032
199208,20.116,15.967,2.564,23.084,5.13,302.69,343.846,11.667,101.081,0.003,2.791
199209,18.325,14.842,2.847,21.402,4.98,249.073,333.924,9.819,100.987,0.003,2.548
199210,16.081,13.475,2.81,18.84,3.953,166.043,334.729,7.041,101.161,0.944,2.063
199211,10.355,8.543,2.387,12.727,3.174,119.55,305.177,4.487,101.703,0.225,2.11
199212,5.618,4.363,2.008,7.375,2.412,81.554,295.596,1.907,101.461,2.769,2.481
199301,5.917,4.919,1.935,7.245,2.293,90.797,299.889,1.527,101.262,4.257,2.515
199302,8.147,6.825,1.931,9.703,2.507,125.488,308.115,2.135,101.168,3.052,2.612
199303,12.212,10.339,1.813,14.035,2.916,179.255,326.425,3.241,101.6,1.964,1.995
199304,13.005,10.367,1.93,15.025,3.24,259.78,312.577,5.497,101.517,0.36,3.064
199305,16.34,12.939,2.049,18.56,3.695,282.49,331.316,8.181,101.104,0.733,2.925
199306,20.192,16.456,2.75,22.434,4.501,325.165,336.205,13.909,100.908,0.301,3.276
199307,19.819,16.086,2.629,22.164,4.804,341.722,336.85,10.928,100.906,0.0,2.937
199308,19.864,16.211,2.454,22.475,4.591,299.964,341.1,11.163,100.958,0.001,2.78
199309,18.036,14.579,2.694,21.076,4.761,253.46,332.26,9.541,101.075,0.002,2.458
199310,15.341,12.86,2.4,18.006,2.97,166.159,333.08,5.808,101.305,0.377,1.828
199311,9.771,7.887,2.936,12.206,2.582,125.525,296.02,4.814,101.589,0.807,2.088
199312,6.644,5.442,2.119,8.325,2.253,91.866,296.376,1.997,101.815,1.318,1.697
199401,6.927,5.377,2.314,8.963,2.786,109.084,296.157,2.189,101.891,1.158,1.674
199402,7.47,5.782,2.183,9.428,2.399,129.705,301.2,2.2,101.478,2.526,2.222
199403,11.618,8.887,2.228,14.238,3.195,205.751,307.795,4.813,101.507,0.267,2.438
199404,13.621,10.386,1.824,16.126,3.437,256.626,315.015,6.747,101.334,1.02,3.074
199405,15.776,12.22,1.869,18.064,3.836,294.533,327.639,8.317,101.127,0.599,3.099
199406,19.389,14.759,2.468,22.167,5.151,354.477,322.136,14.115,101.11,0.0,3.502
199407,19.462,15.391,2.093,22.014,4.923,338.031,336.659,10.959,101.016,0.0,3.013
199408,20.163,15.819,2.408,23.258,4.989,314.947,330.319,12.79,101.015,0.0,2.848
199409,18.581,15.137,2.48,21.578,4.222,249.711,336.353,9.799,101.125,0.021,2.583
199410,14.714,12.0,2.749,17.622,3.392,180.986,317.649,7.226,101.112,0.242,2.279
199411,7.427,6.099,2.144,9.148,1.95,105.177,298.054,2.876,101.639,2.714,2.455
199412,5.901,4.779,1.953,7.472,2.078,83.675,301.277,1.471,101.668,1.472,1.73
199501,9.041,8.226,1.431,10.116,1.415,65.61,331.634,1.41,101.232,7.282,3.349
199502,9.268,7.6,1.862,11.203,2.641,144.804,312.966,1.741,101.599,0.278,1.613
199503,10.045,8.171,1.819,11.834,2.315,163.561,314.962,2.951,101.289,5.026,2.633
199504,12.0,9.223,1.623,14.141,2.974,236.372,313.303,4.629,101.337,1.383,2.774
199505,14.485,11.453,1.777,16.43,3.224,273.258,329.796,5.978,101.088,0.746,2.73
199506,17.899,14.141,2.034,20.153,4.191,329.569,330.105,10.947,101.063,0.191,3.186
199507,20.204,16.111,2.147,22.779,4.469,333.361,344.139,11.57,101.084,0.004,2.924
199508,19.977,15.925,2.136,22.863,4.543,311.522,337.41,11.568,100.765,0.0,2.699
199509,17.647,14.121,2.364,20.719,4.356,256.082,330.871,8.201,101.054,0.0,2.592
199510,15.266,12.266,2.946,18.463,3.675,193.368,317.989,7.943,101.175,0.006,2.199
199511,12.072,9.827,2.898,15.002,2.942,128.795,318.689,3.954,101.646,0.008,1.871
199512,8.88,7.845,1.742,10.328,1.652,73.992,322.524,1.653,101.712,3.843,2.167
199601,7.751,6.632,1.939,9.237,2.0,87.107,312.943,1.693,101.647,2.865,2.227
199602,10.142,8.742,1.878,11.771,2.202,125.878,322.273,2.106,101.418,3.613,2.338
199603,10.804,8.396,2.138,13.074,2.878,205.634,307.294,3.522,101.434,1.57,2.193
199604,13.641,10.543,1.943,16.015,3.364,257.238,316.417,6.075,101.532,1.259,2.869
199605,16.374,12.964,1.977,18.601,3.774,294.5,325.715,9.007,101.174,0.729,3.107
199606,19.007,14.729,2.331,21.574,4.896,341.585,332.312,11.669,100.997,0.012,2.909
199607,20.789,16.355,1.996,23.581,4.93,338.837,347.245,12.012,100.991,0.0,2.707
199608,19.855,15.721,2.157,22.819,4.731,311.167,340.885,10.348,100.967,0.0,2.517
199609,17.248,13.633,2.385,20.416,4.179,251.308,326.209,8.542,100.936,0.014,2.492
199610,14.071,11.559,2.473,16.726,3.155,174.095,317.83,6.198,101.279,0.987,2.612
199611,10.203,8.685,2.264,12.183,2.114,108.567,314.994,2.755,101.57,2.117,2.143
199612,8.967,7.981,1.884,10.348,1.708,74.241,319.618,1.988,101.538,4.335,2.676
199701,7.73,6.78,1.607,8.986,1.665,83.938,316.186,1.495,101.625,5.442,2.238
199702,9.081,7.148,1.936,11.325,2.678,158.436,295.74,3.285,101.74,0.187,2.577
199703,12.088,9.27,2.158,14.809,3.502,221.892,305.848,5.27,101.613,0.311,2.356
199704,14.606,11.282,1.843,17.168,3.595,279.4,311.446,8.199,101.357,0.232,3.582
199705,18.609,14.4,2.053,21.351,4.421,322.207,328.901,11.389,101.192,0.199,3.28
199706,18.755,14.735,1.689,21.167,4.295,335.943,333.101,10.765,100.837,0.184,3.419
199707,20.04,15.833,2.073,22.68,4.716,336.38,341.047,10.882,100.984,0.006,2.994
199708,19.638,15.872,1.703,22.31,4.024,293.199,345.039,9.042,101.116,0.206,2.855
199709,19.873,16.435,2.323,22.888,3.97,246.645,345.065,11.099,100.913,0.028,2.503
199710,14.612,11.997,2.701,17.423,3.146,182.551,315.856,6.782,101.317,0.309,2.382
199711,11.092,9.619,2.26,12.988,2.225,105.278,323.606,2.875,101.262,2.837,2.034
199712,6.329,5.266,1.989,7.817,2.059,96.678,291.478,2.057,101.746,1.704,2.419
199801,7.625,6.732,1.811,8.799,1.837,72.684,324.135,0.914,101.403,4.335,2.001
199802,8.077,7.006,1.646,9.302,1.483,95.036,319.176,1.472,101.045,7.606,3.164
199803,10.33,8.316,1.729,12.272,2.38,185.718,313.328,2.843,101.24,2.153,2.131
199804,11.687,8.817,1.622,13.862,3.024,246.421,312.609,4.221,101.399,1.255,2.317
199805,12.521,10.069,1.246,14.09,2.45,233.151,325.89,4.026,101.308,2.839,2.813
199806,16.842,13.493,1.558,18.851,3.607,303.172,337.047,7.421,101.143,0.139,2.981
199807,19.716,15.563,2.105,22.326,4.721,342.015,340.805,9.746,101.064,0.001,2.93
199808,20.565,16.277,2.243,23.621,4.881,312.243,341.528,11.023,101.048,0.0,2.482
199809,18.711,15.682,2.139,21.326,3.557,239.036,348.016,8.526,100.769,0.097,2.445
199810,13.648,11.075,2.549,16.386,3.033,181.697,312.744,6.142,101.304,0.554,2.265
199811,9.363,8.017,2.045,11.101,1.842,98.335,318.308,2.087,101.612,2.269,2.224
199812,4.775,3.608,2.17,6.409,2.066,96.109,286.189,1.728,102.153,0.401,1.976
199901,6.11,4.848,2.022,7.795,2.423,95.715,302.378,1.622,101.825,1.318,1.842
199902,7.398,5.816,2.141,9.244,2.136,124.185,306.681,1.925,101.953,3.294,2.195
199903,8.67,6.477,1.647,10.782,2.463,187.227,303.661,3.101,101.427,1.875,2.528
199904,11.865,8.985,1.73,14.069,3.235,265.284,303.79,5.823,101.349,0.727,3.325
199905,14.412,10.394,1.606,17.013,4.087,325.192,312.326,7.638,101.273,0.054,3.63
199906,17.476,13.368,2.101,19.941,4.691,346.938,325.616,9.893,101.021,0.017,3.249
199907,18.419,14.169,1.868,21.083,4.684,344.979,329.193,10.335,101.118,0.0,3.09
199908,18.866,15.106,1.65,21.566,4.081,298.297,341.396,8.913,101.09,0.01,3.028
199909,17.9,14.338,2.393,21.015,4.461,255.257,334.06,8.557,100.89,0.005,2.44
199910,15.034,12.131,2.974,18.127,3.673,186.624,320.773,6.475,101.416,0.282,1.913
199911,10.535,8.899,2.468,12.652,2.509,109.713,316.733,2.738,101.714,1.097,1.716
199912,6.737,4.984,2.869,9.192,2.841,107.663,285.366,3.064,102.151,0.104,1.918
200001,7.911,6.708,1.967,9.519,1.982,76.279,317.888,1.821,101.91,3.461,1.955
200002,9.134,7.852,1.672,10.628,1.808,103.68,323.015,1.844,101.476,5.032,2.415
200003,10.722,8.42,1.833,12.888,2.801,207.489,306.125,4.276,101.513,1.141,2.853
200004,13.437,10.085,1.736,16.019,3.472,267.142,311.886,6.093,101.491,0.918,2.932
200005,16.208,12.628,1.737,18.488,3.774,286.057,329.033,8.58,101.23,0.611,3.132
200006,19.466,15.122,1.904,22.072,4.892,346.53,335.778,11.8,101.0,0.149,3.244
200007,18.398,14.2,1.926,21.05,4.686,341.594,330.666,9.295,101.178,0.001,3.159
200008,19.301,15.187,1.946,22.238,4.644,299.245,340.086,10.47,101.056,0.037,2.799
200009,18.647,15.215,2.395,21.672,3.958,238.293,337.173,9.999,100.975,0.146,2.331
200010,13.603,11.235,2.395,16.122,3.004,162.914,322.272,5.159,101.189,1.534,2.386
200011,7.51,5.784,2.472,9.763,2.331,121.68,296.895,2.311,101.737,0.49,1.736
200012,6.917,5.608,2.344,8.75,2.421,93.895,299.928,2.003,101.916,0.262,1.504
200101,5.901,4.532,2.329,7.702,2.499,108.234,289.278,2.186,101.774,2.127,2.162
200102,7.638,6.229,1.682,9.301,2.219,128.756,303.863,2.744,101.415,3.034,2.748
200103,12.129,9.626,1.932,14.499,3.107,208.417,315.342,4.508,101.376,1.164,2.606
200104,11.537,8.29,1.8,14.023,3.338,268.029,302.151,5.769,101.437,0.98,3.036
200105,19.555,15.072,2.312,22.458,5.089,333.349,328.513,13.941,101.095,0.0,3.234
200106,19.905,15.62,2.065,22.477,4.719,337.154,332.658,13.376,101.079,0.088,3.171
200107,19.216,15.196,1.774,21.743,4.625,332.75,341.271,10.488,101.029,0.001,3.056
200108,19.215,15.163,1.788,22.1,4.66,309.069,337.829,9.836,101.098,0.002,2.978
200109,17.654,14.1,2.328,20.759,4.269,249.522,334.081,8.551,100.987,0.109,2.627
200110,15.468,12.714,2.604,18.392,3.373,177.318,326.966,7.246,101.317,0.37,2.106
200111,11.029,9.539,2.272,12.949,2.118,105.35,322.616,2.885,101.533,2.504,2.043
200112,7.711,6.949,1.447,8.778,1.5,70.369,316.567,1.661,101.738,4.064,2.565
200201,5.505,4.111,1.952,7.333,2.068,103.204,290.953,1.525,101.981,1.329,1.871
200202,8.361,6.512,2.226,10.519,2.866,141.344,304.323,2.451,101.969,0.643,1.699
200203,9.869,7.42,1.943,12.213,2.989,204.807,299.603,4.112,101.639,1.216,2.474
200204,13.026,9.886,1.658,15.443,3.343,258.735,315.017,6.231,101.401,0.237,3.065
200205,15.692,11.756,1.966,18.248,4.361,320.396,316.86,9.252,101.215,0.103,3.136
200206,18.863,14.571,1.945,21.438,4.786,349.174,329.532,11.705,100.976,0.002,3.58
200207,19.928,15.57,1.969,22.663,5.002,342.702,339.583,11.424,101.047,0.0,3.032
200208,18.992,14.751,2.174,22.01,4.933,312.5,331.342,10.4,101.036,0.0,2.724
200209,18.67,14.964,2.446,21.886,4.493,254.951,331.564,10.469,100.914,0.007,2.5
200210,13.942,11.187,2.877,16.884,3.373,186.936,314.863,6.505,101.161,0.009,2.134
200211,10.663,8.933,2.481,12.907,2.578,117.821,309.522,3.886,101.662,1.299,1.853
200212,7.875,6.799,1.865,9.382,1.907,76.586,312.397,1.782,101.624,4.726,2.668
200301,8.636,7.644,1.709,9.95,2.152,96.74,318.086,1.179,101.987,0.747,1.439
200302,8.078,6.278,2.093,10.185,2.411,142.628,298.206,2.641,101.416,1.308,2.031
200303,11.162,8.721,1.917,13.514,2.785,200.472,309.545,3.998,101.549,1.433,2.594
200304,10.814,8.351,1.5,12.725,2.473,223.595,311.135,4.322,101.367,1.866,2.65
200305,15.956,12.236,1.864,18.336,3.953,298.968,325.165,9.007,101.198,0.494,3.213
200306,18.87,14.538,1.939,21.469,4.78,347.753,331.572,11.481,100.849,0.0,3.257
200307,21.306,17.087,2.093,23.952,4.874,332.284,349.042,13.251,101.074,0.01,2.96
200308,19.472,15.692,1.809,22.167,4.238,305.159,340.807,9.531,101.178,0.458,2.893
200309,18.885,15.269,2.456,22.038,4.145,251.93,338.855,9.895,100.978,0.012,2.633
200310,16.109,13.088,2.828,19.341,3.616,190.454,320.369,8.499,101.191,0.097,2.29
200311,8.815,7.186,2.127,10.933,2.076,109.797,307.406,2.66,101.665,0.996,1.799
200312,7.667,6.712,1.946,9.004,1.608,71.886,316.255,1.532,101.689,3.13,2.2
200401,6.139,5.016,1.64,7.628,1.691,90.369,307.383,1.157,101.835,1.835,1.67
200402,8.264,6.791,1.851,9.98,2.166,124.231,308.664,2.32,101.593,4.008,2.295
200403,13.139,10.444,1.869,15.696,3.175,217.853,311.125,5.106,101.529,0.576,2.391
200404,14.426,11.307,2.328,16.813,4.11,274.14,310.968,8.453,101.367,0.153,3.092
200405,16.207,12.588,1.925,18.549,4.273,325.699,318.04,8.765,101.24,0.119,3.401
200406,18.372,14.554,2.008,20.663,4.761,350.791,328.764,10.337,101.02,0.001,3.556
200407,19.602,15.75,2.018,22.032,4.887,339.303,339.649,10.206,101.005,0.001,3.053
200408,19.696,16.23,2.205,22.176,4.651,302.386,342.042,10.197,101.062,0.002,3.013
200409,18.911,15.635,2.778,21.79,4.783,252.442,329.613,11.788,100.962,0.038,2.571
200410,14.045,11.98,2.393,16.246,3.436,170.768,323.289,6.0,101.069,1.931,2.251
200411,9.033,7.808,2.002,10.635,2.508,114.375,304.868,2.813,101.77,1.224,1.955
200412,6.862,5.899,1.803,8.21,2.417,90.653,302.627,1.806,101.624,3.476,2.067
200501,6.048,5.345,1.618,6.979,1.977,93.139,305.836,0.935,101.606,2.43,1.778
200502,9.582,8.318,1.665,11.063,2.474,125.422,317.161,2.048,101.361,2.231,1.944
200503,11.425,9.502,1.955,13.272,3.12,184.967,316.858,3.595,101.476,2.204,2.418
200504,12.148,9.597,1.83,14.111,3.419,255.218,307.466,5.031,101.452,1.232,2.762
200505,16.541,13.47,1.958,18.51,3.794,282.253,332.917,8.434,101.161,0.855,3.237
200506,18.176,14.376,1.872,20.457,4.369,323.881,331.078,10.994,100.913,0.27,3.401
200507,21.262,17.276,2.26,23.769,5.191,341.921,349.554,13.235,100.873,0.0,3.115
200508,19.881,16.124,2.328,22.564,5.084,308.219,341.904,11.646,100.919,0.0,2.78
200509,16.809,13.698,2.527,19.54,4.591,252.266,324.279,8.581,101.126,0.08,2.482
200510,14.662,12.253,2.549,17.224,3.827,179.259,321.361,6.976,101.291,0.095,2.322
200511,11.176,9.534,2.584,13.313,3.134,115.7,313.968,4.969,101.705,0.807,2.117
200512,8.579,7.649,1.795,9.88,1.985,75.34,319.323,1.943,101.738,5.075,2.183
200601,7.628,6.544,1.953,9.054,2.403,95.461,308.118,1.822,101.909,2.186,2.016
200602,8.468,6.68,2.171,10.553,3.215,146.473,297.886,2.978,101.692,1.58,1.949
200603,8.282,6.665,1.807,9.835,2.556,168.46,308.419,2.791,101.314,3.653,2.496
200604,11.873,9.74,1.518,13.502,2.703,212.187,325.491,3.751,101.216,2.347,2.37
200605,16.464,12.961,2.008,18.747,4.299,315.888,324.037,8.473,101.133,0.663,2.861
200606,19.645,15.84,2.114,21.928,4.688,339.695,340.282,11.786,101.065,0.007,3.249
200607,21.761,17.91,2.306,24.181,5.136,340.994,351.251,14.052,100.929,0.0,2.859
200608,18.604,14.978,2.398,21.194,5.062,313.78,330.761,10.062,100.973,0.0,2.807
200609,17.275,14.013,2.741,20.119,4.901,253.959,326.701,9.597,101.002,0.0,2.587
200610,13.757,11.248,2.721,16.454,4.016,184.692,312.581,7.087,101.222,0.112,2.011
200611,10.396,8.986,2.169,12.242,2.368,106.141,318.208,3.083,101.703,0.895,2.078
200612,6.521,5.269,2.236,8.273,2.741,87.931,297.61,2.771,101.997,1.734,2.041
200701,5.66,3.884,2.693,7.998,3.661,124.646,276.844,3.622,101.977,0.178,2.164
200702,9.205,7.784,2.037,10.866,2.736,127.169,312.246,3.284,101.672,2.956,2.273
200703,12.815,10.105,2.662,15.398,4.331,221.774,309.001,6.741,101.631,0.182,2.441
200704,14.121,11.016,2.19,16.512,4.196,263.266,313.181,8.635,101.376,0.828,3.199
200705,16.731,12.855,2.041,19.237,4.754,328.461,316.459,11.406,101.151,0.314,3.561
200706,18.802,14.667,2.348,21.284,5.074,348.507,327.391,12.453,101.034,0.0,3.444
200707,19.984,16.151,2.097,22.392,4.834,331.195,343.203,11.295,100.991,0.048,3.319
200708,19.977,16.253,2.276,22.633,4.957,309.26,342.643,12.128,100.901,0.002,3.049
200709,17.521,14.52,2.299,20.149,4.171,245.251,330.387,9.845,101.058,0.087,2.802
200710,13.997,11.775,2.372,16.36,3.596,173.168,320.66,6.895,101.421,0.593,2.252
200711,10.499,8.581,2.447,12.999,3.375,128.618,305.288,4.622,101.586,0.527,1.909
200712,6.268,5.159,2.011,7.82,2.456,88.31,296.945,2.816,101.968,1.485,2.25
200801,6.174,5.286,1.595,7.349,1.969,84.117,305.372,1.902,101.582,4.565,2.611
200802,7.947,6.372,2.166,9.789,2.951,143.002,298.965,2.702,101.683,2.03,2.37
200803,10.725,8.254,2.397,13.085,3.702,222.268,296.493,5.451,101.862,0.131,2.816
200804,13.084,9.646,2.543,15.725,4.498,287.661,299.566,9.108,101.552,0.035,3.419
200805,16.607,13.024,2.047,18.93,4.434,321.974,320.243,11.188,101.035,0.02,3.589
200806,19.196,15.458,2.437,21.439,4.962,354.86,326.673,13.873,101.041,0.0,3.319
200807,19.323,15.804,2.118,21.544,4.777,341.953,338.963,10.499,100.894,0.001,3.112
200808,19.972,16.269,2.343,22.628,4.942,306.404,343.602,11.756,100.762,0.001,2.963
200809,18.222,14.934,2.95,21.127,5.126,258.001,330.52,10.616,100.948,0.0,2.456
200810,14.986,12.471,2.739,17.696,4.101,180.739,318.049,8.558,101.446,0.152,2.38
200811,11.185,9.792,2.122,13.01,2.894,114.004,317.802,3.647,101.7,0.686,1.861
200812,5.486,4.512,1.994,6.849,2.4,94.399,293.611,1.796,101.679,1.119,2.103
200901,6.81,5.515,2.179,8.518,3.031,111.178,293.758,2.75,102.044,0.868,1.559
200902,8.492,7.224,1.809,9.973,2.608,129.18,309.66,2.774,101.468,3.78,2.525
200903,10.581,8.343,2.179,12.705,3.305,210.758,301.718,5.017,101.553,1.029,2.801
200904,13.48,10.176,2.363,16.02,4.413,277.599,305.357,9.072,101.394,0.783,3.087
200905,17.614,13.829,2.124,20.049,4.635,302.896,333.058,10.87,101.156,0.696,3.16
200906,18.272,14.752,1.98,20.384,4.398,325.327,336.304,10.826,100.855,0.147,3.418
200907,19.14,15.337,2.233,21.529,5.043,343.207,335.813,10.992,101.023,0.002,3.144
200908,19.431,15.917,2.51,21.939,4.953,305.509,338.784,11.108,101.041,0.007,2.876
200909,19.416,16.319,2.974,22.128,4.885,249.099,341.029,11.12,101.017,0.089,2.671
200910,13.974,11.92,2.254,16.153,3.414,174.084,319.541,5.845,101.178,2.117,2.579
200911,9.557,7.712,2.479,11.958,3.349,126.47,298.771,4.015,101.56,0.176,1.996
200912,5.676,4.709,1.791,7.03,2.274,83.851,302.655,1.512,101.573,1.711,1.823
201001,6.992,6.286,1.443,7.922,1.841,78.871,319.531,1.038,101.269,4.745,2.2
201002,9.011,7.819,1.64,10.401,2.285,118.064,319.51,1.759,101.314,2.432,2.12
201003,9.983,7.849,2.204,12.015,3.253,203.338,301.229,3.904,101.557,1.336,2.36
201004,11.069,8.773,1.951,12.838,3.171,234.63,307.159,4.562,101.262,1.63,2.789
201005,14.295,11.01,1.934,16.437,3.906,288.324,313.755,8.188,101.37,0.603,3.466
201006,19.339,15.491,2.138,21.647,4.661,342.374,335.724,12.818,101.095,0.007,3.757
201007,18.656,14.773,2.117,21.094,5.012,344.004,336.457,10.309,100.904,0.0,3.275
201008,17.787,14.103,2.196,20.413,4.902,310.478,330.529,9.123,100.893,0.028,2.927
201009,18.812,15.439,2.864,21.778,4.921,251.636,334.751,11.036,100.91,0.001,2.603
201010,15.723,13.609,2.267,17.972,3.487,163.266,334.439,7.887,101.375,1.157,2.167
201011,9.567,7.995,2.34,11.606,2.998,119.369,304.967,3.883,101.697,1.531,2.107
201012,8.317,7.553,1.56,9.386,1.78,68.567,322.73,1.475,101.427,3.427,2.031
201101,6.333,5.375,1.786,7.581,2.478,105.383,302.538,1.681,101.884,0.775,1.652
201102,7.502,5.765,2.609,9.546,3.257,149.439,290.247,3.804,101.655,2.635,2.548
201103,10.027,8.393,1.832,11.597,2.632,153.392,320.002,3.029,101.564,3.62,2.708
201104,12.43,9.827,1.801,14.438,3.424,254.711,310.359,6.326,101.513,0.212,3.218
201105,14.078,10.762,1.817,16.242,3.908,292.289,314.249,8.579,101.261,0.809,3.475
201106,17.604,14.127,2.03,19.691,4.365,305.373,336.336,10.169,100.947,1.178,3.115
201107,19.376,15.529,2.102,21.794,4.915,341.783,339.383,11.154,100.869,0.001,3.089
201108,18.721,14.94,2.225,21.419,5.123,312.979,333.036,9.936,100.939,0.001,2.868
201109,19.024,15.783,2.902,21.854,5.078,250.849,342.258,10.496,101.027,0.013,2.511
201110,15.244,12.85,2.563,17.837,3.752,172.979,328.955,6.406,101.31,0.831,1.965
201111,9.125,7.529,2.258,11.197,3.096,118.875,302.882,3.568,101.599,0.998,2.116
201112,5.697,3.996,2.816,8.079,3.502,108.219,280.373,3.712,101.978,0.087,1.717
201201,6.929,5.355,2.804,9.026,3.454,108.976,294.479,3.276,101.95,1.365,2.028
201202,9.166,7.386,2.275,11.239,3.227,146.711,299.77,4.614,101.651,1.017,2.392
201203,10.072,8.18,2.076,11.909,2.928,169.183,311.851,4.645,101.454,2.509,2.63
201204,13.517,10.727,2.049,15.65,3.831,266.085,315.651,6.909,101.396,1.401,2.841
201205,16.806,12.924,2.227,19.313,4.847,332.905,316.342,11.533,101.184,0.027,3.457
201206,18.807,15.024,2.412,21.077,4.8,344.933,328.267,13.093,100.965,0.036,3.719
201207,19.201,15.296,2.284,21.66,5.145,344.448,334.819,11.226,101.002,0.0,3.093
201208,19.143,15.445,2.194,21.788,5.061,309.816,337.609,10.676,100.906,0.001,2.952
201209,17.31,14.187,2.955,20.059,5.278,252.055,334.565,9.155,101.156,0.01,2.619
201210,15.212,12.921,2.522,17.664,3.661,175.713,330.512,6.615,101.323,0.51,2.178
201211,10.897,9.452,2.442,12.787,3.03,111.409,316.892,3.473,101.607,3.018,1.916
201212,7.19,6.229,1.954,8.536,2.029,76.639,307.632,1.806,101.553,3.868,2.267
201301,5.023,3.904,2.367,6.5,3.163,117.382,282.106,1.797,102.026,0.682,1.485
201302,7.549,5.541,2.717,9.875,3.702,166.674,284.378,3.43,101.839,0.293,2.129
201303,12.211,9.688,2.422,14.627,4.009,210.265,311.774,6.079,101.584,1.004,2.324
201304,15.628,12.497,2.57,18.015,4.461,286.018,312.692,10.284,101.362,0.464,3.344
201305,17.428,14.04,2.234,19.62,4.463,316.26,323.947,11.535,101.236,0.034,3.48
201306,19.533,16.059,2.463,21.618,4.689,327.604,340.534,11.793,100.959,0.099,3.323
201307,19.655,16.237,2.383,21.801,4.993,339.246,343.741,11.042,100.944,0.0,3.045
201308,18.941,15.486,2.222,21.41,4.89,306.003,339.644,9.844,101.074,0.001,3.085
201309,18.46,15.495,2.524,21.05,4.553,245.021,336.509,10.511,100.97,0.122,2.906
201310,13.83,11.003,3.188,16.852,5.017,193.397,307.673,8.965,101.273,0.009,2.161
201311,10.472,8.588,2.73,12.929,3.998,126.928,305.575,5.551,101.53,0.78,1.881
201312,4.998,3.278,2.98,7.407,4.088,113.824,274.775,3.374,101.915,0.269,1.619
201401,7.954,5.959,2.769,10.588,4.349,118.831,295.067,4.516,101.871,0.161,1.473
201402,9.801,8.237,2.168,11.608,3.124,122.879,316.847,3.083,101.484,2.935,2.305
201403,12.805,10.592,2.378,14.909,3.829,190.793,315.28,6.231,101.519,1.569,2.471
201404,14.675,11.606,2.678,17.039,4.678,270.245,317.33,8.741,101.344,0.711,2.766
201405,18.341,14.581,2.478,20.776,5.003,326.81,321.464,13.955,101.232,0.003,3.543
201406,19.564,15.493,2.604,22.007,5.588,352.673,330.529,13.762,100.805,0.0,3.341
201407,20.779,17.206,2.128,23.019,5.092,328.621,354.716,12.7,101.056,0.006,2.924
201408,19.686,16.47,2.233,21.984,4.831,297.372,347.453,10.545,100.997,0.0,2.852
201409,18.972,16.199,2.508,21.375,4.752,247.227,341.998,9.712,100.855,0.116,2.511
201410,16.812,14.087,3.029,19.695,4.714,178.088,328.99,9.758,101.193,0.564,1.999
201411,10.957,9.478,2.311,12.88,3.203,116.846,316.504,3.568,101.672,1.194,1.531
201412,9.472,8.602,1.504,10.69,2.062,73.392,322.623,1.861,101.621,4.509,2.431
201501,6.839,5.561,2.198,8.526,3.207,113.683,299.457,1.666,101.952,0.019,1.262
201502,10.669,9.055,2.263,12.547,3.242,149.455,310.492,2.886,101.519,1.55,1.939
201503,13.5,10.879,2.899,16.017,4.44,216.413,314.445,5.955,101.617,0.065,2.156
201504,14.212,11.18,2.631,16.553,4.475,284.108,306.936,8.694,101.278,0.678,2.941
201505,14.695,11.644,1.599,16.675,3.875,314.599,318.691,7.092,101.057,0.168,3.284
201506,19.686,16.087,2.565,21.845,5.137,335.639,341.59,11.561,100.89,0.123,3.113
201507,20.608,17.177,2.062,22.769,4.595,328.047,352.923,11.855,101.0,0.008,3.287
201508,20.454,17.016,2.509,22.917,4.885,301.758,342.91,11.699,101.039,0.006,2.954
201509,19.625,16.534,3.057,22.307,5.057,240.74,341.306,13.192,100.897,0.106,2.368
201510,17.293,14.884,2.932,19.863,4.554,175.146,338.251,7.992,101.163,0.473,2.008
201511,8.325,6.716,2.507,10.426,3.414,120.733,295.578,3.189,101.623,1.425,1.931
201512,6.323,5.095,2.121,8.041,2.649,85.14,300.656,2.052,101.761,2.005,2.287
201601,8.21,7.379,1.607,9.309,2.08,82.704,319.611,1.66,101.641,4.009,2.269
201602,10.623,8.82,2.481,12.712,3.623,159.921,304.013,3.54,101.914,0.544,1.889
201603,12.103,10.232,1.939,13.868,3.068,188.944,319.678,3.868,101.434,3.147,2.55
201604,14.804,12.091,2.208,16.892,3.923,257.148,320.003,7.532,101.377,0.775,2.868
201605,16.98,13.831,2.179,18.99,4.241,290.676,334.355,9.157,101.065,0.547,3.059
201606,20.043,16.256,2.633,22.315,5.174,344.844,333.151,13.489,101.11,0.0,3.349
201607,19.873,15.932,2.454,22.363,5.326,345.103,337.229,11.927,101.035,0.0,3.152
201608,18.545,15.045,2.249,21.051,5.111,311.133,333.857,9.377,100.986,0.0,3.023
201609,18.36,15.171,3.083,21.179,5.113,256.284,331.029,10.95,101.124,0.001,2.595
201610,14.999,12.937,2.345,17.188,3.502,151.997,332.989,5.92,101.287,2.095,2.156
201611,10.912,9.478,2.204,12.789,2.982,111.64,317.881,2.689,101.65,1.168,1.685
201612,6.467,5.353,1.988,8.027,2.602,89.908,299.288,2.06,101.759,2.519,2.037
201701,6.677,5.793,1.726,7.838,2.026,90.529,306.524,1.479,101.529,6.715,2.563
201702,9.909,8.76,1.688,11.24,2.143,113.877,320.305,2.502,101.347,6.169,2.687
201703,11.746,9.79,2.231,13.638,3.242,193.939,314.788,3.946,101.73,1.515,2.437
201704,13.358,11.072,2.103,15.114,3.293,228.628,320.245,5.881,101.46,1.386,2.796
201705,17.08,13.677,2.183,19.282,4.454,321.612,326.739,9.948,101.051,0.039,3.225
201706,20.112,16.514,2.299,22.27,4.812,331.47,344.717,12.551,100.941,0.149,3.314
201707,21.366,17.517,2.72,23.789,5.513,345.661,343.534,14.028,101.017,0.0,3.02
201708,20.488,17.252,2.264,22.806,4.795,302.228,354.809,11.099,100.913,0.001,2.976
201709,19.878,17.051,2.599,22.362,4.416,242.456,348.269,11.48,100.936,0.017,2.504
201710,15.203,12.439,3.138,18.157,4.697,193.683,312.755,9.57,101.286,0.084,2.187
201711,11.145,9.804,2.237,12.892,2.808,106.597,323.331,3.231,101.583,0.964,1.621
201712,6.544,5.091,2.522,8.579,3.584,108.087,285.774,3.513,102.007,0.023,1.677
201801,8.187,7.153,1.835,9.55,2.45,90.632,318.245,1.577,101.891,2.203,1.646
201802,8.859,6.592,2.894,11.521,4.043,169.993,285.684,5.175,101.708,0.208,2.365
201803,10.507,8.661,2.552,12.277,3.272,185.162,310.746,4.194,101.474,3.039,2.245
201804,13.689,11.017,2.332,15.729,3.884,254.704,316.302,6.89,101.484,1.222,2.812
201805,16.434,13.004,1.983,18.666,4.37,312.357,327.836,9.753,101.156,0.171,3.599
201806,19.944,15.902,2.583,22.37,5.362,353.706,331.708,14.051,100.907,0.0,3.352
201807,20.941,17.421,2.294,23.154,5.151,336.593,352.174,12.915,101.105,0.0,3.317
201808,18.984,15.681,2.361,21.329,4.878,309.021,338.44,10.152,101.07,0.0,2.951
201809,17.624,14.522,2.974,20.333,5.053,253.353,329.29,9.409,100.944,0.001,2.688
201810,15.561,13.193,3.026,18.111,4.452,183.756,323.42,8.118,101.202,0.239,2.345
201811,10.52,8.684,2.573,12.872,3.549,122.546,309.284,5.237,101.546,1.887,1.798
201812,7.66,6.575,1.813,9.18,2.489,90.167,303.268,2.175,101.822,1.483,1.96
201901,8.419,7.344,1.92,9.84,2.471,94.864,311.698,2.171,101.632,3.151,2.302
201902,7.176,6.015,1.834,8.529,2.332,127.52,303.502,2.685,101.233,5.115,3.191
201903,10.412,8.596,2.159,12.126,3.0,182.291,310.693,3.661,101.529,2.294,2.294
201904,14.573,12.019,2.017,16.523,3.662,248.796,324.816,5.959,101.336,0.644,2.582
201905,14.627,11.926,1.742,16.402,3.63,275.814,328.21,6.557,101.006,1.43,3.052
201906,20.656,17.051,2.541,22.819,4.943,345.548,341.537,14.305,100.98,0.005,3.232
201907,20.666,16.98,2.446,22.983,5.039,340.473,344.913,12.55,101.05,0.0,3.108
201908,21.519,17.898,2.477,24.101,5.047,306.782,351.407,13.156,100.984,0.001,2.985
201909,19.496,16.607,2.803,22.011,4.596,247.228,340.093,12.045,101.042,0.097,2.75
201910,14.85,12.088,3.481,17.786,5.023,195.302,307.9,10.772,101.317,0.003,2.32
201911,10.157,8.141,2.894,12.759,4.071,129.831,306.446,4.702,101.292,1.05,1.97
201912,8.406,7.52,1.537,9.648,2.058,76.503,319.677,1.825,101.57,3.189,2.325
202001,7.502,6.37,1.948,9.005,2.599,99.571,307.793,1.669,102.054,0.807,1.846
202002,9.757,7.633,2.604,12.22,4.066,173.575,292.901,5.195,101.774,0.006,2.394
202003,10.357,8.494,2.04,12.139,3.026,186.352,310.394,4.216,101.455,1.302,2.269
202004,14.316,11.585,2.179,16.389,4.001,258.801,321.534,7.666,101.401,0.722,2.889
202005,18.421,14.776,2.304,20.786,4.623,304.201,332.282,12.276,101.202,0.375,3.09
202006,20.522,16.602,2.447,22.874,4.866,348.281,338.49,14.204,101.001,0.008,3.625
202007,19.932,16.046,2.368,22.381,5.241,344.329,339.314,11.93,100.948,0.0,3.173
202008,21.84,18.461,2.256,24.257,4.854,302.433,360.111,13.698,100.876,0.001,2.881
202009,20.039,17.179,2.782,22.573,4.767,253.27,347.42,11.24,101.122,0.001,2.539
202010,16.711,13.917,3.217,19.721,4.875,189.436,325.602,10.107,101.266,0.001,2.122
202011,9.318,7.382,2.756,11.858,3.678,129.691,297.079,4.424,101.697,0.386,1.941
202012,7.059,5.644,2.363,9.04,3.235,99.954,295.776,3.088,101.954,0.936,1.879
202101,7.744,6.364,2.09,9.566,2.931,102.791,304.97,2.944,101.707,2.025,2.344
202102,9.61,7.807,2.394,11.699,3.526,154.191,297.284,4.768,101.821,0.491,2.483
202103,10.673,8.413,2.744,12.85,4.039,215.127,295.415,6.457,101.626,0.767,2.53
202104,13.896,10.462,2.613,16.547,4.962,291.007,305.07,8.761,101.314,0.099,3.236
202105,17.528,13.784,2.411,19.964,5.011,337.149,320.154,12.073,101.147,0.003,3.733
202106,19.828,16.018,2.113,22.114,4.968,349.268,338.447,12.865,100.934,0.0,3.637
202107,20.727,16.895,2.392,23.143,5.369,338.759,350.819,13.196,100.989,0.001,3.201
202108,20.06,16.482,2.493,22.607,5.313,310.952,343.185,11.983,100.862,0.0,2.949
202109,18.817,15.705,2.902,21.536,5.184,255.091,336.384,11.124,101.096,0.041,2.654
202110,14.27,12.179,2.545,16.489,3.651,160.592,327.861,6.725,101.346,3.04,2.324
202111,10.439,9.151,1.99,12.134,2.763,117.765,315.201,2.587,101.888,0.417,1.576
202112,6.48,5.758,1.584,7.491,1.897,80.441,313.508,1.26,101.439,4.612,2.195
